Simulation_ID,Directory,File,Chain,Type,State,Role,Partner,CoFactor_Name,CoFactor_aC_Dist,CoFactor_ActLoop_Dist,Interface_C_Lobe_Donor_Dist,Interface_N_Lobe_Rec_Dist,R_Spine,C_Spine,C_Helix,Shell_State,Spatial,Dihedral,ActLoop_NT,ActLoop_CT,Phi_D,Psi_D,Cleft_Gape_Dist,Mg_Hijack_Dist,Substrate_Clearance_Angle,D1_Dist,D2_Dist,SB_Dist,HRD_ATP_Dist,DFG_Mg_Dist,DFG_ATP_Dist,PLoop_ATP_Dist,aCb4_aE_Dist,Spine_Bridge_Dist,V104_RS2_Dist,I150_HRD_Dist,Shell_M118_M120_Dist,Y156_N99_Dist,K105_E107_Dist,K105_E121_Dist,K105_N99_Dist,D220_HRD_Dist,ipTM,pTM
csk-wtcat_apo_seed-108409_sample-0_model,csk-wtcat_apo/seed-108409_sample-0,model.cif,A,CSK-WT,Active (BLAminus),Unpaired,,,,,,,Intact,No Ligand,In,Packed,DFGin,BLAminus,NTin,CTin,61.65,76.15,14.42,,,6.4,13.54,2.72,,,,,3.5,8.06,7.36,9.83,3.76,8.17,4.59,3.27,3.54,3.52,N/A,0.94
csk-wtcat_apo_seed-108409_sample-1_model,csk-wtcat_apo/seed-108409_sample-1,model.cif,A,CSK-WT,Active (BLAminus),Unpaired,,,,,,,Intact,No Ligand,In,Packed,DFGin,BLAminus,NTin,CTin,60.66,72.3,14.32,,,6.41,13.56,2.74,,,,,3.4,8.07,7.33,9.83,3.76,8.15,4.6,3.2,3.64,3.54,N/A,0.93
csk-wtcat_apo_seed-108409_sample-2_model,csk-wtcat_apo/seed-108409_sample-2,model.cif,A,CSK-WT,Active (BLAminus),Unpaired,,,,,,,Intact,No Ligand,In,Packed,DFGin,BLAminus,NTin,CTin,61.11,72.36,14.09,,,6.41,13.62,2.82,,,,,3.55,8.1,7.33,9.9,3.73,8.28,4.59,3.25,3.66,3.51,N/A,0.93
csk-wtcat_apo_seed-108409_sample-3_model,csk-wtcat_apo/seed-108409_sample-3,model.cif,A,CSK-WT,Active (BLAminus),Unpaired,,,,,,,Intact,No Ligand,In,Packed,DFGin,BLAminus,NTin,CTin,61.3,74.4,14.51,,,6.38,13.6,2.74,,,,,3.45,8.15,7.39,9.8,3.69,8.09,5.05,3.36,3.51,3.54,N/A,0.93
csk-wtcat_apo_seed-108409_sample-4_model,csk-wtcat_apo/seed-108409_sample-4,model.cif,A,CSK-WT,Active (BLAminus),Unpaired,,,,,,,Intact,No Ligand,In,Packed,DFGin,BLAminus,NTin,CTin,60.92,75.36,14.9,,,6.34,13.64,2.7,,,,,3.43,8.03,7.3,9.81,3.69,8.09,4.5,3.21,3.67,3.53,N/A,0.93
csk-wtcat_apo_seed-111556_sample-0_model,csk-wtcat_apo/seed-111556_sample-0,model.cif,A,CSK-WT,Active (BLAminus),Unpaired,,,,,,,Intact,No Ligand,In,Packed,DFGin,BLAminus,NTin,CTin,60.95,74.56,14.55,,,6.35,13.88,2.82,,,,,3.48,8.12,7.34,9.89,4.06,8.18,4.98,3.35,3.87,3.5,N/A,0.93
csk-wtcat_apo_seed-111556_sample-1_model,csk-wtcat_apo/seed-111556_sample-1,model.cif,A,CSK-WT,Active (BLAminus),Unpaired,,,,,,,Intact,No Ligand,In,Packed,DFGin,BLAminus,NTin,CTin,61.26,78.81,14.28,,,6.42,13.74,2.71,,,,,3.44,8.13,7.37,9.8,3.68,8.16,5.01,3.28,3.49,3.51,N/A,0.93
csk-wtcat_apo_seed-111556_sample-2_model,csk-wtcat_apo/seed-111556_sample-2,model.cif,A,CSK-WT,Active (BLAminus),Unpaired,,,,,,,Intact,No Ligand,In,Packed,DFGin,BLAminus,NTin,CTin,61.68,73.94,14.45,,,6.43,13.65,2.68,,,,,3.43,8.02,7.34,9.85,3.69,8.09,4.6,3.22,3.57,3.53,N/A,0.93
csk-wtcat_apo_seed-111556_sample-3_model,csk-wtcat_apo/seed-111556_sample-3,model.cif,A,CSK-WT,Active (BLAminus),Unpaired,,,,,,,Intact,No Ligand,In,Packed,DFGin,BLAminus,NTin,CTin,62.11,75.23,14.31,,,6.4,13.62,2.75,,,,,3.47,8.07,7.31,9.82,3.8,8.11,4.58,3.22,4.09,3.53,N/A,0.93
csk-wtcat_apo_seed-111556_sample-4_model,csk-wtcat_apo/seed-111556_sample-4,model.cif,A,CSK-WT,Active (BLAminus),Unpaired,,,,,,,Intact,No Ligand,In,Packed,DFGin,BLAminus,NTin,CTin,61.24,76.46,14.16,,,6.36,13.61,2.73,,,,,3.46,8.11,7.37,9.81,3.58,8.15,5.02,3.35,3.47,3.52,N/A,0.94
csk-wtcat_apo_seed-1185465_sample-0_model,csk-wtcat_apo/seed-1185465_sample-0,model.cif,A,CSK-WT,Active (BLAminus),Unpaired,,,,,,,Intact,No Ligand,In,Packed,DFGin,BLAminus,NTin,CTin,60.35,71.75,14.25,,,6.37,13.78,2.77,,,,,3.49,8.11,7.37,9.85,4.02,8.07,5.03,3.35,3.5,3.53,N/A,0.93
csk-wtcat_apo_seed-1185465_sample-1_model,csk-wtcat_apo/seed-1185465_sample-1,model.cif,A,CSK-WT,Active (BLAminus),Unpaired,,,,,,,Intact,No Ligand,In,Packed,DFGin,BLAminus,NTin,CTin,61.04,75.46,14.22,,,6.39,13.65,2.7,,,,,3.42,8.14,7.35,9.75,3.74,8.11,5.05,3.38,3.99,3.51,N/A,0.93
csk-wtcat_apo_seed-1185465_sample-2_model,csk-wtcat_apo/seed-1185465_sample-2,model.cif,A,CSK-WT,Active (BLAminus),Unpaired,,,,,,,Intact,No Ligand,In,Packed,DFGin,BLAminus,NTin,CTin,61.15,73.76,14.28,,,6.35,13.68,2.76,,,,,3.42,8.09,7.35,9.77,3.68,8.13,4.97,3.31,3.58,3.52,N/A,0.93
csk-wtcat_apo_seed-1185465_sample-3_model,csk-wtcat_apo/seed-1185465_sample-3,model.cif,A,CSK-WT,Active (BLAminus),Unpaired,,,,,,,Intact,No Ligand,In,Packed,DFGin,BLAminus,NTin,CTin,61.1,72.49,14.33,,,6.43,13.7,2.78,,,,,3.49,8.05,7.34,9.84,3.99,8.16,4.54,3.26,3.51,3.53,N/A,0.93
csk-wtcat_apo_seed-1185465_sample-4_model,csk-wtcat_apo/seed-1185465_sample-4,model.cif,A,CSK-WT,Active (BLAminus),Unpaired,,,,,,,Intact,No Ligand,In,Packed,DFGin,BLAminus,NTin,CTin,61.24,73.31,14.7,,,6.39,13.9,2.9,,,,,3.45,8.11,7.36,9.82,3.74,8.06,4.96,3.34,3.54,3.54,N/A,0.93
csk-wtcat_apo_seed-1196810_sample-0_model,csk-wtcat_apo/seed-1196810_sample-0,model.cif,A,CSK-WT,Active (BLAminus),Unpaired,,,,,,,Intact,No Ligand,In,Packed,DFGin,BLAminus,NTin,CTin,61.17,71.8,14.6,,,6.4,13.88,2.82,,,,,3.52,8.03,7.33,9.85,4.08,8.1,4.62,3.28,3.61,3.51,N/A,0.93
csk-wtcat_apo_seed-1196810_sample-1_model,csk-wtcat_apo/seed-1196810_sample-1,model.cif,A,CSK-WT,Inactive (BLBminus),Unpaired,,,,,,,Intact,No Ligand,In,Packed,DFGin,BLBminus,NTout,CTin,53.45,69.91,15.19,,,5.54,14.62,3.74,,,,,3.52,8.08,7.26,9.94,4.13,9.74,4.89,3.37,3.97,3.51,N/A,0.92
csk-wtcat_apo_seed-1196810_sample-2_model,csk-wtcat_apo/seed-1196810_sample-2,model.cif,A,CSK-WT,Active (BLAminus),Unpaired,,,,,,,Intact,No Ligand,In,Packed,DFGin,BLAminus,NTin,CTin,61.82,73.21,14.82,,,6.41,14.03,2.67,,,,,3.5,8.03,7.32,9.89,4.12,8.16,4.57,3.29,3.48,3.55,N/A,0.93
csk-wtcat_apo_seed-1196810_sample-3_model,csk-wtcat_apo/seed-1196810_sample-3,model.cif,A,CSK-WT,Active (BLAminus),Unpaired,,,,,,,Intact,No Ligand,In,Packed,DFGin,BLAminus,NTin,CTin,60.81,75.41,14.31,,,6.34,13.59,2.71,,,,,3.47,8.03,7.32,9.79,3.77,8.07,4.53,3.25,3.49,3.53,N/A,0.93
csk-wtcat_apo_seed-1196810_sample-4_model,csk-wtcat_apo/seed-1196810_sample-4,model.cif,A,CSK-WT,Active (BLAminus),Unpaired,,,,,,,Intact,No Ligand,In,Packed,DFGin,BLAminus,NTin,CTin,61.03,72.66,13.88,,,6.48,13.46,2.78,,,,,3.47,8.13,7.4,9.75,3.78,8.03,5.02,3.33,3.7,3.51,N/A,0.93
csk-wtcat_apo_seed-1209607_sample-0_model,csk-wtcat_apo/seed-1209607_sample-0,model.cif,A,CSK-WT,Active (BLAminus),Unpaired,,,,,,,Intact,No Ligand,In,Packed,DFGin,BLAminus,NTin,CTin,60.97,73.2,14.15,,,6.45,13.5,2.75,,,,,3.48,8.14,7.38,9.85,3.78,8.09,5.09,3.36,4.18,3.54,N/A,0.93
csk-wtcat_apo_seed-1209607_sample-1_model,csk-wtcat_apo/seed-1209607_sample-1,model.cif,A,CSK-WT,Active (BLAminus),Unpaired,,,,,,,Intact,No Ligand,In,Packed,DFGin,BLAminus,NTin,CTin,61.26,74.8,14.39,,,6.43,13.74,2.78,,,,,3.45,8.07,7.31,9.85,3.64,8.08,4.57,3.22,3.59,3.54,N/A,0.93
csk-wtcat_apo_seed-1209607_sample-2_model,csk-wtcat_apo/seed-1209607_sample-2,model.cif,A,CSK-WT,Active (BLAminus),Unpaired,,,,,,,Intact,No Ligand,In,Packed,DFGin,BLAminus,NTin,CTin,61.16,73.82,14.3,,,6.4,13.65,2.74,,,,,3.44,8.14,7.37,9.82,3.69,8.04,5.07,3.34,3.53,3.55,N/A,0.93
csk-wtcat_apo_seed-1209607_sample-3_model,csk-wtcat_apo/seed-1209607_sample-3,model.cif,A,CSK-WT,Active (BLAminus),Unpaired,,,,,,,Intact,No Ligand,In,Packed,DFGin,BLAminus,NTin,CTin,61.85,72.16,14.14,,,6.45,13.57,2.75,,,,,3.5,8.07,7.32,9.81,3.7,8.1,4.6,3.21,3.85,3.53,N/A,0.93
csk-wtcat_apo_seed-1209607_sample-4_model,csk-wtcat_apo/seed-1209607_sample-4,model.cif,A,CSK-WT,Active (BLAminus),Unpaired,,,,,,,Intact,No Ligand,In,Packed,DFGin,BLAminus,NTin,CTin,60.4,74.85,14.71,,,6.45,13.68,2.73,,,,,3.51,8.07,7.36,9.78,3.72,7.98,4.99,3.34,3.58,3.5,N/A,0.93
csk-wtcat_apo_seed-1270458_sample-0_model,csk-wtcat_apo/seed-1270458_sample-0,model.cif,A,CSK-WT,Active (BLAminus),Unpaired,,,,,,,Intact,No Ligand,In,Packed,DFGin,BLAminus,NTin,CTin,61.53,74.48,13.86,,,6.4,13.47,2.77,,,,,3.48,8.09,7.33,9.79,3.77,8.05,4.59,3.24,3.79,3.53,N/A,0.93
csk-wtcat_apo_seed-1270458_sample-1_model,csk-wtcat_apo/seed-1270458_sample-1,model.cif,A,CSK-WT,Active (BLAminus),Unpaired,,,,,,,Intact,No Ligand,In,Packed,DFGin,BLAminus,NTin,CTin,61.43,77.83,14.1,,,6.39,13.63,2.73,,,,,3.43,8.12,7.38,9.76,3.74,8.0,5.05,3.31,3.63,3.54,N/A,0.93
csk-wtcat_apo_seed-1270458_sample-2_model,csk-wtcat_apo/seed-1270458_sample-2,model.cif,A,CSK-WT,Active (BLAminus),Unpaired,,,,,,,Intact,No Ligand,In,Packed,DFGin,BLAminus,NTin,CTin,60.9,73.78,14.05,,,6.42,13.67,2.84,,,,,3.49,8.08,7.35,9.84,3.58,8.08,4.78,3.21,2.9,3.52,N/A,0.93
csk-wtcat_apo_seed-1270458_sample-3_model,csk-wtcat_apo/seed-1270458_sample-3,model.cif,A,CSK-WT,Active (BLAminus),Unpaired,,,,,,,Intact,No Ligand,In,Packed,DFGin,BLAminus,NTin,CTin,58.6,66.39,14.24,,,6.45,13.93,3.11,,,,,3.41,8.12,7.28,9.86,3.82,8.23,4.58,3.27,3.62,3.54,N/A,0.93
csk-wtcat_apo_seed-1270458_sample-4_model,csk-wtcat_apo/seed-1270458_sample-4,model.cif,A,CSK-WT,Active (BLAminus),Unpaired,,,,,,,Intact,No Ligand,In,Packed,DFGin,BLAminus,NTin,CTin,61.28,74.55,14.07,,,6.45,13.66,2.73,,,,,3.47,8.07,7.31,9.75,3.74,8.06,4.6,3.24,3.54,3.54,N/A,0.93
csk-wtcat_apo_seed-1321773_sample-0_model,csk-wtcat_apo/seed-1321773_sample-0,model.cif,A,CSK-WT,Active (BLAminus),Unpaired,,,,,,,Intact,No Ligand,In,Packed,DFGin,BLAminus,NTin,CTin,61.29,71.57,14.79,,,6.45,13.76,2.81,,,,,3.51,8.09,7.32,9.83,3.98,8.06,4.65,3.21,3.7,3.54,N/A,0.93
csk-wtcat_apo_seed-1321773_sample-1_model,csk-wtcat_apo/seed-1321773_sample-1,model.cif,A,CSK-WT,Active (BLAminus),Unpaired,,,,,,,Intact,No Ligand,In,Packed,DFGin,BLAminus,NTin,CTin,61.09,72.65,14.06,,,6.44,13.71,2.74,,,,,3.46,8.08,7.31,9.81,3.67,8.12,4.59,3.2,3.72,3.54,N/A,0.93
csk-wtcat_apo_seed-1321773_sample-2_model,csk-wtcat_apo/seed-1321773_sample-2,model.cif,A,CSK-WT,Active (BLAminus),Unpaired,,,,,,,Intact,No Ligand,In,Packed,DFGin,BLAminus,NTin,CTin,60.6,73.68,14.64,,,6.38,13.77,2.7,,,,,3.47,8.12,7.38,9.8,3.72,8.13,5.0,3.28,3.5,3.51,N/A,0.93
csk-wtcat_apo_seed-1321773_sample-3_model,csk-wtcat_apo/seed-1321773_sample-3,model.cif,A,CSK-WT,Active (BLAminus),Unpaired,,,,,,,Intact,No Ligand,In,Packed,DFGin,BLAminus,NTin,CTin,61.18,75.46,14.64,,,6.31,13.86,2.7,,,,,3.47,8.03,7.33,9.8,3.66,8.12,4.59,3.21,3.56,3.52,N/A,0.93
csk-wtcat_apo_seed-1321773_sample-4_model,csk-wtcat_apo/seed-1321773_sample-4,model.cif,A,CSK-WT,Active (BLAminus),Unpaired,,,,,,,Intact,No Ligand,In,Packed,DFGin,BLAminus,NTin,CTin,60.06,70.62,14.38,,,6.68,14.06,3.36,,,,,3.46,8.06,7.36,10.01,3.84,8.22,4.57,3.25,3.32,3.51,N/A,0.93
csk-wtcat_apo_seed-1328343_sample-0_model,csk-wtcat_apo/seed-1328343_sample-0,model.cif,A,CSK-WT,Active (BLAminus),Unpaired,,,,,,,Intact,No Ligand,In,Packed,DFGin,BLAminus,NTin,CTin,61.12,73.4,13.73,,,6.4,13.6,2.76,,,,,3.45,8.08,7.34,9.8,3.73,8.09,4.64,3.23,4.84,3.52,N/A,0.93
csk-wtcat_apo_seed-1328343_sample-1_model,csk-wtcat_apo/seed-1328343_sample-1,model.cif,A,CSK-WT,Active (BLAminus),Unpaired,,,,,,,Intact,No Ligand,In,Packed,DFGin,BLAminus,NTin,CTin,60.37,75.45,14.18,,,6.39,13.61,2.75,,,,,3.42,8.14,7.34,9.84,3.7,8.06,5.01,3.29,3.61,3.53,N/A,0.93
csk-wtcat_apo_seed-1328343_sample-2_model,csk-wtcat_apo/seed-1328343_sample-2,model.cif,A,CSK-WT,Inactive (BLBminus),Unpaired,,,,,,,Intact,No Ligand,In,Packed,DFGin,BLBminus,NTin,CTin,54.16,69.38,15.18,,,6.23,14.45,3.23,,,,,3.23,8.12,7.38,9.98,4.12,8.03,4.96,3.43,3.64,3.53,N/A,0.92
csk-wtcat_apo_seed-1328343_sample-3_model,csk-wtcat_apo/seed-1328343_sample-3,model.cif,A,CSK-WT,Active (BLAminus),Unpaired,,,,,,,Intact,No Ligand,In,Packed,DFGin,BLAminus,NTin,CTin,60.42,73.65,14.32,,,6.33,13.58,2.74,,,,,3.42,8.13,7.35,9.81,3.7,8.04,5.0,3.33,3.53,3.52,N/A,0.93
csk-wtcat_apo_seed-1328343_sample-4_model,csk-wtcat_apo/seed-1328343_sample-4,model.cif,A,CSK-WT,Active (BLAminus),Unpaired,,,,,,,Intact,No Ligand,In,Packed,DFGin,BLAminus,NTin,CTin,62.55,69.39,14.09,,,6.43,13.58,2.73,,,,,3.42,8.15,7.36,9.77,3.75,8.03,5.05,3.34,3.61,3.53,N/A,0.93
csk-wtcat_apo_seed-1332499_sample-0_model,csk-wtcat_apo/seed-1332499_sample-0,model.cif,A,CSK-WT,Active (BLAminus),Unpaired,,,,,,,Intact,No Ligand,In,Packed,DFGin,BLAminus,NTin,CTin,61.46,73.78,14.29,,,6.43,13.72,2.71,,,,,3.43,8.12,7.36,9.83,3.72,8.03,5.04,3.34,3.53,3.51,N/A,0.93
csk-wtcat_apo_seed-1332499_sample-1_model,csk-wtcat_apo/seed-1332499_sample-1,model.cif,A,CSK-WT,Active (BLAminus),Unpaired,,,,,,,Intact,No Ligand,In,Packed,DFGin,BLAminus,NTin,CTin,60.71,72.56,13.57,,,6.37,13.5,2.74,,,,,3.42,8.14,7.36,9.87,3.74,8.2,5.06,3.32,4.06,3.52,N/A,0.93
csk-wtcat_apo_seed-1332499_sample-2_model,csk-wtcat_apo/seed-1332499_sample-2,model.cif,A,CSK-WT,Active (BLAminus),Unpaired,,,,,,,Intact,No Ligand,In,Packed,DFGin,BLAminus,NTin,CTin,61.76,74.3,14.07,,,6.44,13.49,2.77,,,,,3.47,8.06,7.36,9.84,3.72,8.16,4.63,3.23,3.45,3.53,N/A,0.93
csk-wtcat_apo_seed-1332499_sample-3_model,csk-wtcat_apo/seed-1332499_sample-3,model.cif,A,CSK-WT,Active (BLAminus),Unpaired,,,,,,,Intact,No Ligand,In,Packed,DFGin,BLAminus,NTin,CTin,61.06,73.95,13.96,,,6.45,13.63,2.75,,,,,3.47,8.13,7.41,9.89,3.73,8.2,5.05,3.35,4.63,3.5,N/A,0.93
csk-wtcat_apo_seed-1332499_sample-4_model,csk-wtcat_apo/seed-1332499_sample-4,model.cif,A,CSK-WT,Active (BLAminus),Unpaired,,,,,,,Intact,No Ligand,In,Packed,DFGin,BLAminus,NTin,CTin,61.78,73.69,14.69,,,6.43,13.79,2.77,,,,,3.48,8.09,7.34,9.81,4.02,8.03,4.96,3.39,3.61,3.52,N/A,0.93
csk-wtcat_apo_seed-1336202_sample-0_model,csk-wtcat_apo/seed-1336202_sample-0,model.cif,A,CSK-WT,Active (BLAminus),Unpaired,,,,,,,Intact,No Ligand,In,Packed,DFGin,BLAminus,NTin,CTin,60.65,75.63,13.99,,,6.44,13.6,2.77,,,,,3.47,8.07,7.36,9.81,3.72,8.12,4.59,3.2,3.62,3.52,N/A,0.93
csk-wtcat_apo_seed-1336202_sample-1_model,csk-wtcat_apo/seed-1336202_sample-1,model.cif,A,CSK-WT,Active (BLAminus),Unpaired,,,,,,,Intact,No Ligand,In,Packed,DFGin,BLAminus,NTin,CTin,61.56,74.41,14.04,,,6.43,13.7,2.75,,,,,3.44,8.12,7.35,9.83,3.71,8.14,4.65,3.27,3.74,3.55,N/A,0.93
csk-wtcat_apo_seed-1336202_sample-2_model,csk-wtcat_apo/seed-1336202_sample-2,model.cif,A,CSK-WT,Active (BLAminus),Unpaired,,,,,,,Intact,No Ligand,In,Packed,DFGin,BLAminus,NTin,CTin,61.02,72.06,13.97,,,6.34,13.54,2.77,,,,,3.43,8.01,7.28,9.75,3.72,7.99,4.47,3.18,3.6,3.53,N/A,0.93
csk-wtcat_apo_seed-1336202_sample-3_model,csk-wtcat_apo/seed-1336202_sample-3,model.cif,A,CSK-WT,Active (BLAminus),Unpaired,,,,,,,Intact,No Ligand,In,Packed,DFGin,BLAminus,NTin,CTin,61.57,74.88,14.68,,,6.41,13.6,2.69,,,,,3.45,8.05,7.31,9.8,3.75,8.12,4.53,3.2,3.55,3.51,N/A,0.93
csk-wtcat_apo_seed-1336202_sample-4_model,csk-wtcat_apo/seed-1336202_sample-4,model.cif,A,CSK-WT,Active (BLAminus),Unpaired,,,,,,,Intact,No Ligand,In,Packed,DFGin,BLAminus,NTin,CTin,61.02,74.27,14.32,,,6.44,13.74,2.72,,,,,3.45,8.08,7.32,9.78,3.67,8.05,4.55,3.21,3.67,3.54,N/A,0.93
csk-wtcat_apo_seed-136750_sample-0_model,csk-wtcat_apo/seed-136750_sample-0,model.cif,A,CSK-WT,Active (BLAminus),Unpaired,,,,,,,Intact,No Ligand,In,Packed,DFGin,BLAminus,NTin,CTin,61.19,72.66,15.17,,,6.39,14.18,2.76,,,,,3.49,8.1,7.34,9.84,4.11,8.09,4.91,3.37,3.54,3.51,N/A,0.93
csk-wtcat_apo_seed-136750_sample-1_model,csk-wtcat_apo/seed-136750_sample-1,model.cif,A,CSK-WT,Active (BLAminus),Unpaired,,,,,,,Intact,No Ligand,In,Packed,DFGin,BLAminus,NTin,CTin,61.62,76.19,14.26,,,6.4,13.64,2.72,,,,,3.43,8.13,7.38,9.81,3.73,8.05,5.02,3.32,3.61,3.54,N/A,0.93
csk-wtcat_apo_seed-136750_sample-2_model,csk-wtcat_apo/seed-136750_sample-2,model.cif,A,CSK-WT,Active (BLAminus),Unpaired,,,,,,,Intact,No Ligand,In,Packed,DFGin,BLAminus,NTin,CTin,61.95,72.72,13.76,,,6.38,13.44,2.75,,,,,3.4,8.07,7.32,9.81,3.8,8.09,4.55,3.23,4.4,3.54,N/A,0.93
csk-wtcat_apo_seed-136750_sample-3_model,csk-wtcat_apo/seed-136750_sample-3,model.cif,A,CSK-WT,Active (BLAminus),Unpaired,,,,,,,Intact,No Ligand,In,Packed,DFGin,BLAminus,NTin,CTin,61.64,76.16,14.42,,,6.35,13.82,2.77,,,,,3.47,8.1,7.34,9.78,3.64,8.15,4.65,3.24,3.71,3.53,N/A,0.93
csk-wtcat_apo_seed-136750_sample-4_model,csk-wtcat_apo/seed-136750_sample-4,model.cif,A,CSK-WT,Active (BLAminus),Unpaired,,,,,,,Intact,No Ligand,In,Packed,DFGin,BLAminus,NTin,CTin,61.73,77.49,14.45,,,6.33,13.75,2.75,,,,,3.42,8.09,7.38,9.83,3.71,8.04,4.98,3.33,3.56,3.53,N/A,0.93
csk-wtcat_apo_seed-1368324_sample-0_model,csk-wtcat_apo/seed-1368324_sample-0,model.cif,A,CSK-WT,Active (BLAminus),Unpaired,,,,,,,Intact,No Ligand,In,Packed,DFGin,BLAminus,NTin,CTin,60.68,75.16,13.9,,,6.41,13.51,2.78,,,,,3.4,8.11,7.38,9.83,3.74,8.08,5.04,3.3,3.63,3.52,N/A,0.93
csk-wtcat_apo_seed-1368324_sample-1_model,csk-wtcat_apo/seed-1368324_sample-1,model.cif,A,CSK-WT,Active (BLAminus),Unpaired,,,,,,,Intact,No Ligand,In,Packed,DFGin,BLAminus,NTin,CTin,61.29,74.89,14.61,,,6.37,13.72,2.76,,,,,3.47,8.14,7.36,9.76,3.67,8.04,5.01,3.31,3.61,3.54,N/A,0.93
csk-wtcat_apo_seed-1368324_sample-2_model,csk-wtcat_apo/seed-1368324_sample-2,model.cif,A,CSK-WT,Active (BLAminus),Unpaired,,,,,,,Intact,No Ligand,In,Packed,DFGin,BLAminus,NTin,CTin,61.61,74.87,14.91,,,6.41,13.57,2.68,,,,,3.42,8.1,7.37,9.74,3.72,8.05,5.01,3.33,4.03,3.52,N/A,0.93
csk-wtcat_apo_seed-1368324_sample-3_model,csk-wtcat_apo/seed-1368324_sample-3,model.cif,A,CSK-WT,Active (BLAminus),Unpaired,,,,,,,Intact,No Ligand,In,Packed,DFGin,BLAminus,NTin,CTin,61.51,73.34,13.93,,,6.41,13.48,2.77,,,,,3.45,8.11,7.32,9.82,3.71,8.13,4.61,3.22,3.58,3.52,N/A,0.94
csk-wtcat_apo_seed-1368324_sample-4_model,csk-wtcat_apo/seed-1368324_sample-4,model.cif,A,CSK-WT,Active (BLAminus),Unpaired,,,,,,,Intact,No Ligand,In,Packed,DFGin,BLAminus,NTin,CTin,61.63,71.97,13.99,,,6.45,13.64,2.71,,,,,3.43,8.12,7.31,9.88,3.68,8.16,4.51,3.18,3.55,3.51,N/A,0.94
csk-wtcat_apo_seed-1390232_sample-0_model,csk-wtcat_apo/seed-1390232_sample-0,model.cif,A,CSK-WT,Active (BLAminus),Unpaired,,,,,,,Intact,No Ligand,In,Packed,DFGin,BLAminus,NTin,CTin,61.24,74.89,14.27,,,6.38,13.73,2.65,,,,,3.46,8.02,7.31,9.77,3.76,8.03,4.54,3.19,3.62,3.53,N/A,0.93
csk-wtcat_apo_seed-1390232_sample-1_model,csk-wtcat_apo/seed-1390232_sample-1,model.cif,A,CSK-WT,Active (BLAminus),Unpaired,,,,,,,Intact,No Ligand,In,Packed,DFGin,BLAminus,NTin,CTin,60.58,72.58,14.08,,,6.43,13.59,2.74,,,,,3.47,8.14,7.36,9.82,3.71,8.09,4.75,3.28,3.69,3.54,N/A,0.93
csk-wtcat_apo_seed-1390232_sample-2_model,csk-wtcat_apo/seed-1390232_sample-2,model.cif,A,CSK-WT,Inactive (BLBminus),Unpaired,,,,,,,Intact,No Ligand,In,Packed,DFGin,BLBminus,NTin,CTin,56.67,56.99,14.91,,,6.37,13.9,3.5,,,,,3.57,8.06,7.34,9.97,4.04,7.95,4.58,3.31,3.66,3.55,N/A,0.92
csk-wtcat_apo_seed-1390232_sample-3_model,csk-wtcat_apo/seed-1390232_sample-3,model.cif,A,CSK-WT,Active (BLAminus),Unpaired,,,,,,,Intact,No Ligand,In,Packed,DFGin,BLAminus,NTin,CTin,60.9,71.03,14.38,,,6.44,13.82,3.19,,,,,3.49,8.09,7.29,9.93,4.09,8.18,4.53,3.28,4.62,3.55,N/A,0.93
csk-wtcat_apo_seed-1390232_sample-4_model,csk-wtcat_apo/seed-1390232_sample-4,model.cif,A,CSK-WT,Active (BLAminus),Unpaired,,,,,,,Intact,No Ligand,In,Packed,DFGin,BLAminus,NTin,CTin,61.52,74.24,14.16,,,6.38,13.77,2.69,,,,,3.46,8.06,7.31,9.8,3.71,8.05,4.6,3.28,3.69,3.54,N/A,0.93
csk-wtcat_apo_seed-1537969_sample-0_model,csk-wtcat_apo/seed-1537969_sample-0,model.cif,A,CSK-WT,Active (BLAminus),Unpaired,,,,,,,Intact,No Ligand,In,Packed,DFGin,BLAminus,NTin,CTin,61.93,71.54,13.92,,,6.38,13.56,2.79,,,,,3.44,8.07,7.28,9.76,3.7,8.02,4.58,3.21,4.92,3.53,N/A,0.93
csk-wtcat_apo_seed-1537969_sample-1_model,csk-wtcat_apo/seed-1537969_sample-1,model.cif,A,CSK-WT,Active (BLAminus),Unpaired,,,,,,,Intact,No Ligand,In,Packed,DFGin,BLAminus,NTin,CTin,61.6,73.54,14.05,,,6.39,13.46,2.75,,,,,3.45,8.1,7.38,9.79,3.76,8.03,5.02,3.34,3.57,3.51,N/A,0.93
csk-wtcat_apo_seed-1537969_sample-2_model,csk-wtcat_apo/seed-1537969_sample-2,model.cif,A,CSK-WT,Active (BLAminus),Unpaired,,,,,,,Intact,No Ligand,In,Packed,DFGin,BLAminus,NTin,CTin,61.56,75.4,14.0,,,6.42,13.69,2.72,,,,,3.46,8.08,7.36,9.76,3.68,8.03,4.93,3.3,4.84,3.54,N/A,0.93
csk-wtcat_apo_seed-1537969_sample-3_model,csk-wtcat_apo/seed-1537969_sample-3,model.cif,A,CSK-WT,Active (BLAminus),Unpaired,,,,,,,Intact,No Ligand,In,Packed,DFGin,BLAminus,NTin,CTin,61.62,74.56,13.93,,,6.4,13.58,2.7,,,,,3.44,8.12,7.32,9.79,3.78,8.1,4.61,3.24,4.87,3.56,N/A,0.93
csk-wtcat_apo_seed-1537969_sample-4_model,csk-wtcat_apo/seed-1537969_sample-4,model.cif,A,CSK-WT,Active (BLAminus),Unpaired,,,,,,,Intact,No Ligand,In,Packed,DFGin,BLAminus,NTin,CTin,61.2,74.29,13.94,,,6.44,13.59,2.77,,,,,3.44,8.05,7.29,9.85,3.74,8.1,4.5,3.2,3.53,3.52,N/A,0.93
csk-wtcat_apo_seed-1549447_sample-0_model,csk-wtcat_apo/seed-1549447_sample-0,model.cif,A,CSK-WT,Active (BLAminus),Unpaired,,,,,,,Intact,No Ligand,In,Packed,DFGin,BLAminus,NTin,CTin,62.61,72.57,14.2,,,6.44,13.54,2.72,,,,,3.54,8.06,7.34,9.8,3.75,8.09,4.59,3.21,3.49,3.51,N/A,0.93
csk-wtcat_apo_seed-1549447_sample-1_model,csk-wtcat_apo/seed-1549447_sample-1,model.cif,A,CSK-WT,Active (BLAminus),Unpaired,,,,,,,Intact,No Ligand,In,Packed,DFGin,BLAminus,NTin,CTin,61.34,74.09,14.4,,,6.41,13.67,2.7,,,,,3.5,8.07,7.36,9.78,3.71,8.06,4.97,3.27,3.47,3.52,N/A,0.93
csk-wtcat_apo_seed-1549447_sample-2_model,csk-wtcat_apo/seed-1549447_sample-2,model.cif,A,CSK-WT,Active (BLAminus),Unpaired,,,,,,,Intact,No Ligand,In,Packed,DFGin,BLAminus,NTin,CTin,61.11,73.42,14.24,,,6.42,13.79,2.73,,,,,3.5,8.06,7.34,9.81,3.7,8.11,4.62,3.23,3.45,3.5,N/A,0.93
csk-wtcat_apo_seed-1549447_sample-3_model,csk-wtcat_apo/seed-1549447_sample-3,model.cif,A,CSK-WT,Active (BLAminus),Unpaired,,,,,,,Intact,No Ligand,In,Packed,DFGin,BLAminus,NTin,CTin,61.99,71.63,13.96,,,6.44,13.59,2.77,,,,,3.49,8.12,7.3,9.8,3.72,8.14,4.59,3.21,4.92,3.5,N/A,0.93
csk-wtcat_apo_seed-1549447_sample-4_model,csk-wtcat_apo/seed-1549447_sample-4,model.cif,A,CSK-WT,Active (BLAminus),Unpaired,,,,,,,Intact,No Ligand,In,Packed,DFGin,BLAminus,NTin,CTin,58.58,67.95,14.04,,,6.45,13.68,2.72,,,,,3.47,8.12,7.37,9.81,3.7,8.06,5.01,3.28,3.45,3.51,N/A,0.93
csk-wtcat_apo_seed-1583322_sample-0_model,csk-wtcat_apo/seed-1583322_sample-0,model.cif,A,CSK-WT,Active (BLAminus),Unpaired,,,,,,,Intact,No Ligand,In,Packed,DFGin,BLAminus,NTin,CTin,61.85,73.12,14.21,,,6.42,13.56,2.82,,,,,3.49,8.08,7.26,9.81,3.72,8.01,4.53,3.2,4.23,3.53,N/A,0.93
csk-wtcat_apo_seed-1583322_sample-1_model,csk-wtcat_apo/seed-1583322_sample-1,model.cif,A,CSK-WT,Active (BLAminus),Unpaired,,,,,,,Intact,No Ligand,In,Packed,DFGin,BLAminus,NTin,CTin,61.69,73.23,14.17,,,6.37,13.66,2.74,,,,,3.45,8.09,7.29,9.81,3.78,8.04,4.59,3.24,5.0,3.53,N/A,0.93
csk-wtcat_apo_seed-1583322_sample-2_model,csk-wtcat_apo/seed-1583322_sample-2,model.cif,A,CSK-WT,Active (BLAminus),Unpaired,,,,,,,Intact,No Ligand,In,Packed,DFGin,BLAminus,NTin,CTin,58.39,68.15,14.24,,,6.45,13.75,2.82,,,,,3.47,8.07,7.27,9.76,4.04,8.06,4.52,3.22,4.26,3.54,N/A,0.94
csk-wtcat_apo_seed-1583322_sample-3_model,csk-wtcat_apo/seed-1583322_sample-3,model.cif,A,CSK-WT,Active (BLAminus),Unpaired,,,,,,,Intact,No Ligand,In,Packed,DFGin,BLAminus,NTin,CTin,61.48,76.33,14.02,,,6.33,13.56,2.72,,,,,3.42,8.08,7.38,9.8,3.81,8.1,5.02,3.32,3.39,3.53,N/A,0.94
csk-wtcat_apo_seed-1583322_sample-4_model,csk-wtcat_apo/seed-1583322_sample-4,model.cif,A,CSK-WT,Active (BLAminus),Unpaired,,,,,,,Intact,No Ligand,In,Packed,DFGin,BLAminus,NTin,CTin,61.53,74.66,14.43,,,6.42,13.74,2.73,,,,,3.51,8.13,7.38,9.8,3.69,8.09,5.02,3.39,3.63,3.54,N/A,0.93
csk-wtcat_apo_seed-1606512_sample-0_model,csk-wtcat_apo/seed-1606512_sample-0,model.cif,A,CSK-WT,Active (BLAminus),Unpaired,,,,,,,Intact,No Ligand,In,Packed,DFGin,BLAminus,NTin,CTin,62.0,74.15,14.79,,,6.43,13.73,2.74,,,,,3.42,8.07,7.34,9.77,3.74,8.04,4.63,3.25,3.74,3.5,N/A,0.94
csk-wtcat_apo_seed-1606512_sample-1_model,csk-wtcat_apo/seed-1606512_sample-1,model.cif,A,CSK-WT,Active (BLAminus),Unpaired,,,,,,,Intact,No Ligand,In,Packed,DFGin,BLAminus,NTin,CTin,60.64,73.25,14.2,,,6.44,13.47,2.75,,,,,3.47,8.11,7.4,9.87,3.73,8.12,5.0,3.3,3.67,3.51,N/A,0.93
csk-wtcat_apo_seed-1606512_sample-2_model,csk-wtcat_apo/seed-1606512_sample-2,model.cif,A,CSK-WT,Active (BLAminus),Unpaired,,,,,,,Intact,No Ligand,In,Packed,DFGin,BLAminus,NTin,CTin,61.15,76.94,14.15,,,6.39,13.59,2.69,,,,,3.48,8.14,7.37,9.76,3.74,8.05,5.05,3.32,4.11,3.51,N/A,0.94
csk-wtcat_apo_seed-1606512_sample-3_model,csk-wtcat_apo/seed-1606512_sample-3,model.cif,A,CSK-WT,Active (BLAminus),Unpaired,,,,,,,Intact,No Ligand,In,Packed,DFGin,BLAminus,NTin,CTin,61.22,74.7,14.1,,,6.45,13.48,2.74,,,,,3.39,8.11,7.37,9.77,3.73,8.02,4.99,3.33,3.58,3.51,N/A,0.93
csk-wtcat_apo_seed-1606512_sample-4_model,csk-wtcat_apo/seed-1606512_sample-4,model.cif,A,CSK-WT,Active (BLAminus),Unpaired,,,,,,,Intact,No Ligand,In,Packed,DFGin,BLAminus,NTin,CTin,61.47,72.51,15.26,,,6.39,13.94,2.97,,,,,3.42,8.12,7.31,9.81,4.09,8.06,4.96,3.41,4.12,3.51,N/A,0.93
csk-wtcat_apo_seed-1652918_sample-0_model,csk-wtcat_apo/seed-1652918_sample-0,model.cif,A,CSK-WT,Active (BLAminus),Unpaired,,,,,,,Intact,No Ligand,In,Packed,DFGin,BLAminus,NTin,CTin,61.6,73.66,14.06,,,6.5,13.57,2.72,,,,,3.48,8.04,7.36,9.91,3.8,8.16,4.6,3.21,3.39,3.52,N/A,0.93
csk-wtcat_apo_seed-1652918_sample-1_model,csk-wtcat_apo/seed-1652918_sample-1,model.cif,A,CSK-WT,Active (BLAminus),Unpaired,,,,,,,Intact,No Ligand,In,Packed,DFGin,BLAminus,NTin,CTin,60.12,73.0,14.17,,,6.45,13.55,2.76,,,,,3.45,8.11,7.36,9.81,3.63,8.11,5.02,3.32,3.58,3.5,N/A,0.93
csk-wtcat_apo_seed-1652918_sample-2_model,csk-wtcat_apo/seed-1652918_sample-2,model.cif,A,CSK-WT,Active (BLAminus),Unpaired,,,,,,,Intact,No Ligand,In,Packed,DFGin,BLAminus,NTin,CTin,61.12,73.45,13.9,,,6.39,13.56,2.71,,,,,3.45,8.13,7.33,9.75,3.7,7.99,5.02,3.28,3.56,3.52,N/A,0.93
csk-wtcat_apo_seed-1652918_sample-3_model,csk-wtcat_apo/seed-1652918_sample-3,model.cif,A,CSK-WT,Active (BLAminus),Unpaired,,,,,,,Intact,No Ligand,In,Packed,DFGin,BLAminus,NTin,CTin,61.64,74.2,14.62,,,6.4,13.87,2.71,,,,,3.48,8.09,7.37,9.78,3.67,8.07,5.02,3.31,3.72,3.51,N/A,0.93
csk-wtcat_apo_seed-1652918_sample-4_model,csk-wtcat_apo/seed-1652918_sample-4,model.cif,A,CSK-WT,Active (BLAminus),Unpaired,,,,,,,Intact,No Ligand,In,Packed,DFGin,BLAminus,NTin,CTin,61.61,76.21,14.88,,,6.35,13.84,2.75,,,,,3.53,8.1,7.37,9.79,4.12,8.0,4.98,3.36,2.96,3.52,N/A,0.93
csk-wtcat_apo_seed-1682480_sample-0_model,csk-wtcat_apo/seed-1682480_sample-0,model.cif,A,CSK-WT,Active (BLAminus),Unpaired,,,,,,,Intact,No Ligand,In,Packed,DFGin,BLAminus,NTin,CTin,61.45,75.76,14.44,,,6.33,13.75,2.7,,,,,3.49,8.08,7.35,9.82,3.68,8.07,4.95,3.28,3.52,3.52,N/A,0.93
csk-wtcat_apo_seed-1682480_sample-1_model,csk-wtcat_apo/seed-1682480_sample-1,model.cif,A,CSK-WT,Active (BLAminus),Unpaired,,,,,,,Intact,No Ligand,In,Packed,DFGin,BLAminus,NTin,CTin,61.1,73.76,14.27,,,6.41,13.7,2.76,,,,,3.48,8.14,7.35,9.86,3.69,8.11,4.98,3.34,3.61,3.52,N/A,0.93
csk-wtcat_apo_seed-1682480_sample-2_model,csk-wtcat_apo/seed-1682480_sample-2,model.cif,A,CSK-WT,Active (BLAminus),Unpaired,,,,,,,Intact,No Ligand,In,Packed,DFGin,BLAminus,NTin,CTin,61.85,77.18,14.6,,,6.37,13.59,2.71,,,,,3.46,8.15,7.38,9.78,3.79,8.09,5.0,3.28,3.57,3.52,N/A,0.93
csk-wtcat_apo_seed-1682480_sample-3_model,csk-wtcat_apo/seed-1682480_sample-3,model.cif,A,CSK-WT,Active (BLAminus),Unpaired,,,,,,,Intact,No Ligand,In,Packed,DFGin,BLAminus,NTin,CTin,61.38,74.31,14.12,,,6.36,13.74,2.75,,,,,3.48,8.08,7.32,9.82,3.62,8.1,4.68,3.24,3.59,3.55,N/A,0.93
csk-wtcat_apo_seed-1682480_sample-4_model,csk-wtcat_apo/seed-1682480_sample-4,model.cif,A,CSK-WT,Active (BLAminus),Unpaired,,,,,,,Intact,No Ligand,In,Packed,DFGin,BLAminus,NTin,CTin,61.18,74.03,14.59,,,6.37,13.67,2.66,,,,,3.45,8.1,7.38,9.74,3.76,8.03,5.0,3.3,3.77,3.51,N/A,0.94
csk-wtcat_apo_seed-1738973_sample-0_model,csk-wtcat_apo/seed-1738973_sample-0,model.cif,A,CSK-WT,Active (BLAminus),Unpaired,,,,,,,Intact,No Ligand,In,Packed,DFGin,BLAminus,NTin,CTin,61.64,73.68,14.77,,,6.37,13.85,2.76,,,,,3.44,8.1,7.36,9.8,3.64,8.05,4.96,3.35,3.57,3.55,N/A,0.93
csk-wtcat_apo_seed-1738973_sample-1_model,csk-wtcat_apo/seed-1738973_sample-1,model.cif,A,CSK-WT,Active (BLAminus),Unpaired,,,,,,,Intact,No Ligand,In,Packed,DFGin,BLAminus,NTin,CTin,60.98,74.79,14.12,,,6.38,13.47,2.75,,,,,3.45,8.02,7.33,9.76,3.79,8.06,4.58,3.18,4.05,3.54,N/A,0.93
csk-wtcat_apo_seed-1738973_sample-2_model,csk-wtcat_apo/seed-1738973_sample-2,model.cif,A,CSK-WT,Active (BLAminus),Unpaired,,,,,,,Intact,No Ligand,In,Packed,DFGin,BLAminus,NTin,CTin,61.35,76.59,14.55,,,6.37,13.63,2.69,,,,,3.47,8.08,7.39,9.74,3.72,8.02,5.01,3.36,3.83,3.53,N/A,0.93
csk-wtcat_apo_seed-1738973_sample-3_model,csk-wtcat_apo/seed-1738973_sample-3,model.cif,A,CSK-WT,Active (BLAminus),Unpaired,,,,,,,Intact,No Ligand,In,Packed,DFGin,BLAminus,NTin,CTin,60.81,74.2,14.09,,,6.39,13.47,2.75,,,,,3.42,8.11,7.39,9.78,3.74,8.05,5.02,3.37,3.7,3.54,N/A,0.94
csk-wtcat_apo_seed-1738973_sample-4_model,csk-wtcat_apo/seed-1738973_sample-4,model.cif,A,CSK-WT,Active (BLAminus),Unpaired,,,,,,,Intact,No Ligand,In,Packed,DFGin,BLAminus,NTin,CTin,58.46,68.86,14.24,,,6.44,13.49,2.72,,,,,3.43,8.09,7.39,9.74,3.77,8.0,5.03,3.39,3.59,3.54,N/A,0.93
csk-wtcat_apo_seed-1762199_sample-0_model,csk-wtcat_apo/seed-1762199_sample-0,model.cif,A,CSK-WT,Inactive (BLBminus),Unpaired,,,,,,,Intact,No Ligand,In,Packed,DFGin,BLBminus,NTout,CTin,54.94,72.57,14.51,,,5.92,14.17,3.78,,,,,3.49,8.16,7.34,10.02,4.11,8.06,4.99,3.39,4.0,3.51,N/A,0.92
csk-wtcat_apo_seed-1762199_sample-1_model,csk-wtcat_apo/seed-1762199_sample-1,model.cif,A,CSK-WT,Active (BLAminus),Unpaired,,,,,,,Intact,No Ligand,In,Packed,DFGin,BLAminus,NTin,CTin,61.23,74.02,14.3,,,6.37,13.84,2.82,,,,,3.5,8.08,7.39,9.89,3.67,8.08,4.99,3.35,3.45,3.52,N/A,0.93
csk-wtcat_apo_seed-1762199_sample-2_model,csk-wtcat_apo/seed-1762199_sample-2,model.cif,A,CSK-WT,Active (BLAminus),Unpaired,,,,,,,Intact,No Ligand,In,Packed,DFGin,BLAminus,NTin,CTin,61.38,74.75,14.43,,,6.33,13.55,2.7,,,,,3.47,8.09,7.38,9.83,3.72,8.11,5.01,3.28,3.53,3.53,N/A,0.93
csk-wtcat_apo_seed-1762199_sample-3_model,csk-wtcat_apo/seed-1762199_sample-3,model.cif,A,CSK-WT,Active (BLAminus),Unpaired,,,,,,,Intact,No Ligand,In,Packed,DFGin,BLAminus,NTin,CTin,58.25,67.75,13.88,,,6.43,13.71,2.77,,,,,3.47,8.1,7.32,9.89,3.66,8.18,4.59,3.18,3.58,3.53,N/A,0.93
csk-wtcat_apo_seed-1762199_sample-4_model,csk-wtcat_apo/seed-1762199_sample-4,model.cif,A,CSK-WT,Active (BLAminus),Unpaired,,,,,,,Intact,No Ligand,In,Packed,DFGin,BLAminus,NTin,CTin,58.18,67.32,14.53,,,6.4,13.87,2.81,,,,,3.5,8.12,7.34,9.8,4.08,8.06,4.96,3.31,3.78,3.53,N/A,0.93
csk-wtcat_apo_seed-1781551_sample-0_model,csk-wtcat_apo/seed-1781551_sample-0,model.cif,A,CSK-WT,Active (BLAminus),Unpaired,,,,,,,Intact,No Ligand,In,Packed,DFGin,BLAminus,NTin,CTin,62.01,69.51,14.21,,,6.4,13.94,2.87,,,,,3.49,8.12,7.32,9.89,3.73,8.2,4.98,3.33,3.5,3.52,N/A,0.93
csk-wtcat_apo_seed-1781551_sample-1_model,csk-wtcat_apo/seed-1781551_sample-1,model.cif,A,CSK-WT,Active (BLAminus),Unpaired,,,,,,,Intact,No Ligand,In,Packed,DFGin,BLAminus,NTin,CTin,60.53,75.17,14.0,,,6.4,13.5,2.7,,,,,3.47,8.06,7.32,9.8,3.78,8.13,4.56,3.28,4.7,3.51,N/A,0.94
csk-wtcat_apo_seed-1781551_sample-2_model,csk-wtcat_apo/seed-1781551_sample-2,model.cif,A,CSK-WT,Active (BLAminus),Unpaired,,,,,,,Intact,No Ligand,In,Packed,DFGin,BLAminus,NTin,CTin,61.24,72.91,14.2,,,6.46,13.49,2.73,,,,,3.44,8.06,7.35,9.81,3.75,8.1,4.58,3.21,3.62,3.53,N/A,0.93
csk-wtcat_apo_seed-1781551_sample-3_model,csk-wtcat_apo/seed-1781551_sample-3,model.cif,A,CSK-WT,Active (BLAminus),Unpaired,,,,,,,Intact,No Ligand,In,Packed,DFGin,BLAminus,NTin,CTin,61.38,75.69,14.68,,,6.43,13.85,2.75,,,,,3.5,8.07,7.33,9.87,3.74,8.16,4.57,3.23,3.57,3.53,N/A,0.93
csk-wtcat_apo_seed-1781551_sample-4_model,csk-wtcat_apo/seed-1781551_sample-4,model.cif,A,CSK-WT,Active (BLAminus),Unpaired,,,,,,,Intact,No Ligand,In,Packed,DFGin,BLAminus,NTin,CTin,62.13,72.72,14.53,,,6.4,13.9,3.0,,,,,3.46,8.06,7.28,9.93,4.03,8.17,4.54,3.3,4.72,3.53,N/A,0.93
csk-wtcat_apo_seed-1795617_sample-0_model,csk-wtcat_apo/seed-1795617_sample-0,model.cif,A,CSK-WT,Active (BLAminus),Unpaired,,,,,,,Intact,No Ligand,In,Packed,DFGin,BLAminus,NTin,CTin,60.08,72.93,13.87,,,6.42,13.5,2.74,,,,,3.46,8.12,7.39,9.76,3.76,8.05,5.01,3.36,3.49,3.53,N/A,0.93
csk-wtcat_apo_seed-1795617_sample-1_model,csk-wtcat_apo/seed-1795617_sample-1,model.cif,A,CSK-WT,Active (BLAminus),Unpaired,,,,,,,Intact,No Ligand,In,Packed,DFGin,BLAminus,NTin,CTin,60.61,74.08,13.91,,,6.42,13.74,2.76,,,,,3.4,8.09,7.31,9.84,3.68,8.14,4.55,3.23,3.61,3.55,N/A,0.93
csk-wtcat_apo_seed-1795617_sample-2_model,csk-wtcat_apo/seed-1795617_sample-2,model.cif,A,CSK-WT,Active (BLAminus),Unpaired,,,,,,,Intact,No Ligand,In,Packed,DFGin,BLAminus,NTin,CTin,61.26,73.55,13.61,,,6.45,13.44,2.77,,,,,3.43,8.09,7.35,9.8,3.69,8.0,5.02,3.34,3.48,3.51,N/A,0.93
csk-wtcat_apo_seed-1795617_sample-3_model,csk-wtcat_apo/seed-1795617_sample-3,model.cif,A,CSK-WT,Active (BLAminus),Unpaired,,,,,,,Intact,No Ligand,In,Packed,DFGin,BLAminus,NTin,CTin,60.99,75.74,13.86,,,6.44,13.6,2.76,,,,,3.47,8.06,7.3,9.83,3.78,8.04,4.58,3.24,4.2,3.55,N/A,0.93
csk-wtcat_apo_seed-1795617_sample-4_model,csk-wtcat_apo/seed-1795617_sample-4,model.cif,A,CSK-WT,Active (BLAminus),Unpaired,,,,,,,Intact,No Ligand,In,Packed,DFGin,BLAminus,NTin,CTin,60.82,74.49,14.18,,,6.44,13.45,2.73,,,,,3.45,8.12,7.35,9.77,3.74,8.02,5.03,3.32,4.19,3.54,N/A,0.93
csk-wtcat_apo_seed-1810084_sample-0_model,csk-wtcat_apo/seed-1810084_sample-0,model.cif,A,CSK-WT,Active (BLAminus),Unpaired,,,,,,,Intact,No Ligand,In,Packed,DFGin,BLAminus,NTin,CTin,62.1,73.55,14.13,,,6.34,13.56,2.74,,,,,3.44,8.04,7.33,9.8,3.68,8.08,4.62,3.26,3.52,3.52,N/A,0.93
csk-wtcat_apo_seed-1810084_sample-1_model,csk-wtcat_apo/seed-1810084_sample-1,model.cif,A,CSK-WT,Active (BLAminus),Unpaired,,,,,,,Intact,No Ligand,In,Packed,DFGin,BLAminus,NTin,CTin,61.42,73.56,14.16,,,6.39,13.61,2.75,,,,,3.5,8.17,7.38,9.84,3.66,8.13,5.05,3.28,3.48,3.52,N/A,0.93
csk-wtcat_apo_seed-1810084_sample-2_model,csk-wtcat_apo/seed-1810084_sample-2,model.cif,A,CSK-WT,Active (BLAminus),Unpaired,,,,,,,Intact,No Ligand,In,Packed,DFGin,BLAminus,NTin,CTin,62.34,75.08,14.33,,,6.39,13.53,2.7,,,,,3.45,8.08,7.36,9.79,3.77,8.08,4.97,3.25,3.63,3.54,N/A,0.93
csk-wtcat_apo_seed-1810084_sample-3_model,csk-wtcat_apo/seed-1810084_sample-3,model.cif,A,CSK-WT,Active (BLAminus),Unpaired,,,,,,,Intact,No Ligand,In,Packed,DFGin,BLAminus,NTin,CTin,62.08,73.94,14.08,,,6.42,13.57,2.74,,,,,3.41,8.12,7.33,9.82,3.69,8.1,4.65,3.21,3.7,3.52,N/A,0.93
csk-wtcat_apo_seed-1810084_sample-4_model,csk-wtcat_apo/seed-1810084_sample-4,model.cif,A,CSK-WT,Active (BLAminus),Unpaired,,,,,,,Intact,No Ligand,In,Packed,DFGin,BLAminus,NTin,CTin,61.53,73.86,14.36,,,6.36,13.8,2.72,,,,,3.44,8.08,7.29,9.84,3.6,8.14,4.58,3.2,3.57,3.53,N/A,0.93
csk-wtcat_apo_seed-1819584_sample-0_model,csk-wtcat_apo/seed-1819584_sample-0,model.cif,A,CSK-WT,Active (BLAminus),Unpaired,,,,,,,Intact,No Ligand,In,Packed,DFGin,BLAminus,NTin,CTin,61.4,76.23,14.4,,,6.4,13.61,2.71,,,,,3.52,8.04,7.34,9.79,3.72,8.07,4.61,3.26,3.69,3.51,N/A,0.93
csk-wtcat_apo_seed-1819584_sample-1_model,csk-wtcat_apo/seed-1819584_sample-1,model.cif,A,CSK-WT,Active (BLAminus),Unpaired,,,,,,,Intact,No Ligand,In,Packed,DFGin,BLAminus,NTin,CTin,59.11,69.02,14.44,,,6.45,13.72,2.73,,,,,3.46,8.12,7.36,9.81,3.71,8.07,5.0,3.36,3.52,3.54,N/A,0.94
csk-wtcat_apo_seed-1819584_sample-2_model,csk-wtcat_apo/seed-1819584_sample-2,model.cif,A,CSK-WT,Active (BLAminus),Unpaired,,,,,,,Intact,No Ligand,In,Packed,DFGin,BLAminus,NTin,CTin,60.52,75.89,14.35,,,6.41,13.65,2.73,,,,,3.49,8.1,7.37,9.84,3.74,8.07,5.02,3.35,3.11,3.52,N/A,0.93
csk-wtcat_apo_seed-1819584_sample-3_model,csk-wtcat_apo/seed-1819584_sample-3,model.cif,A,CSK-WT,Active (BLAminus),Unpaired,,,,,,,Intact,No Ligand,In,Packed,DFGin,BLAminus,NTin,CTin,61.1,74.37,14.99,,,6.37,13.95,2.78,,,,,3.47,8.03,7.3,9.8,4.1,8.06,4.57,3.3,3.47,3.52,N/A,0.93
csk-wtcat_apo_seed-1819584_sample-4_model,csk-wtcat_apo/seed-1819584_sample-4,model.cif,A,CSK-WT,Active (BLAminus),Unpaired,,,,,,,Intact,No Ligand,In,Packed,DFGin,BLAminus,NTin,CTin,61.31,73.55,14.78,,,6.35,13.77,2.84,,,,,3.44,8.09,7.36,9.84,4.06,8.11,4.98,3.29,3.62,3.54,N/A,0.93
csk-wtcat_apo_seed-185542_sample-0_model,csk-wtcat_apo/seed-185542_sample-0,model.cif,A,CSK-WT,Active (BLAminus),Unpaired,,,,,,,Intact,No Ligand,In,Packed,DFGin,BLAminus,NTin,CTin,60.73,76.65,14.12,,,6.42,13.45,2.77,,,,,3.46,8.08,7.35,9.76,3.74,8.04,4.7,3.26,3.69,3.51,N/A,0.94
csk-wtcat_apo_seed-185542_sample-1_model,csk-wtcat_apo/seed-185542_sample-1,model.cif,A,CSK-WT,Active (BLAminus),Unpaired,,,,,,,Intact,No Ligand,In,Packed,DFGin,BLAminus,NTin,CTin,61.68,73.76,13.85,,,6.44,13.47,2.76,,,,,3.49,8.09,7.34,9.81,3.76,8.09,4.63,3.18,3.58,3.52,N/A,0.93
csk-wtcat_apo_seed-185542_sample-2_model,csk-wtcat_apo/seed-185542_sample-2,model.cif,A,CSK-WT,Active (BLAminus),Unpaired,,,,,,,Intact,No Ligand,In,Packed,DFGin,BLAminus,NTin,CTin,61.13,73.49,14.31,,,6.38,13.62,2.73,,,,,3.42,8.13,7.38,9.8,3.72,8.05,5.06,3.3,3.62,3.53,N/A,0.93
csk-wtcat_apo_seed-185542_sample-3_model,csk-wtcat_apo/seed-185542_sample-3,model.cif,A,CSK-WT,Active (BLAminus),Unpaired,,,,,,,Intact,No Ligand,In,Packed,DFGin,BLAminus,NTin,CTin,61.69,72.23,15.12,,,6.38,14.24,2.66,,,,,3.5,8.09,7.34,9.84,4.2,8.22,4.95,3.44,3.9,3.49,N/A,0.93
csk-wtcat_apo_seed-185542_sample-4_model,csk-wtcat_apo/seed-185542_sample-4,model.cif,A,CSK-WT,Active (BLAminus),Unpaired,,,,,,,Intact,No Ligand,In,Packed,DFGin,BLAminus,NTin,CTin,61.05,74.09,14.12,,,6.39,13.45,2.73,,,,,3.41,8.1,7.34,9.75,3.76,8.06,5.01,3.28,4.1,3.51,N/A,0.93
csk-wtcat_apo_seed-1871819_sample-0_model,csk-wtcat_apo/seed-1871819_sample-0,model.cif,A,CSK-WT,Active (BLAminus),Unpaired,,,,,,,Intact,No Ligand,In,Packed,DFGin,BLAminus,NTin,CTin,62.11,73.18,14.47,,,6.43,14.1,3.07,,,,,3.48,8.06,7.25,9.95,4.09,8.21,4.4,3.21,3.58,3.53,N/A,0.93
csk-wtcat_apo_seed-1871819_sample-1_model,csk-wtcat_apo/seed-1871819_sample-1,model.cif,A,CSK-WT,Active (BLAminus),Unpaired,,,,,,,Intact,No Ligand,In,Packed,DFGin,BLAminus,NTin,CTin,61.96,74.83,14.72,,,6.38,13.94,2.83,,,,,3.49,8.12,7.35,9.91,4.05,8.21,4.96,3.28,3.45,3.53,N/A,0.93
csk-wtcat_apo_seed-1871819_sample-2_model,csk-wtcat_apo/seed-1871819_sample-2,model.cif,A,CSK-WT,Active (BLAminus),Unpaired,,,,,,,Intact,No Ligand,In,Packed,DFGin,BLAminus,NTin,CTin,61.39,71.7,14.41,,,6.4,13.82,2.84,,,,,3.49,8.14,7.39,9.9,4.04,8.18,4.99,3.44,4.37,3.55,N/A,0.93
csk-wtcat_apo_seed-1871819_sample-3_model,csk-wtcat_apo/seed-1871819_sample-3,model.cif,A,CSK-WT,Active (BLAminus),Unpaired,,,,,,,Intact,No Ligand,In,Packed,DFGin,BLAminus,NTin,CTin,60.84,73.94,15.11,,,6.42,14.24,3.19,,,,,3.49,8.02,7.33,9.93,4.21,8.3,4.6,3.33,4.29,3.53,N/A,0.93
csk-wtcat_apo_seed-1871819_sample-4_model,csk-wtcat_apo/seed-1871819_sample-4,model.cif,A,CSK-WT,Active (BLAminus),Unpaired,,,,,,,Intact,No Ligand,In,Packed,DFGin,BLAminus,NTin,CTin,62.1,69.75,14.45,,,6.45,13.86,3.03,,,,,3.43,8.13,7.36,9.9,4.06,8.15,4.97,3.34,3.48,3.52,N/A,0.93
csk-wtcat_apo_seed-1911650_sample-0_model,csk-wtcat_apo/seed-1911650_sample-0,model.cif,A,CSK-WT,Active (BLAminus),Unpaired,,,,,,,Intact,No Ligand,In,Packed,DFGin,BLAminus,NTin,CTin,60.86,73.19,14.12,,,6.38,13.55,2.75,,,,,3.49,8.12,7.36,9.77,3.71,8.11,5.02,3.32,3.5,3.5,N/A,0.93
csk-wtcat_apo_seed-1911650_sample-1_model,csk-wtcat_apo/seed-1911650_sample-1,model.cif,A,CSK-WT,Active (BLAminus),Unpaired,,,,,,,Intact,No Ligand,In,Packed,DFGin,BLAminus,NTin,CTin,61.27,73.01,14.34,,,6.37,13.83,2.72,,,,,3.46,8.07,7.33,9.85,3.78,8.12,4.57,3.22,3.61,3.55,N/A,0.93
csk-wtcat_apo_seed-1911650_sample-2_model,csk-wtcat_apo/seed-1911650_sample-2,model.cif,A,CSK-WT,Active (BLAminus),Unpaired,,,,,,,Intact,No Ligand,In,Packed,DFGin,BLAminus,NTin,CTin,61.15,74.57,14.43,,,6.32,13.93,2.89,,,,,3.5,8.13,7.34,9.86,4.03,8.2,4.97,3.3,3.37,3.51,N/A,0.93
csk-wtcat_apo_seed-1911650_sample-3_model,csk-wtcat_apo/seed-1911650_sample-3,model.cif,A,CSK-WT,Active (BLAminus),Unpaired,,,,,,,Intact,No Ligand,In,Packed,DFGin,BLAminus,NTin,CTin,61.34,76.07,13.83,,,6.38,13.69,2.73,,,,,3.47,8.1,7.28,9.77,3.69,8.09,4.51,3.25,4.27,3.54,N/A,0.93
csk-wtcat_apo_seed-1911650_sample-4_model,csk-wtcat_apo/seed-1911650_sample-4,model.cif,A,CSK-WT,Active (BLAminus),Unpaired,,,,,,,Intact,No Ligand,In,Packed,DFGin,BLAminus,NTin,CTin,61.35,73.2,14.33,,,6.43,13.55,2.76,,,,,3.42,8.05,7.32,9.78,3.73,8.05,4.59,3.21,3.64,3.51,N/A,0.93
csk-wtcat_apo_seed-1927465_sample-0_model,csk-wtcat_apo/seed-1927465_sample-0,model.cif,A,CSK-WT,Active (BLAminus),Unpaired,,,,,,,Intact,No Ligand,In,Packed,DFGin,BLAminus,NTin,CTin,61.19,74.41,14.22,,,6.48,13.57,2.72,,,,,3.43,8.05,7.3,9.81,3.76,8.07,4.57,3.15,3.38,3.54,N/A,0.93
csk-wtcat_apo_seed-1927465_sample-1_model,csk-wtcat_apo/seed-1927465_sample-1,model.cif,A,CSK-WT,Active (BLAminus),Unpaired,,,,,,,Intact,No Ligand,In,Packed,DFGin,BLAminus,NTin,CTin,61.04,73.33,13.98,,,6.41,13.75,2.71,,,,,3.42,8.04,7.32,9.8,3.72,8.1,4.62,3.25,3.86,3.53,N/A,0.93
csk-wtcat_apo_seed-1927465_sample-2_model,csk-wtcat_apo/seed-1927465_sample-2,model.cif,A,CSK-WT,Active (BLAminus),Unpaired,,,,,,,Intact,No Ligand,In,Packed,DFGin,BLAminus,NTin,CTin,60.6,74.22,14.26,,,6.36,13.76,2.75,,,,,3.39,8.09,7.35,9.82,3.62,8.09,4.96,3.28,3.51,3.53,N/A,0.93
csk-wtcat_apo_seed-1927465_sample-3_model,csk-wtcat_apo/seed-1927465_sample-3,model.cif,A,CSK-WT,Active (BLAminus),Unpaired,,,,,,,Intact,No Ligand,In,Packed,DFGin,BLAminus,NTin,CTin,61.12,76.07,14.2,,,6.4,13.76,2.75,,,,,3.4,8.06,7.33,9.79,3.71,8.07,4.6,3.23,3.55,3.52,N/A,0.93
csk-wtcat_apo_seed-1927465_sample-4_model,csk-wtcat_apo/seed-1927465_sample-4,model.cif,A,CSK-WT,Active (BLAminus),Unpaired,,,,,,,Intact,No Ligand,In,Packed,DFGin,BLAminus,NTin,CTin,61.88,74.98,14.56,,,6.37,13.8,2.73,,,,,3.42,8.01,7.32,9.81,3.72,8.11,4.54,3.22,3.42,3.51,N/A,0.93
csk-wtcat_apo_seed-1987653_sample-0_model,csk-wtcat_apo/seed-1987653_sample-0,model.cif,A,CSK-WT,Active (BLAminus),Unpaired,,,,,,,Intact,No Ligand,In,Packed,DFGin,BLAminus,NTin,CTin,61.1,73.23,13.88,,,6.39,13.77,2.76,,,,,3.48,8.06,7.31,9.85,3.71,8.16,4.57,3.21,3.61,3.51,N/A,0.93
csk-wtcat_apo_seed-1987653_sample-1_model,csk-wtcat_apo/seed-1987653_sample-1,model.cif,A,CSK-WT,Active (BLAminus),Unpaired,,,,,,,Intact,No Ligand,In,Packed,DFGin,BLAminus,NTin,CTin,61.34,73.7,13.78,,,6.47,13.52,2.75,,,,,3.43,8.18,7.37,9.87,3.7,8.15,5.08,3.33,4.1,3.55,N/A,0.93
csk-wtcat_apo_seed-1987653_sample-2_model,csk-wtcat_apo/seed-1987653_sample-2,model.cif,A,CSK-WT,Active (BLAminus),Unpaired,,,,,,,Intact,No Ligand,In,Packed,DFGin,BLAminus,NTin,CTin,61.4,75.07,14.3,,,6.4,13.65,2.74,,,,,3.47,8.15,7.38,9.82,3.7,8.08,5.01,3.38,3.83,3.54,N/A,0.93
csk-wtcat_apo_seed-1987653_sample-3_model,csk-wtcat_apo/seed-1987653_sample-3,model.cif,A,CSK-WT,Active (BLAminus),Unpaired,,,,,,,Intact,No Ligand,In,Packed,DFGin,BLAminus,NTin,CTin,58.0,69.75,14.53,,,6.44,13.69,2.77,,,,,3.51,8.11,7.36,9.76,3.67,8.06,5.01,3.31,3.64,3.51,N/A,0.93
csk-wtcat_apo_seed-1987653_sample-4_model,csk-wtcat_apo/seed-1987653_sample-4,model.cif,A,CSK-WT,Active (BLAminus),Unpaired,,,,,,,Intact,No Ligand,In,Packed,DFGin,BLAminus,NTin,CTin,61.91,75.06,14.16,,,6.41,13.65,2.69,,,,,3.41,8.09,7.37,9.74,3.71,8.06,5.0,3.32,3.55,3.5,N/A,0.94
csk-wtcat_apo_seed-25902_sample-0_model,csk-wtcat_apo/seed-25902_sample-0,model.cif,A,CSK-WT,Active (BLAminus),Unpaired,,,,,,,Intact,No Ligand,In,Packed,DFGin,BLAminus,NTin,CTin,60.18,76.88,14.67,,,6.37,13.75,2.65,,,,,3.42,8.04,7.31,9.79,3.77,8.13,4.58,3.22,3.58,3.52,N/A,0.93
csk-wtcat_apo_seed-25902_sample-1_model,csk-wtcat_apo/seed-25902_sample-1,model.cif,A,CSK-WT,Active (BLAminus),Unpaired,,,,,,,Intact,No Ligand,In,Packed,DFGin,BLAminus,NTin,CTin,61.59,74.93,14.57,,,6.37,13.73,2.72,,,,,3.48,8.07,7.31,9.83,3.7,8.12,4.51,3.21,3.68,3.54,N/A,0.93
csk-wtcat_apo_seed-25902_sample-2_model,csk-wtcat_apo/seed-25902_sample-2,model.cif,A,CSK-WT,Active (BLAminus),Unpaired,,,,,,,Intact,No Ligand,In,Packed,DFGin,BLAminus,NTin,CTin,61.92,73.34,15.33,,,6.4,14.21,3.43,,,,,3.54,8.05,7.27,9.87,4.17,8.17,4.47,3.28,3.63,3.54,N/A,0.93
csk-wtcat_apo_seed-25902_sample-3_model,csk-wtcat_apo/seed-25902_sample-3,model.cif,A,CSK-WT,Active (BLAminus),Unpaired,,,,,,,Intact,No Ligand,In,Packed,DFGin,BLAminus,NTin,CTin,60.78,74.54,14.24,,,6.46,13.51,2.76,,,,,3.47,8.13,7.37,9.81,3.75,8.15,4.69,3.25,3.62,3.54,N/A,0.93
csk-wtcat_apo_seed-25902_sample-4_model,csk-wtcat_apo/seed-25902_sample-4,model.cif,A,CSK-WT,Inactive (BLBminus),Unpaired,,,,,,,Intact,No Ligand,In,Packed,DFGin,BLBminus,NTin,CTin,50.56,72.02,14.33,,,6.04,14.67,3.44,,,,,3.42,8.08,7.34,9.95,4.1,8.06,4.91,3.36,3.55,3.52,N/A,0.92
csk-wtcat_apo_seed-449594_sample-0_model,csk-wtcat_apo/seed-449594_sample-0,model.cif,A,CSK-WT,Inactive (BLBminus),Unpaired,,,,,,,Intact,No Ligand,In,Packed,DFGin,BLBminus,NTin,CTin,53.91,62.84,14.6,,,6.78,14.25,3.81,,,,,3.41,8.05,7.26,9.87,4.15,8.01,4.5,3.33,3.85,3.51,N/A,0.92
csk-wtcat_apo_seed-449594_sample-1_model,csk-wtcat_apo/seed-449594_sample-1,model.cif,A,CSK-WT,Active (BLAminus),Unpaired,,,,,,,Intact,No Ligand,In,Packed,DFGin,BLAminus,NTin,CTin,61.92,74.03,14.82,,,6.44,13.85,2.89,,,,,3.4,8.07,7.31,9.82,3.75,8.07,4.64,3.31,5.47,3.52,N/A,0.93
csk-wtcat_apo_seed-449594_sample-2_model,csk-wtcat_apo/seed-449594_sample-2,model.cif,A,CSK-WT,Active (BLAminus),Unpaired,,,,,,,Intact,No Ligand,In,Packed,DFGin,BLAminus,NTin,CTin,61.28,72.75,14.17,,,6.41,13.73,2.79,,,,,3.48,8.07,7.3,9.88,3.69,8.13,4.52,3.22,3.54,3.54,N/A,0.93
csk-wtcat_apo_seed-449594_sample-3_model,csk-wtcat_apo/seed-449594_sample-3,model.cif,A,CSK-WT,Active (BLAminus),Unpaired,,,,,,,Intact,No Ligand,In,Packed,DFGin,BLAminus,NTin,CTin,61.31,75.36,14.19,,,6.38,13.61,2.75,,,,,3.48,8.07,7.3,9.75,3.73,8.06,4.6,3.24,4.15,3.54,N/A,0.93
csk-wtcat_apo_seed-449594_sample-4_model,csk-wtcat_apo/seed-449594_sample-4,model.cif,A,CSK-WT,Active (BLAminus),Unpaired,,,,,,,Intact,No Ligand,In,Packed,DFGin,BLAminus,NTin,CTin,60.78,74.86,14.5,,,6.39,13.56,2.7,,,,,3.43,8.07,7.32,9.79,3.73,8.11,4.59,3.24,4.0,3.53,N/A,0.93
csk-wtcat_apo_seed-567525_sample-0_model,csk-wtcat_apo/seed-567525_sample-0,model.cif,A,CSK-WT,Active (BLAminus),Unpaired,,,,,,,Intact,No Ligand,In,Packed,DFGin,BLAminus,NTin,CTin,61.55,74.0,14.61,,,6.39,13.7,2.73,,,,,3.41,8.05,7.31,9.83,3.71,8.1,4.58,3.24,3.66,3.54,N/A,0.93
csk-wtcat_apo_seed-567525_sample-1_model,csk-wtcat_apo/seed-567525_sample-1,model.cif,A,CSK-WT,Active (BLAminus),Unpaired,,,,,,,Intact,No Ligand,In,Packed,DFGin,BLAminus,NTin,CTin,62.77,73.14,14.6,,,6.4,13.94,2.68,,,,,3.49,8.08,7.39,9.82,4.08,8.11,4.95,3.34,3.59,3.52,N/A,0.93
csk-wtcat_apo_seed-567525_sample-2_model,csk-wtcat_apo/seed-567525_sample-2,model.cif,A,CSK-WT,Active (BLAminus),Unpaired,,,,,,,Intact,No Ligand,In,Packed,DFGin,BLAminus,NTin,CTin,60.66,73.79,14.94,,,6.32,13.88,2.7,,,,,3.47,8.04,7.24,9.81,3.72,8.1,4.5,3.23,3.65,3.51,N/A,0.93
csk-wtcat_apo_seed-567525_sample-3_model,csk-wtcat_apo/seed-567525_sample-3,model.cif,A,CSK-WT,Active (BLAminus),Unpaired,,,,,,,Intact,No Ligand,In,Packed,DFGin,BLAminus,NTin,CTin,60.73,75.6,14.1,,,6.44,13.66,2.72,,,,,3.47,8.08,7.32,9.79,3.67,8.08,4.61,3.23,3.65,3.52,N/A,0.94
csk-wtcat_apo_seed-567525_sample-4_model,csk-wtcat_apo/seed-567525_sample-4,model.cif,A,CSK-WT,Active (BLAminus),Unpaired,,,,,,,Intact,No Ligand,In,Packed,DFGin,BLAminus,NTin,CTin,61.18,73.69,14.37,,,6.37,13.66,2.69,,,,,3.43,8.08,7.36,9.82,3.67,8.02,5.0,3.3,3.52,3.53,N/A,0.93
csk-wtcat_apo_seed-587175_sample-0_model,csk-wtcat_apo/seed-587175_sample-0,model.cif,A,CSK-WT,Active (BLAminus),Unpaired,,,,,,,Intact,No Ligand,In,Packed,DFGin,BLAminus,NTin,CTin,61.5,76.08,14.24,,,6.35,13.53,2.7,,,,,3.41,8.08,7.33,9.78,3.76,8.05,4.62,3.25,3.52,3.53,N/A,0.93
csk-wtcat_apo_seed-587175_sample-1_model,csk-wtcat_apo/seed-587175_sample-1,model.cif,A,CSK-WT,Active (BLAminus),Unpaired,,,,,,,Intact,No Ligand,In,Packed,DFGin,BLAminus,NTin,CTin,61.9,72.4,13.7,,,6.46,13.48,2.76,,,,,3.47,8.07,7.33,9.82,3.76,8.07,4.61,3.21,3.54,3.5,N/A,0.93
csk-wtcat_apo_seed-587175_sample-2_model,csk-wtcat_apo/seed-587175_sample-2,model.cif,A,CSK-WT,Active (BLAminus),Unpaired,,,,,,,Intact,No Ligand,In,Packed,DFGin,BLAminus,NTin,CTin,61.25,73.14,14.11,,,6.37,13.65,2.78,,,,,3.43,8.14,7.38,9.81,3.62,8.07,5.01,3.36,3.52,3.54,N/A,0.93
csk-wtcat_apo_seed-587175_sample-3_model,csk-wtcat_apo/seed-587175_sample-3,model.cif,A,CSK-WT,Active (BLAminus),Unpaired,,,,,,,Intact,No Ligand,In,Packed,DFGin,BLAminus,NTin,CTin,58.43,67.89,13.96,,,6.45,13.65,2.81,,,,,3.48,8.07,7.3,9.78,3.82,8.08,4.45,3.18,3.67,3.52,N/A,0.94
csk-wtcat_apo_seed-587175_sample-4_model,csk-wtcat_apo/seed-587175_sample-4,model.cif,A,CSK-WT,Active (BLAminus),Unpaired,,,,,,,Intact,No Ligand,In,Packed,DFGin,BLAminus,NTin,CTin,61.35,70.09,14.18,,,6.44,13.78,2.88,,,,,3.47,8.14,7.38,9.79,4.06,8.06,5.0,3.46,3.89,3.53,N/A,0.93
csk-wtcat_apo_seed-649741_sample-0_model,csk-wtcat_apo/seed-649741_sample-0,model.cif,A,CSK-WT,Active (BLAminus),Unpaired,,,,,,,Intact,No Ligand,In,Packed,DFGin,BLAminus,NTin,CTin,61.33,75.13,14.81,,,6.45,13.66,2.77,,,,,3.47,8.07,7.35,9.84,3.68,8.06,4.62,3.23,3.67,3.52,N/A,0.93
csk-wtcat_apo_seed-649741_sample-1_model,csk-wtcat_apo/seed-649741_sample-1,model.cif,A,CSK-WT,Active (BLAminus),Unpaired,,,,,,,Intact,No Ligand,In,Packed,DFGin,BLAminus,NTin,CTin,60.99,75.6,14.55,,,6.37,13.72,2.72,,,,,3.54,8.07,7.28,9.81,3.69,8.02,4.48,3.22,3.69,3.52,N/A,0.93
csk-wtcat_apo_seed-649741_sample-2_model,csk-wtcat_apo/seed-649741_sample-2,model.cif,A,CSK-WT,Active (BLAminus),Unpaired,,,,,,,Intact,No Ligand,In,Packed,DFGin,BLAminus,NTin,CTin,62.14,74.56,14.72,,,6.45,13.58,2.71,,,,,3.46,8.1,7.31,9.8,3.87,8.02,4.58,3.16,3.71,3.54,N/A,0.93
csk-wtcat_apo_seed-649741_sample-3_model,csk-wtcat_apo/seed-649741_sample-3,model.cif,A,CSK-WT,Active (BLAminus),Unpaired,,,,,,,Intact,No Ligand,In,Packed,DFGin,BLAminus,NTin,CTin,62.1,72.74,14.17,,,6.45,13.6,2.75,,,,,3.49,8.08,7.33,9.8,3.77,8.09,4.63,3.25,3.49,3.54,N/A,0.93
csk-wtcat_apo_seed-649741_sample-4_model,csk-wtcat_apo/seed-649741_sample-4,model.cif,A,CSK-WT,Active (BLAminus),Unpaired,,,,,,,Intact,No Ligand,In,Packed,DFGin,BLAminus,NTin,CTin,61.29,73.5,13.81,,,6.48,13.5,2.79,,,,,3.46,8.13,7.37,9.85,3.73,8.12,4.73,3.32,3.45,3.51,N/A,0.93
csk-wtcat_apo_seed-670992_sample-0_model,csk-wtcat_apo/seed-670992_sample-0,model.cif,A,CSK-WT,Inactive (BLBminus),Unpaired,,,,,,,Intact,No Ligand,In,Packed,DFGin,BLBminus,NTin,CTin,54.19,67.3,15.0,,,6.58,14.56,4.79,,,,,3.51,8.07,7.3,9.97,4.2,8.04,4.85,3.38,3.52,3.51,N/A,0.92
csk-wtcat_apo_seed-670992_sample-1_model,csk-wtcat_apo/seed-670992_sample-1,model.cif,A,CSK-WT,Active (BLAminus),Unpaired,,,,,,,Intact,No Ligand,In,Packed,DFGin,BLAminus,NTin,CTin,61.57,68.75,14.31,,,6.41,13.69,2.75,,,,,3.48,8.09,7.31,9.79,3.71,8.01,4.54,3.23,4.54,3.53,N/A,0.93
csk-wtcat_apo_seed-670992_sample-2_model,csk-wtcat_apo/seed-670992_sample-2,model.cif,A,CSK-WT,Inactive (BLBminus),Unpaired,,,,,,,Intact,No Ligand,In,Packed,DFGin,BLBminus,NTout,CTin,55.71,70.41,14.32,,,5.75,14.53,4.02,,,,,3.5,8.06,7.24,9.94,4.15,8.07,4.43,3.24,4.11,3.52,N/A,0.92
csk-wtcat_apo_seed-670992_sample-3_model,csk-wtcat_apo/seed-670992_sample-3,model.cif,A,CSK-WT,Inactive (BLBplus),Unpaired,,,,,,,Intact,No Ligand,In,Packed,DFGin,BLBplus,NTin,CTin,58.93,33.73,15.12,,,4.49,14.13,2.95,,,,,3.48,8.06,7.33,9.95,4.2,8.14,4.91,3.37,3.95,3.5,N/A,0.92
csk-wtcat_apo_seed-670992_sample-4_model,csk-wtcat_apo/seed-670992_sample-4,model.cif,A,CSK-WT,Active (BLAminus),Unpaired,,,,,,,Intact,No Ligand,In,Packed,DFGin,BLAminus,NTin,CTin,62.36,72.23,14.44,,,6.46,13.68,2.86,,,,,3.45,8.13,7.38,9.83,3.8,8.01,5.01,3.37,4.14,3.52,N/A,0.93
csk-wtcat_apo_seed-765635_sample-0_model,csk-wtcat_apo/seed-765635_sample-0,model.cif,A,CSK-WT,Active (BLAminus),Unpaired,,,,,,,Intact,No Ligand,In,Packed,DFGin,BLAminus,NTin,CTin,62.65,74.32,14.81,,,6.42,13.87,3.09,,,,,3.48,8.05,7.31,9.82,4.12,8.12,4.54,3.25,3.53,3.52,N/A,0.93
csk-wtcat_apo_seed-765635_sample-1_model,csk-wtcat_apo/seed-765635_sample-1,model.cif,A,CSK-WT,Active (BLAminus),Unpaired,,,,,,,Intact,No Ligand,In,Packed,DFGin,BLAminus,NTin,CTin,62.31,74.54,15.12,,,6.43,13.9,2.86,,,,,3.47,8.03,7.32,9.8,4.09,8.09,4.57,3.27,3.67,3.53,N/A,0.93
csk-wtcat_apo_seed-765635_sample-2_model,csk-wtcat_apo/seed-765635_sample-2,model.cif,A,CSK-WT,Active (BLAminus),Unpaired,,,,,,,Intact,No Ligand,In,Packed,DFGin,BLAminus,NTin,CTin,62.78,74.42,14.96,,,6.4,14.12,2.73,,,,,3.49,8.05,7.36,9.84,4.16,8.11,4.91,3.42,3.57,3.51,N/A,0.93
csk-wtcat_apo_seed-765635_sample-3_model,csk-wtcat_apo/seed-765635_sample-3,model.cif,A,CSK-WT,Active (BLAminus),Unpaired,,,,,,,Intact,No Ligand,In,Packed,DFGin,BLAminus,NTin,CTin,60.96,76.42,14.17,,,6.4,13.63,2.71,,,,,3.44,8.1,7.37,9.79,3.74,8.14,5.02,3.38,4.11,3.52,N/A,0.93
csk-wtcat_apo_seed-765635_sample-4_model,csk-wtcat_apo/seed-765635_sample-4,model.cif,A,CSK-WT,Active (BLAminus),Unpaired,,,,,,,Intact,No Ligand,In,Packed,DFGin,BLAminus,NTin,CTin,62.91,72.64,14.65,,,6.38,14.13,2.67,,,,,3.5,8.09,7.35,9.82,4.14,8.03,4.97,3.38,3.64,3.51,N/A,0.93
csk-wtcat_apo_seed-778739_sample-0_model,csk-wtcat_apo/seed-778739_sample-0,model.cif,A,CSK-WT,Active (BLAminus),Unpaired,,,,,,,Intact,No Ligand,In,Packed,DFGin,BLAminus,NTin,CTin,60.33,75.82,14.53,,,6.39,13.71,2.69,,,,,3.43,8.07,7.36,9.77,3.72,8.06,4.95,3.32,3.48,3.53,N/A,0.93
csk-wtcat_apo_seed-778739_sample-1_model,csk-wtcat_apo/seed-778739_sample-1,model.cif,A,CSK-WT,Active (BLAminus),Unpaired,,,,,,,Intact,No Ligand,In,Packed,DFGin,BLAminus,NTin,CTin,61.51,73.43,14.14,,,6.38,13.67,2.74,,,,,3.5,8.15,7.38,9.81,3.72,8.12,5.01,3.29,3.45,3.53,N/A,0.93
csk-wtcat_apo_seed-778739_sample-2_model,csk-wtcat_apo/seed-778739_sample-2,model.cif,A,CSK-WT,Active (BLAminus),Unpaired,,,,,,,Intact,No Ligand,In,Packed,DFGin,BLAminus,NTin,CTin,60.72,71.99,14.4,,,6.39,13.82,2.79,,,,,3.48,8.06,7.33,9.92,3.68,8.23,4.55,3.23,3.37,3.53,N/A,0.93
csk-wtcat_apo_seed-778739_sample-3_model,csk-wtcat_apo/seed-778739_sample-3,model.cif,A,CSK-WT,Active (BLAminus),Unpaired,,,,,,,Intact,No Ligand,In,Packed,DFGin,BLAminus,NTin,CTin,61.79,72.65,14.78,,,6.41,13.75,2.7,,,,,3.46,8.06,7.29,9.79,3.72,8.09,4.52,3.2,3.9,3.53,N/A,0.93
csk-wtcat_apo_seed-778739_sample-4_model,csk-wtcat_apo/seed-778739_sample-4,model.cif,A,CSK-WT,Active (BLAminus),Unpaired,,,,,,,Intact,No Ligand,In,Packed,DFGin,BLAminus,NTin,CTin,60.3,73.57,13.95,,,6.39,13.51,2.74,,,,,3.46,8.07,7.32,9.81,3.66,8.13,4.58,3.19,4.06,3.51,N/A,0.93
csk-wtcat_apo_seed-787765_sample-0_model,csk-wtcat_apo/seed-787765_sample-0,model.cif,A,CSK-WT,Active (BLAminus),Unpaired,,,,,,,Intact,No Ligand,In,Packed,DFGin,BLAminus,NTin,CTin,61.2,72.23,15.23,,,6.38,14.05,2.93,,,,,3.45,8.1,7.36,9.91,4.14,8.21,4.98,3.42,3.6,3.52,N/A,0.93
csk-wtcat_apo_seed-787765_sample-1_model,csk-wtcat_apo/seed-787765_sample-1,model.cif,A,CSK-WT,Active (BLAminus),Unpaired,,,,,,,Intact,No Ligand,In,Packed,DFGin,BLAminus,NTin,CTin,59.15,68.15,14.35,,,6.45,13.59,2.71,,,,,3.46,8.09,7.41,9.83,3.79,8.05,5.03,3.32,3.57,3.51,N/A,0.94
csk-wtcat_apo_seed-787765_sample-2_model,csk-wtcat_apo/seed-787765_sample-2,model.cif,A,CSK-WT,Active (BLAminus),Unpaired,,,,,,,Intact,No Ligand,In,Packed,DFGin,BLAminus,NTin,CTin,61.33,75.7,14.63,,,6.38,13.62,2.74,,,,,3.44,8.02,7.31,9.77,3.76,8.06,4.56,3.26,4.69,3.51,N/A,0.94
csk-wtcat_apo_seed-787765_sample-3_model,csk-wtcat_apo/seed-787765_sample-3,model.cif,A,CSK-WT,Active (BLAminus),Unpaired,,,,,,,Intact,No Ligand,In,Packed,DFGin,BLAminus,NTin,CTin,60.55,73.86,14.25,,,6.37,13.68,2.69,,,,,3.47,8.06,7.33,9.77,3.72,8.04,4.6,3.23,3.58,3.5,N/A,0.94
csk-wtcat_apo_seed-787765_sample-4_model,csk-wtcat_apo/seed-787765_sample-4,model.cif,A,CSK-WT,Active (BLAminus),Unpaired,,,,,,,Intact,No Ligand,In,Packed,DFGin,BLAminus,NTin,CTin,60.5,76.45,14.4,,,6.39,13.67,2.88,,,,,3.46,8.06,7.33,9.79,4.07,8.09,4.7,3.29,3.7,3.52,N/A,0.93
csk-wtcat_apo_seed-8269_sample-0_model,csk-wtcat_apo/seed-8269_sample-0,model.cif,A,CSK-WT,Active (BLAminus),Unpaired,,,,,,,Intact,No Ligand,In,Packed,DFGin,BLAminus,NTin,CTin,60.73,72.01,14.32,,,6.35,13.88,2.81,,,,,3.44,8.17,7.37,9.82,3.76,8.2,4.99,3.34,3.51,3.53,N/A,0.93
csk-wtcat_apo_seed-8269_sample-1_model,csk-wtcat_apo/seed-8269_sample-1,model.cif,A,CSK-WT,Active (BLAminus),Unpaired,,,,,,,Intact,No Ligand,In,Packed,DFGin,BLAminus,NTin,CTin,58.22,67.37,13.72,,,6.43,13.64,2.77,,,,,3.46,8.11,7.33,9.85,3.75,8.14,4.96,3.31,5.97,3.52,N/A,0.94
csk-wtcat_apo_seed-8269_sample-2_model,csk-wtcat_apo/seed-8269_sample-2,model.cif,A,CSK-WT,Active (BLAminus),Unpaired,,,,,,,Intact,No Ligand,In,Packed,DFGin,BLAminus,NTin,CTin,60.45,76.05,13.74,,,6.41,13.49,2.78,,,,,3.46,8.14,7.41,9.77,3.83,8.02,5.08,3.34,3.45,3.53,N/A,0.94
csk-wtcat_apo_seed-8269_sample-3_model,csk-wtcat_apo/seed-8269_sample-3,model.cif,A,CSK-WT,Active (BLAminus),Unpaired,,,,,,,Intact,No Ligand,In,Packed,DFGin,BLAminus,NTin,CTin,60.86,76.05,14.39,,,6.41,13.54,2.76,,,,,3.46,8.07,7.35,9.76,3.84,8.03,4.63,3.22,3.61,3.54,N/A,0.93
csk-wtcat_apo_seed-8269_sample-4_model,csk-wtcat_apo/seed-8269_sample-4,model.cif,A,CSK-WT,Active (BLAminus),Unpaired,,,,,,,Intact,No Ligand,In,Packed,DFGin,BLAminus,NTin,CTin,60.53,73.27,14.21,,,6.48,13.61,2.7,,,,,3.45,8.09,7.36,9.81,3.72,8.12,4.64,3.25,3.52,3.55,N/A,0.93
csk-wtcat_holo_seed-1010778_sample-0_model,csk-wtcat_holo/seed-1010778_sample-0,model.cif,A,CSK-WT,Inactive (BLBplus),Unpaired,,,,,,,Intact,Intact,Out,Packed,DFGin,BLBplus,NTin,CTin,56.22,48.78,15.19,11.77,129.55,4.65,14.06,5.45,3.31,2.05,2.98,4.85,3.57,4.14,6.97,10.01,4.24,7.92,4.02,3.37,2.91,3.52,0.95,0.91
csk-wtcat_holo_seed-1010778_sample-1_model,csk-wtcat_holo/seed-1010778_sample-1,model.cif,A,CSK-WT,Inactive (BLBplus),Unpaired,,,,,,,Intact,Intact,Out,Packed,DFGin,BLBplus,NTout,CTin,58.17,23.27,14.04,10.61,130.68,5.38,13.31,13.92,3.22,2.0,2.66,3.18,3.58,4.06,7.12,10.2,4.08,9.42,3.96,3.71,3.23,3.57,0.94,0.91
csk-wtcat_holo_seed-1010778_sample-2_model,csk-wtcat_holo/seed-1010778_sample-2,model.cif,A,CSK-WT,Inactive (BLAplus),Unpaired,,,,,,,Intact,Intact,Out,Packed,DFGin,BLAplus,NTin,CTin,55.03,49.34,15.02,10.85,132.25,5.53,13.44,17.34,4.01,1.95,2.78,3.41,3.51,4.27,6.97,10.05,4.01,8.73,3.81,3.74,3.39,3.64,0.94,0.91
csk-wtcat_holo_seed-1010778_sample-3_model,csk-wtcat_holo/seed-1010778_sample-3,model.cif,A,CSK-WT,Inactive (BLBplus),Unpaired,,,,,,,Intact,Intact,Out,Packed,DFGin,BLBplus,NTin,CTin,54.84,35.45,13.41,10.38,131.4,5.67,13.61,17.25,2.48,2.11,2.63,3.19,3.52,4.0,7.16,10.32,4.18,9.61,3.85,3.43,3.47,3.5,0.95,0.91
csk-wtcat_holo_seed-1010778_sample-4_model,csk-wtcat_holo/seed-1010778_sample-4,model.cif,A,CSK-WT,Inactive (BLAplus),Unpaired,,,,,,,Intact,Intact,Out,Packed,DFGin,BLAplus,NTin,CTin,54.12,46.27,14.63,10.64,126.24,5.74,13.5,17.32,4.61,1.97,2.95,2.6,3.51,4.16,7.05,10.03,4.2,9.54,4.47,3.65,3.33,3.55,0.94,0.91
csk-wtcat_holo_seed-1036017_sample-0_model,csk-wtcat_holo/seed-1036017_sample-0,model.cif,A,CSK-WT,Active (BLAminus),Unpaired,,,,,,,Intact,Intact,Out,Packed,DFGin,BLAminus,NTin,CTin,58.87,85.12,14.3,10.43,127.35,7.45,14.09,17.03,4.38,1.77,2.66,2.63,3.39,4.07,7.12,10.04,3.92,9.0,3.83,3.75,3.38,3.54,0.95,0.92
csk-wtcat_holo_seed-1036017_sample-1_model,csk-wtcat_holo/seed-1036017_sample-1,model.cif,A,CSK-WT,Inactive (BLBplus),Unpaired,,,,,,,Intact,Intact,Out,Packed,DFGin,BLBplus,NTout,CTin,63.74,22.58,14.35,10.5,115.88,5.99,13.58,17.71,5.14,2.0,2.88,2.59,3.5,4.0,7.13,10.18,4.19,9.5,3.86,3.63,3.5,3.53,0.95,0.92
csk-wtcat_holo_seed-1036017_sample-2_model,csk-wtcat_holo/seed-1036017_sample-2,model.cif,A,CSK-WT,Inactive (BLAplus),Unpaired,,,,,,,Intact,Intact,Out,Packed,DFGin,BLAplus,NTin,CTin,56.98,42.82,14.99,11.0,134.28,6.19,13.77,17.37,3.73,1.96,2.79,3.09,3.53,4.13,7.16,10.14,4.04,9.3,3.9,3.76,3.47,3.52,0.95,0.91
csk-wtcat_holo_seed-1036017_sample-3_model,csk-wtcat_holo/seed-1036017_sample-3,model.cif,A,CSK-WT,Inactive (BLBplus),Unpaired,,,,,,,Intact,Intact,Out,Packed,DFGin,BLBplus,NTout,CTin,58.83,21.0,13.89,10.52,133.62,5.61,13.41,16.75,3.08,1.82,2.59,3.24,3.49,4.17,7.16,10.31,4.09,9.54,4.13,3.69,3.96,3.63,0.93,0.91
csk-wtcat_holo_seed-1036017_sample-4_model,csk-wtcat_holo/seed-1036017_sample-4,model.cif,A,CSK-WT,Inactive (BLAplus),Unpaired,,,,,,,Intact,Intact,Out,Packed,DFGin,BLAplus,NTin,CTin,54.36,48.48,14.11,10.6,129.57,5.51,13.19,17.43,3.95,1.9,2.76,3.09,3.49,4.33,6.94,9.95,4.19,8.82,3.89,3.65,3.28,3.54,0.94,0.92
csk-wtcat_holo_seed-1063242_sample-0_model,csk-wtcat_holo/seed-1063242_sample-0,model.cif,A,CSK-WT,Inactive (BLBplus),Unpaired,,,,,,,Intact,Intact,Out,Packed,DFGin,BLBplus,NTout,CTin,58.98,19.58,14.05,10.6,127.1,5.57,13.19,13.58,3.98,2.0,2.77,3.14,3.56,4.13,7.16,10.29,4.12,9.48,3.93,3.59,3.28,3.6,0.94,0.91
csk-wtcat_holo_seed-1063242_sample-1_model,csk-wtcat_holo/seed-1063242_sample-1,model.cif,A,CSK-WT,Inactive (BLAplus),Unpaired,,,,,,,Intact,Intact,Out,Packed,DFGin,BLAplus,NTin,CTin,49.38,55.83,13.73,10.35,128.32,5.59,13.35,17.65,3.27,2.01,2.48,3.19,3.46,4.11,7.07,10.04,4.05,9.4,3.81,3.66,3.34,3.54,0.95,0.91
csk-wtcat_holo_seed-1063242_sample-2_model,csk-wtcat_holo/seed-1063242_sample-2,model.cif,A,CSK-WT,Inactive (BLBplus),Unpaired,,,,,,,Broken,Intact,Out,Packed,DFGin,BLBplus,NTin,CTin,57.31,43.32,14.16,10.78,128.82,6.08,14.12,17.33,3.19,2.27,3.1,3.33,3.54,4.09,7.12,10.36,4.3,8.93,3.86,3.6,3.32,3.53,0.95,0.92
csk-wtcat_holo_seed-1063242_sample-3_model,csk-wtcat_holo/seed-1063242_sample-3,model.cif,A,CSK-WT,Inactive (BLAplus),Unpaired,,,,,,,Intact,Intact,Out,Packed,DFGin,BLAplus,NTin,CTin,49.99,51.17,14.49,10.73,131.39,5.62,13.3,17.38,3.59,1.95,2.71,3.34,3.52,4.28,7.08,9.99,4.0,9.41,3.93,3.78,3.27,3.56,0.94,0.91
csk-wtcat_holo_seed-1063242_sample-4_model,csk-wtcat_holo/seed-1063242_sample-4,model.cif,A,CSK-WT,Inactive (BLAplus),Unpaired,,,,,,,Broken,Intact,Out,Packed,DFGin,BLAplus,NTin,CTin,56.62,43.66,14.24,10.43,122.82,6.08,13.7,17.12,4.27,2.02,2.89,2.79,3.57,4.02,7.16,10.09,4.09,9.19,3.83,3.75,3.35,3.58,0.94,0.92
csk-wtcat_holo_seed-1077057_sample-0_model,csk-wtcat_holo/seed-1077057_sample-0,model.cif,A,CSK-WT,Inactive (BLBplus),Unpaired,,,,,,,Intact,Intact,Out,Packed,DFGin,BLBplus,NTout,CTin,59.59,25.73,14.45,10.49,121.27,5.67,13.52,13.74,4.71,2.07,3.01,2.64,3.51,4.07,7.11,10.15,4.06,9.53,3.86,3.66,3.23,3.55,0.94,0.91
csk-wtcat_holo_seed-1077057_sample-1_model,csk-wtcat_holo/seed-1077057_sample-1,model.cif,A,CSK-WT,Active (BLAminus),Unpaired,,,,,,,Broken,Intact,Out,Packed,DFGin,BLAminus,NTin,CTin,60.94,85.0,13.33,9.89,122.94,6.89,14.03,11.92,4.26,2.52,2.59,2.97,3.62,4.14,7.04,9.78,4.14,8.19,3.55,3.74,3.05,3.64,0.94,0.91
csk-wtcat_holo_seed-1077057_sample-2_model,csk-wtcat_holo/seed-1077057_sample-2,model.cif,A,CSK-WT,Inactive (BLAplus),Unpaired,,,,,,,Intact,Intact,Out,Packed,DFGin,BLAplus,NTin,CTin,53.97,44.84,16.41,12.85,128.59,6.28,13.14,17.02,3.7,1.87,2.87,3.56,3.54,4.08,7.13,10.08,4.1,9.09,3.88,3.65,3.41,3.52,0.94,0.92
csk-wtcat_holo_seed-1077057_sample-3_model,csk-wtcat_holo/seed-1077057_sample-3,model.cif,A,CSK-WT,Inactive (BLAplus),Unpaired,,,,,,,Broken,Intact,Out,Packed,DFGin,BLAplus,NTin,CTin,58.4,33.52,14.88,10.99,135.76,6.17,13.65,16.75,3.27,1.9,2.56,3.21,3.5,3.99,7.26,10.09,4.06,8.8,3.94,3.84,3.56,3.6,0.95,0.91
csk-wtcat_holo_seed-1077057_sample-4_model,csk-wtcat_holo/seed-1077057_sample-4,model.cif,A,CSK-WT,Inactive (BLAplus),Unpaired,,,,,,,Intact,Intact,Out,Packed,DFGin,BLAplus,NTin,CTin,56.39,46.46,13.32,10.93,117.35,5.91,12.93,16.18,3.38,1.82,2.65,3.3,3.53,4.04,7.1,9.98,4.32,9.14,3.95,3.6,3.45,3.56,0.94,0.91
csk-wtcat_holo_seed-1105652_sample-0_model,csk-wtcat_holo/seed-1105652_sample-0,model.cif,A,CSK-WT,Active (BLAminus),Unpaired,,,,,,,Broken,Intact,Out,Packed,DFGin,BLAminus,NTin,CTin,70.77,86.28,13.8,10.54,124.41,6.47,14.14,17.21,3.77,2.79,3.06,2.92,3.47,4.05,7.06,10.19,4.14,9.5,3.79,3.72,3.47,3.57,0.95,0.92
csk-wtcat_holo_seed-1105652_sample-1_model,csk-wtcat_holo/seed-1105652_sample-1,model.cif,A,CSK-WT,Inactive (BLBplus),Unpaired,,,,,,,Broken,Intact,Out,Packed,DFGin,BLBplus,NTin,CTin,58.83,37.68,14.67,10.69,128.84,6.05,13.95,17.84,3.99,2.09,3.02,2.93,3.5,4.0,7.2,10.26,4.01,9.0,3.88,3.75,3.85,3.53,0.95,0.92
csk-wtcat_holo_seed-1105652_sample-2_model,csk-wtcat_holo/seed-1105652_sample-2,model.cif,A,CSK-WT,Inactive (BLBplus),Unpaired,,,,,,,Intact,Intact,Out,Packed,DFGin,BLBplus,NTout,CTin,59.11,20.37,13.73,10.32,125.52,5.45,13.24,16.96,3.87,2.19,2.76,3.15,3.52,4.06,7.15,10.17,4.15,9.44,3.93,3.71,3.18,3.59,0.94,0.91
csk-wtcat_holo_seed-1105652_sample-3_model,csk-wtcat_holo/seed-1105652_sample-3,model.cif,A,CSK-WT,Inactive (BLAplus),Unpaired,,,,,,,Intact,Intact,Out,Packed,DFGin,BLAplus,NTin,CTin,55.32,45.8,14.7,10.59,133.94,5.63,13.38,16.95,4.36,1.93,2.77,2.85,3.46,4.26,6.96,10.09,4.17,9.28,3.8,3.58,3.36,3.58,0.95,0.91
csk-wtcat_holo_seed-1105652_sample-4_model,csk-wtcat_holo/seed-1105652_sample-4,model.cif,A,CSK-WT,Inactive (BLBplus),Unpaired,,,,,,,Intact,Intact,Out,Packed,DFGin,BLBplus,NTout,CTin,58.85,21.18,13.77,10.6,127.38,5.6,13.15,14.21,3.45,1.9,2.66,3.19,3.57,4.03,7.16,10.29,4.11,9.49,3.9,3.65,3.2,3.6,0.94,0.91
csk-wtcat_holo_seed-1132066_sample-0_model,csk-wtcat_holo/seed-1132066_sample-0,model.cif,A,CSK-WT,Inactive (BLAplus),Unpaired,,,,,,,Broken,Intact,Out,Packed,DFGin,BLAplus,NTin,CTin,52.8,43.54,14.65,11.02,132.71,5.97,13.65,17.28,3.3,2.02,2.83,3.25,3.59,4.11,7.11,10.01,4.08,9.29,3.86,3.62,3.4,3.54,0.95,0.92
csk-wtcat_holo_seed-1132066_sample-1_model,csk-wtcat_holo/seed-1132066_sample-1,model.cif,A,CSK-WT,Active (BLAminus),Unpaired,,,,,,,Broken,Intact,Out,Packed,DFGin,BLAminus,NTin,CTin,62.06,82.18,15.5,11.02,133.8,6.38,15.03,15.54,4.66,4.27,4.28,3.15,3.49,4.19,6.98,10.01,4.1,8.75,3.9,3.74,3.4,3.74,0.94,0.91
csk-wtcat_holo_seed-1132066_sample-2_model,csk-wtcat_holo/seed-1132066_sample-2,model.cif,A,CSK-WT,Inactive (BLBplus),Unpaired,,,,,,,Intact,Intact,Out,Packed,DFGin,BLBplus,NTout,CTin,58.47,21.29,13.75,10.41,119.19,5.47,13.13,13.9,4.48,1.94,2.72,2.51,3.54,4.04,7.14,10.3,4.14,9.49,3.96,3.64,3.23,3.61,0.93,0.91
csk-wtcat_holo_seed-1132066_sample-3_model,csk-wtcat_holo/seed-1132066_sample-3,model.cif,A,CSK-WT,Inactive (BLAplus),Unpaired,,,,,,,Intact,Intact,Out,Packed,DFGin,BLAplus,NTin,CTin,51.38,52.45,14.15,10.36,129.07,5.72,13.05,17.45,4.45,1.84,2.63,2.62,3.53,4.08,7.08,9.89,4.12,8.87,3.85,3.6,3.58,3.53,0.94,0.92
csk-wtcat_holo_seed-1132066_sample-4_model,csk-wtcat_holo/seed-1132066_sample-4,model.cif,A,CSK-WT,Inactive (BLBplus),Unpaired,,,,,,,Intact,Intact,Out,Packed,DFGin,BLBplus,NTin,CTin,56.76,41.93,14.68,11.09,127.96,5.59,13.32,17.38,3.36,2.16,2.95,3.2,3.44,4.03,7.1,10.3,4.13,9.03,3.82,3.61,3.47,3.48,0.95,0.92
csk-wtcat_holo_seed-1199691_sample-0_model,csk-wtcat_holo/seed-1199691_sample-0,model.cif,A,CSK-WT,Inactive (BLAplus),Unpaired,,,,,,,Intact,Intact,Out,Packed,DFGin,BLAplus,NTin,CTin,52.88,54.73,13.99,10.55,131.09,5.7,13.39,17.03,3.78,1.96,2.7,3.07,3.52,4.16,7.01,10.11,4.28,9.58,3.92,3.58,3.2,3.64,0.94,0.91
csk-wtcat_holo_seed-1199691_sample-1_model,csk-wtcat_holo/seed-1199691_sample-1,model.cif,A,CSK-WT,Inactive (BLAplus),Unpaired,,,,,,,Intact,Intact,Out,Packed,DFGin,BLAplus,NTin,CTin,53.45,49.3,12.6,9.47,111.17,5.5,13.05,16.31,3.87,1.93,2.7,2.82,3.55,4.03,7.13,9.98,4.22,9.19,3.84,3.74,3.41,3.55,0.94,0.91
csk-wtcat_holo_seed-1199691_sample-2_model,csk-wtcat_holo/seed-1199691_sample-2,model.cif,A,CSK-WT,Inactive (BLAplus),Unpaired,,,,,,,Broken,Intact,Out,Packed,DFGin,BLAplus,NTin,CTin,56.51,40.2,14.38,10.86,128.13,5.9,13.19,17.3,4.04,2.0,2.91,2.94,3.53,4.05,7.11,10.1,4.24,8.43,3.86,3.54,3.41,3.56,0.94,0.91
csk-wtcat_holo_seed-1199691_sample-3_model,csk-wtcat_holo/seed-1199691_sample-3,model.cif,A,CSK-WT,Active (BLAminus),Unpaired,,,,,,,Intact,Intact,Out,Packed,DFGin,BLAminus,NTin,CTin,62.33,82.38,15.08,10.79,129.27,7.7,14.19,17.05,4.78,1.84,2.81,3.1,3.53,4.16,7.04,10.18,4.06,9.23,4.49,3.72,3.62,3.59,0.94,0.92
csk-wtcat_holo_seed-1199691_sample-4_model,csk-wtcat_holo/seed-1199691_sample-4,model.cif,A,CSK-WT,Inactive (BLAplus),Unpaired,,,,,,,Intact,Intact,Out,Packed,DFGin,BLAplus,NTin,CTin,56.51,46.98,15.51,11.44,141.12,5.89,14.26,17.27,4.49,1.9,2.83,3.5,3.56,4.19,7.09,9.96,3.99,8.91,5.62,3.77,3.34,3.55,0.94,0.92
csk-wtcat_holo_seed-1397207_sample-0_model,csk-wtcat_holo/seed-1397207_sample-0,model.cif,A,CSK-WT,Inactive (BLBplus),Unpaired,,,,,,,Intact,Intact,Out,Packed,DFGin,BLBplus,NTout,CTin,58.75,20.71,13.88,10.52,130.36,5.44,13.36,13.9,3.25,2.0,2.77,3.31,3.59,4.08,7.14,10.24,4.13,9.44,3.95,3.72,3.19,3.59,0.93,0.91
csk-wtcat_holo_seed-1397207_sample-1_model,csk-wtcat_holo/seed-1397207_sample-1,model.cif,A,CSK-WT,Active (BLAminus),Unpaired,,,,,,,Broken,Intact,Out,Packed,DFGin,BLAminus,NTin,CTin,65.45,88.42,14.73,11.23,133.75,7.09,14.4,17.03,3.23,1.95,2.64,3.38,3.54,4.1,7.06,10.07,4.03,8.94,4.52,3.76,3.56,3.58,0.95,0.92
csk-wtcat_holo_seed-1397207_sample-2_model,csk-wtcat_holo/seed-1397207_sample-2,model.cif,A,CSK-WT,Active (BLAminus),Unpaired,,,,,,,Broken,Intact,Out,Packed,DFGin,BLAminus,NTin,CTin,59.32,87.61,14.79,11.04,131.65,6.87,14.34,16.99,3.57,1.72,2.78,3.3,3.47,4.12,7.08,10.16,4.1,9.52,3.89,3.57,3.4,3.62,0.94,0.92
csk-wtcat_holo_seed-1397207_sample-3_model,csk-wtcat_holo/seed-1397207_sample-3,model.cif,A,CSK-WT,Active (BLAminus),Unpaired,,,,,,,Broken,Intact,Out,Packed,DFGin,BLAminus,NTin,CTin,63.04,82.06,14.81,11.07,133.47,7.22,14.64,14.86,3.3,1.91,2.64,3.28,3.55,4.16,7.08,10.17,4.05,8.58,3.86,3.73,3.66,3.6,0.94,0.92
csk-wtcat_holo_seed-1397207_sample-4_model,csk-wtcat_holo/seed-1397207_sample-4,model.cif,A,CSK-WT,Active (BLAminus),Unpaired,,,,,,,Broken,Intact,Out,Packed,DFGin,BLAminus,NTin,CTin,66.47,85.32,15.16,11.08,130.02,6.75,14.66,16.9,3.87,1.91,2.79,3.28,3.5,4.04,7.15,10.15,4.07,9.47,3.87,3.74,3.43,3.66,0.95,0.92
csk-wtcat_holo_seed-1446321_sample-0_model,csk-wtcat_holo/seed-1446321_sample-0,model.cif,A,CSK-WT,Inactive (BLAplus),Unpaired,,,,,,,Intact,Intact,Out,Packed,DFGin,BLAplus,NTin,CTin,53.19,44.86,14.29,10.59,132.55,5.78,13.81,17.45,3.39,2.06,2.86,3.37,3.43,4.24,7.0,10.17,4.11,9.52,4.15,3.75,2.98,3.5,0.95,0.91
csk-wtcat_holo_seed-1446321_sample-1_model,csk-wtcat_holo/seed-1446321_sample-1,model.cif,A,CSK-WT,Active (BLAminus),Unpaired,,,,,,,Broken,Intact,Out,Packed,DFGin,BLAminus,NTin,CTin,60.98,79.16,13.84,10.32,126.06,6.49,13.72,16.78,3.51,2.09,3.15,3.44,3.52,4.1,7.05,9.99,4.17,9.52,3.96,3.59,3.48,3.53,0.94,0.91
csk-wtcat_holo_seed-1446321_sample-2_model,csk-wtcat_holo/seed-1446321_sample-2,model.cif,A,CSK-WT,Active (BLAminus),Unpaired,,,,,,,Intact,Intact,Out,Packed,DFGin,BLAminus,NTin,CTin,61.71,83.68,15.0,10.7,130.1,6.98,14.72,16.77,4.36,2.48,3.34,3.12,3.58,4.11,7.03,9.96,4.05,8.66,3.79,3.87,3.39,3.58,0.95,0.92
csk-wtcat_holo_seed-1446321_sample-3_model,csk-wtcat_holo/seed-1446321_sample-3,model.cif,A,CSK-WT,Inactive (BLAplus),Unpaired,,,,,,,Broken,Intact,Out,Packed,DFGin,BLAplus,NTin,CTin,52.56,50.92,15.13,10.89,132.0,5.98,13.72,17.21,3.9,1.96,2.82,3.35,3.58,4.12,7.08,10.02,4.22,9.23,4.44,3.62,3.2,3.56,0.94,0.91
csk-wtcat_holo_seed-1446321_sample-4_model,csk-wtcat_holo/seed-1446321_sample-4,model.cif,A,CSK-WT,Inactive (BLBplus),Unpaired,,,,,,,Intact,Intact,Out,Packed,DFGin,BLBplus,NTout,CTin,62.1,18.08,13.35,10.42,123.01,5.76,13.31,14.89,3.39,1.94,2.8,3.21,3.56,4.08,7.12,10.11,4.18,9.45,3.9,3.6,3.27,3.59,0.94,0.91
csk-wtcat_holo_seed-1457711_sample-0_model,csk-wtcat_holo/seed-1457711_sample-0,model.cif,A,CSK-WT,Inactive (BLBplus),Unpaired,,,,,,,Intact,Intact,Out,Packed,DFGin,BLBplus,NTout,CTin,61.24,24.78,14.47,10.6,114.98,5.82,14.03,17.62,5.41,2.13,2.96,2.9,3.58,4.05,7.16,10.17,4.09,9.52,3.84,3.74,3.38,3.54,0.94,0.92
csk-wtcat_holo_seed-1457711_sample-1_model,csk-wtcat_holo/seed-1457711_sample-1,model.cif,A,CSK-WT,Active (BLAminus),Unpaired,,,,,,,Broken,Intact,Out,Packed,DFGin,BLAminus,NTin,CTin,62.86,87.89,13.0,10.51,117.57,6.72,14.21,15.93,3.29,1.87,2.79,3.32,3.52,4.07,7.1,10.14,4.28,9.42,3.92,3.67,3.57,3.6,0.95,0.91
csk-wtcat_holo_seed-1457711_sample-2_model,csk-wtcat_holo/seed-1457711_sample-2,model.cif,A,CSK-WT,Inactive (BLBplus),Unpaired,,,,,,,Intact,Intact,Out,Packed,DFGin,BLBplus,NTin,CTin,56.11,37.94,14.17,10.48,131.04,5.35,13.5,16.74,4.12,2.16,3.08,3.04,3.53,4.06,7.07,10.18,4.17,9.03,3.85,3.67,3.59,3.53,0.95,0.92
csk-wtcat_holo_seed-1457711_sample-3_model,csk-wtcat_holo/seed-1457711_sample-3,model.cif,A,CSK-WT,Inactive (BLAplus),Unpaired,,,,,,,Intact,Intact,Out,Packed,DFGin,BLAplus,NTin,CTin,57.33,41.19,14.55,10.68,124.81,5.82,13.69,17.06,4.3,1.97,2.78,2.75,3.5,4.07,7.16,10.16,4.06,8.83,3.49,3.83,2.62,3.59,0.94,0.92
csk-wtcat_holo_seed-1457711_sample-4_model,csk-wtcat_holo/seed-1457711_sample-4,model.cif,A,CSK-WT,Inactive (BLAplus),Unpaired,,,,,,,Intact,Intact,Out,Packed,DFGin,BLAplus,NTin,CTin,50.03,53.77,15.46,11.16,133.38,5.71,13.31,17.36,4.61,1.88,2.84,3.29,3.54,4.13,7.03,9.93,4.09,8.63,4.39,3.79,3.36,3.7,0.94,0.91
csk-wtcat_holo_seed-1510744_sample-0_model,csk-wtcat_holo/seed-1510744_sample-0,model.cif,A,CSK-WT,Inactive (BLBplus),Unpaired,,,,,,,Intact,Intact,Out,Packed,DFGin,BLBplus,NTout,CTin,61.29,20.15,13.76,10.72,126.91,5.61,13.15,14.54,3.27,1.9,2.8,3.19,3.57,4.05,7.16,10.25,4.12,9.48,3.93,3.65,3.25,3.6,0.94,0.91
csk-wtcat_holo_seed-1510744_sample-1_model,csk-wtcat_holo/seed-1510744_sample-1,model.cif,A,CSK-WT,Inactive (BLAplus),Unpaired,,,,,,,Intact,Intact,Out,Packed,DFGin,BLAplus,NTin,CTin,58.45,27.74,13.57,10.49,115.57,5.86,13.2,17.91,3.75,2.09,3.06,3.01,3.47,4.17,7.14,10.11,4.0,8.97,3.88,3.73,3.57,3.52,0.94,0.92
csk-wtcat_holo_seed-1510744_sample-2_model,csk-wtcat_holo/seed-1510744_sample-2,model.cif,A,CSK-WT,Inactive (BLBplus),Unpaired,,,,,,,Intact,Intact,Out,Packed,DFGin,BLBplus,NTout,CTin,59.67,19.8,13.61,10.33,119.36,5.57,13.23,13.77,3.98,1.96,2.7,2.84,3.56,4.08,7.17,10.25,4.12,9.57,3.98,3.59,3.25,3.64,0.93,0.91
csk-wtcat_holo_seed-1510744_sample-3_model,csk-wtcat_holo/seed-1510744_sample-3,model.cif,A,CSK-WT,Inactive (BLBplus),Unpaired,,,,,,,Intact,Intact,Out,Packed,DFGin,BLBplus,NTout,CTin,58.93,23.28,13.88,10.53,128.32,5.44,13.09,14.0,3.3,1.91,2.69,3.23,3.5,4.07,7.15,10.25,4.11,9.45,3.94,3.67,3.24,3.61,0.94,0.91
csk-wtcat_holo_seed-1510744_sample-4_model,csk-wtcat_holo/seed-1510744_sample-4,model.cif,A,CSK-WT,Inactive (BLBplus),Unpaired,,,,,,,Intact,Intact,Out,Packed,DFGin,BLBplus,NTout,CTin,58.79,21.05,13.65,10.57,128.9,5.55,12.9,13.57,2.93,1.77,2.47,3.22,3.46,4.05,7.11,10.24,4.13,9.49,3.92,3.7,3.19,3.57,0.94,0.91
csk-wtcat_holo_seed-1582125_sample-0_model,csk-wtcat_holo/seed-1582125_sample-0,model.cif,A,CSK-WT,Inactive (BLBplus),Unpaired,,,,,,,Intact,Intact,Out,Packed,DFGin,BLBplus,NTout,CTin,57.57,27.03,14.45,10.64,118.19,5.75,13.32,16.94,4.95,2.0,2.92,2.62,3.47,4.16,7.01,10.11,4.18,9.54,3.84,3.61,3.31,3.54,0.94,0.91
csk-wtcat_holo_seed-1582125_sample-1_model,csk-wtcat_holo/seed-1582125_sample-1,model.cif,A,CSK-WT,Inactive (BLBplus),Unpaired,,,,,,,Broken,Intact,Out,Packed,DFGin,BLBplus,NTin,CTin,57.05,46.01,14.51,10.9,132.11,6.05,14.07,17.34,3.08,2.16,3.04,3.39,3.54,4.04,7.16,10.29,4.02,9.0,3.85,3.78,3.46,3.52,0.95,0.91
csk-wtcat_holo_seed-1582125_sample-2_model,csk-wtcat_holo/seed-1582125_sample-2,model.cif,A,CSK-WT,Active (BLAminus),Unpaired,,,,,,,Broken,Intact,Out,Packed,DFGin,BLAminus,NTin,CTin,61.79,79.65,15.24,10.94,128.8,7.33,14.78,16.7,4.23,1.82,2.86,3.23,3.49,4.03,7.09,10.06,4.07,8.73,3.78,3.75,3.25,3.58,0.95,0.92
csk-wtcat_holo_seed-1582125_sample-3_model,csk-wtcat_holo/seed-1582125_sample-3,model.cif,A,CSK-WT,Active (BLAminus),Unpaired,,,,,,,Broken,Intact,Out,Packed,DFGin,BLAminus,NTin,CTin,68.98,82.44,12.93,10.35,118.5,6.53,13.43,16.55,3.66,2.25,2.73,2.91,3.46,3.95,7.21,10.41,4.16,9.11,3.91,3.79,3.32,3.74,0.94,0.91
csk-wtcat_holo_seed-1582125_sample-4_model,csk-wtcat_holo/seed-1582125_sample-4,model.cif,A,CSK-WT,Active (BLAminus),Unpaired,,,,,,,Broken,Intact,Out,Packed,DFGin,BLAminus,NTin,CTin,65.26,81.34,15.37,11.27,137.21,6.98,14.4,16.69,4.12,2.71,2.72,3.38,3.48,4.13,7.02,10.11,4.14,8.76,3.78,3.73,3.4,3.61,0.94,0.91
csk-wtcat_holo_seed-1603459_sample-0_model,csk-wtcat_holo/seed-1603459_sample-0,model.cif,A,CSK-WT,Inactive (BLAplus),Unpaired,,,,,,,Intact,Intact,Out,Packed,DFGin,BLAplus,NTin,CTin,53.32,49.86,15.14,10.96,128.86,5.78,13.15,17.07,4.6,1.94,2.75,2.77,3.53,4.12,7.09,9.95,4.24,8.78,3.98,3.63,3.63,3.55,0.95,0.92
csk-wtcat_holo_seed-1603459_sample-1_model,csk-wtcat_holo/seed-1603459_sample-1,model.cif,A,CSK-WT,Inactive (BLBplus),Unpaired,,,,,,,Intact,Intact,Out,Packed,DFGin,BLBplus,NTin,CTin,55.17,38.24,15.05,11.04,131.67,5.53,13.43,16.95,4.53,2.15,3.0,3.24,3.53,4.04,7.08,10.15,4.08,9.51,3.89,3.68,3.41,3.53,0.95,0.92
csk-wtcat_holo_seed-1603459_sample-2_model,csk-wtcat_holo/seed-1603459_sample-2,model.cif,A,CSK-WT,Inactive (BLAplus),Unpaired,,,,,,,Intact,Intact,Out,Packed,DFGin,BLAplus,NTin,CTin,54.28,46.95,15.4,11.96,126.73,5.75,13.23,17.43,3.53,1.92,2.66,3.23,3.51,4.1,7.13,10.16,4.06,9.68,3.9,3.74,3.47,3.57,0.95,0.92
csk-wtcat_holo_seed-1603459_sample-3_model,csk-wtcat_holo/seed-1603459_sample-3,model.cif,A,CSK-WT,Active (BLAminus),Unpaired,,,,,,,Broken,Intact,Out,Packed,DFGin,BLAminus,NTin,CTin,66.63,75.46,14.18,10.78,124.4,6.48,14.46,17.23,3.72,2.21,3.31,2.93,3.55,4.07,7.17,10.0,4.08,8.81,5.79,3.73,3.41,3.58,0.95,0.92
csk-wtcat_holo_seed-1603459_sample-4_model,csk-wtcat_holo/seed-1603459_sample-4,model.cif,A,CSK-WT,Inactive (BLAplus),Unpaired,,,,,,,Intact,Intact,Out,Packed,DFGin,BLAplus,NTin,CTin,53.02,48.95,15.39,11.18,135.05,5.66,13.67,16.36,4.22,1.9,2.73,3.29,3.56,4.01,7.14,9.93,4.14,8.38,3.87,3.77,3.33,3.57,0.95,0.92
csk-wtcat_holo_seed-1607507_sample-0_model,csk-wtcat_holo/seed-1607507_sample-0,model.cif,A,CSK-WT,Inactive (BLBplus),Unpaired,,,,,,,Intact,Intact,Out,Packed,DFGin,BLBplus,NTout,CTin,60.58,24.07,15.01,11.03,134.09,5.68,13.42,16.99,4.53,2.04,2.99,3.34,3.57,4.13,7.04,10.15,4.16,9.52,3.8,3.84,3.38,3.55,0.95,0.93
csk-wtcat_holo_seed-1607507_sample-1_model,csk-wtcat_holo/seed-1607507_sample-1,model.cif,A,CSK-WT,Inactive (BLBplus),Unpaired,,,,,,,Intact,Intact,Out,Packed,DFGin,BLBplus,NTout,CTin,58.91,21.9,13.86,10.77,130.47,5.28,12.99,14.07,3.24,2.01,2.53,3.31,3.46,4.13,7.05,10.15,4.09,9.45,4.62,3.71,3.13,3.59,0.94,0.91
csk-wtcat_holo_seed-1607507_sample-2_model,csk-wtcat_holo/seed-1607507_sample-2,model.cif,A,CSK-WT,Active (BLAminus),Unpaired,,,,,,,Broken,Intact,Out,Packed,DFGin,BLAminus,NTin,CTin,63.0,88.62,12.27,9.61,115.56,6.91,13.64,16.63,4.21,1.85,2.75,2.82,3.54,4.07,7.04,10.02,4.18,8.88,3.91,3.5,3.33,3.58,0.95,0.92
csk-wtcat_holo_seed-1607507_sample-3_model,csk-wtcat_holo/seed-1607507_sample-3,model.cif,A,CSK-WT,Inactive (BLBplus),Unpaired,,,,,,,Broken,Intact,Out,Packed,DFGin,BLBplus,NTin,CTin,63.77,21.18,13.85,10.32,132.64,6.02,13.62,17.61,3.96,2.02,2.9,2.82,3.45,4.05,7.08,10.37,4.23,9.04,3.86,3.57,3.49,3.52,0.95,0.92
csk-wtcat_holo_seed-1607507_sample-4_model,csk-wtcat_holo/seed-1607507_sample-4,model.cif,A,CSK-WT,Active (BLAminus),Unpaired,,,,,,,Broken,Intact,Out,Packed,DFGin,BLAminus,NTin,CTin,67.49,85.59,14.08,10.53,130.59,6.97,14.61,15.84,3.39,2.45,2.75,3.33,3.54,4.16,7.05,10.12,4.15,9.03,4.55,3.67,3.61,3.56,0.95,0.92
csk-wtcat_holo_seed-162796_sample-0_model,csk-wtcat_holo/seed-162796_sample-0,model.cif,A,CSK-WT,Inactive (BLAplus),Unpaired,,,,,,,Intact,Intact,Out,Packed,DFGin,BLAplus,NTin,CTin,58.8,26.61,14.46,10.79,132.11,5.7,13.63,17.61,3.36,2.01,2.86,3.32,3.49,4.03,7.15,10.2,4.03,9.11,3.84,3.64,3.37,3.54,0.95,0.92
csk-wtcat_holo_seed-162796_sample-1_model,csk-wtcat_holo/seed-162796_sample-1,model.cif,A,CSK-WT,Inactive (BLAplus),Unpaired,,,,,,,Broken,Intact,Out,Packed,DFGin,BLAplus,NTin,CTin,59.49,39.95,14.07,10.84,125.85,6.28,13.62,17.51,3.88,2.03,2.98,2.93,3.53,4.04,7.09,10.02,4.25,9.07,3.85,3.65,3.38,3.56,0.94,0.91
csk-wtcat_holo_seed-162796_sample-2_model,csk-wtcat_holo/seed-162796_sample-2,model.cif,A,CSK-WT,Inactive (BLBplus),Unpaired,,,,,,,Intact,Intact,Out,Packed,DFGin,BLBplus,NTout,CTin,58.87,23.48,13.56,10.44,127.04,5.39,12.94,14.23,3.22,1.89,2.65,3.1,3.46,4.08,7.14,10.08,4.13,9.43,3.89,3.62,3.14,3.58,0.94,0.91
csk-wtcat_holo_seed-162796_sample-3_model,csk-wtcat_holo/seed-162796_sample-3,model.cif,A,CSK-WT,Inactive (BLBplus),Unpaired,,,,,,,Intact,Intact,Out,Packed,DFGin,BLBplus,NTin,CTin,56.69,27.96,14.6,10.58,134.78,5.51,13.78,16.77,3.29,2.09,2.95,3.36,3.55,3.99,7.11,10.23,4.1,9.33,3.87,3.65,3.44,3.54,0.95,0.92
csk-wtcat_holo_seed-162796_sample-4_model,csk-wtcat_holo/seed-162796_sample-4,model.cif,A,CSK-WT,Active (BLAminus),Unpaired,,,,,,,Broken,Intact,Out,Packed,DFGin,BLAminus,NTin,CTin,65.46,93.84,14.14,10.86,129.58,7.1,13.81,17.36,3.11,2.85,2.56,3.37,3.51,4.18,6.99,10.08,4.03,8.48,3.77,3.7,3.35,3.57,0.95,0.91
csk-wtcat_holo_seed-1633166_sample-0_model,csk-wtcat_holo/seed-1633166_sample-0,model.cif,A,CSK-WT,Inactive (BLAplus),Unpaired,,,,,,,Intact,Intact,Out,Packed,DFGin,BLAplus,NTin,CTin,55.95,49.14,14.65,10.8,127.99,5.59,13.52,16.85,4.85,1.89,2.75,2.94,3.5,4.25,7.0,10.01,4.24,9.21,4.47,3.7,3.42,3.57,0.95,0.92
csk-wtcat_holo_seed-1633166_sample-1_model,csk-wtcat_holo/seed-1633166_sample-1,model.cif,A,CSK-WT,Active (BLAminus),Unpaired,,,,,,,Broken,Intact,Out,Packed,DFGin,BLAminus,NTin,CTin,63.0,83.59,12.7,10.23,113.24,6.68,14.17,16.49,3.85,1.81,2.71,3.04,3.51,4.0,7.12,10.11,4.24,9.02,3.87,3.74,3.61,3.59,0.95,0.92
csk-wtcat_holo_seed-1633166_sample-2_model,csk-wtcat_holo/seed-1633166_sample-2,model.cif,A,CSK-WT,Inactive (BLBplus),Unpaired,,,,,,,Intact,Intact,Out,Packed,DFGin,BLBplus,NTin,CTin,57.05,35.42,14.84,10.87,135.55,5.78,13.75,17.08,3.41,2.13,3.07,3.33,3.52,4.09,7.11,10.18,4.18,8.77,3.8,3.73,3.45,3.52,0.95,0.92
csk-wtcat_holo_seed-1633166_sample-3_model,csk-wtcat_holo/seed-1633166_sample-3,model.cif,A,CSK-WT,Inactive (BLBplus),Unpaired,,,,,,,Intact,Intact,Out,Packed,DFGin,BLBplus,NTout,CTin,62.5,21.07,13.49,10.17,128.23,5.8,13.57,17.1,3.62,2.04,2.94,3.1,3.48,4.07,7.05,10.2,4.28,9.6,4.45,3.66,3.38,3.49,0.94,0.91
csk-wtcat_holo_seed-1633166_sample-4_model,csk-wtcat_holo/seed-1633166_sample-4,model.cif,A,CSK-WT,Inactive (BLAplus),Unpaired,,,,,,,Intact,Intact,Out,Packed,DFGin,BLAplus,NTin,CTin,54.91,48.34,14.8,10.99,133.98,5.8,13.59,17.8,3.31,1.79,2.65,3.35,3.44,4.22,7.07,10.06,4.17,8.74,3.87,3.74,3.52,3.57,0.95,0.92
csk-wtcat_holo_seed-1637554_sample-0_model,csk-wtcat_holo/seed-1637554_sample-0,model.cif,A,CSK-WT,Inactive (BLBplus),Unpaired,,,,,,,Intact,Intact,Out,Packed,DFGin,BLBplus,NTout,CTin,57.45,21.92,13.56,10.5,125.01,5.37,12.85,14.07,3.33,1.88,2.56,3.25,3.48,4.13,7.04,10.3,4.17,9.48,3.86,3.64,3.21,3.6,0.94,0.91
csk-wtcat_holo_seed-1637554_sample-1_model,csk-wtcat_holo/seed-1637554_sample-1,model.cif,A,CSK-WT,Inactive (BLAplus),Unpaired,,,,,,,Broken,Intact,Out,Packed,DFGin,BLAplus,NTin,CTin,52.01,43.41,14.53,10.56,128.03,5.9,13.67,17.43,3.82,1.91,2.75,3.31,3.49,3.97,7.14,10.11,3.99,9.73,3.91,3.79,3.24,3.53,0.94,0.91
csk-wtcat_holo_seed-1637554_sample-2_model,csk-wtcat_holo/seed-1637554_sample-2,model.cif,A,CSK-WT,Inactive (BLBplus),Unpaired,,,,,,,Intact,Intact,Out,Packed,DFGin,BLBplus,NTin,CTin,56.54,39.18,14.68,10.73,133.27,5.55,13.67,17.36,4.16,2.21,3.17,2.83,3.54,4.16,7.12,10.19,4.17,9.08,3.92,3.58,3.55,3.5,0.95,0.92
csk-wtcat_holo_seed-1637554_sample-3_model,csk-wtcat_holo/seed-1637554_sample-3,model.cif,A,CSK-WT,Inactive (BLAplus),Unpaired,,,,,,,Intact,Intact,Out,Packed,DFGin,BLAplus,NTin,CTin,49.58,55.01,14.71,10.85,133.08,5.49,13.58,16.6,4.41,1.93,2.66,3.14,3.43,4.25,6.96,9.88,4.11,8.56,3.85,3.63,3.33,3.54,0.95,0.92
csk-wtcat_holo_seed-1637554_sample-4_model,csk-wtcat_holo/seed-1637554_sample-4,model.cif,A,CSK-WT,Inactive (BLAplus),Unpaired,,,,,,,Intact,Intact,Out,Packed,DFGin,BLAplus,NTin,CTin,54.69,46.77,15.01,10.94,134.48,5.52,14.1,17.55,3.52,1.92,2.72,3.38,3.52,4.14,7.1,10.06,3.9,9.38,3.78,3.75,3.36,3.55,0.95,0.92
csk-wtcat_holo_seed-1660026_sample-0_model,csk-wtcat_holo/seed-1660026_sample-0,model.cif,A,CSK-WT,Inactive (BLAplus),Unpaired,,,,,,,Intact,Intact,Out,Packed,DFGin,BLAplus,NTin,CTin,60.56,24.96,14.05,10.83,126.86,5.73,13.35,17.41,3.14,2.08,2.99,3.25,3.44,4.04,7.13,10.23,4.06,9.08,3.89,3.68,3.32,3.53,0.95,0.91
csk-wtcat_holo_seed-1660026_sample-1_model,csk-wtcat_holo/seed-1660026_sample-1,model.cif,A,CSK-WT,Inactive (BLBplus),Unpaired,,,,,,,Intact,Intact,Out,Packed,DFGin,BLBplus,NTout,CTin,57.87,26.17,13.92,10.17,128.98,5.68,13.62,17.63,3.55,1.95,2.84,3.08,3.42,4.21,7.01,10.19,4.02,9.49,3.81,3.71,3.23,3.48,0.94,0.91
csk-wtcat_holo_seed-1660026_sample-2_model,csk-wtcat_holo/seed-1660026_sample-2,model.cif,A,CSK-WT,Inactive (BLAplus),Unpaired,,,,,,,Broken,Intact,Out,Packed,DFGin,BLAplus,NTin,CTin,55.9,42.01,14.56,10.76,128.45,6.04,14.0,17.97,4.31,2.04,2.86,2.88,3.5,4.03,7.17,10.11,4.12,9.37,3.87,3.75,3.72,3.5,0.95,0.92
csk-wtcat_holo_seed-1660026_sample-3_model,csk-wtcat_holo/seed-1660026_sample-3,model.cif,A,CSK-WT,Inactive (BLAplus),Unpaired,,,,,,,Broken,Intact,Out,Packed,DFGin,BLAplus,NTin,CTin,60.5,21.27,14.02,10.64,121.93,5.88,13.26,17.96,3.79,2.04,3.03,2.91,3.52,4.13,7.12,10.11,4.21,8.99,3.87,3.41,3.39,3.6,0.94,0.91
csk-wtcat_holo_seed-1660026_sample-4_model,csk-wtcat_holo/seed-1660026_sample-4,model.cif,A,CSK-WT,Inactive (BLAplus),Unpaired,,,,,,,Intact,Intact,Out,Packed,DFGin,BLAplus,NTin,CTin,55.42,49.59,14.44,10.46,133.52,5.68,13.42,16.23,3.41,1.91,2.61,3.3,3.55,4.07,7.09,9.93,4.19,9.25,3.99,3.56,3.44,3.54,0.95,0.92
csk-wtcat_holo_seed-1832619_sample-0_model,csk-wtcat_holo/seed-1832619_sample-0,model.cif,A,CSK-WT,Active (BLAminus),Unpaired,,,,,,,Broken,Intact,Out,Packed,DFGin,BLAminus,NTin,CTin,63.23,89.05,14.67,10.47,132.32,6.95,14.34,16.34,4.79,1.71,2.9,2.8,3.56,4.12,7.09,10.04,4.15,9.0,3.89,3.73,3.63,3.63,0.94,0.91
csk-wtcat_holo_seed-1832619_sample-1_model,csk-wtcat_holo/seed-1832619_sample-1,model.cif,A,CSK-WT,Inactive (BLBplus),Unpaired,,,,,,,Intact,Intact,Out,Packed,DFGin,BLBplus,NTout,CTin,61.75,23.79,13.96,10.42,118.97,5.86,13.58,14.28,4.07,2.11,2.9,3.22,3.49,4.02,7.12,10.12,4.25,9.49,3.84,3.65,3.48,3.52,0.94,0.92
csk-wtcat_holo_seed-1832619_sample-2_model,csk-wtcat_holo/seed-1832619_sample-2,model.cif,A,CSK-WT,Inactive (BLBplus),Unpaired,,,,,,,Intact,Intact,Out,Packed,DFGin,BLBplus,NTin,CTin,55.52,39.5,14.64,10.8,142.3,5.69,13.76,17.12,4.23,2.07,2.85,3.4,3.56,4.16,7.03,10.15,4.22,8.23,3.83,3.62,3.68,3.49,0.95,0.92
csk-wtcat_holo_seed-1832619_sample-3_model,csk-wtcat_holo/seed-1832619_sample-3,model.cif,A,CSK-WT,Inactive (BLBplus),Unpaired,,,,,,,Intact,Intact,Out,Packed,DFGin,BLBplus,NTout,CTin,59.79,20.64,13.79,10.56,130.97,5.45,13.12,14.2,3.17,1.89,2.69,3.21,3.49,4.08,7.12,10.26,4.22,9.5,3.94,3.69,3.22,3.63,0.94,0.91
csk-wtcat_holo_seed-1832619_sample-4_model,csk-wtcat_holo/seed-1832619_sample-4,model.cif,A,CSK-WT,Active (BLAminus),Unpaired,,,,,,,Broken,Intact,Out,Packed,DFGin,BLAminus,NTin,CTin,64.51,84.9,14.57,10.52,129.53,6.66,14.16,15.47,4.61,2.7,3.24,2.86,3.51,4.15,7.02,10.08,4.19,9.16,3.78,3.73,3.45,3.56,0.94,0.92
csk-wtcat_holo_seed-189567_sample-0_model,csk-wtcat_holo/seed-189567_sample-0,model.cif,A,CSK-WT,Inactive (BLBplus),Unpaired,,,,,,,Intact,Intact,Out,Packed,DFGin,BLBplus,NTin,CTin,55.33,38.34,13.69,10.72,127.8,5.74,13.03,17.76,3.27,2.21,2.94,3.2,3.53,4.07,7.08,10.41,4.13,8.99,3.88,3.6,3.53,3.5,0.95,0.92
csk-wtcat_holo_seed-189567_sample-1_model,csk-wtcat_holo/seed-189567_sample-1,model.cif,A,CSK-WT,Inactive (BLAplus),Unpaired,,,,,,,Intact,Intact,Out,Packed,DFGin,BLAplus,NTin,CTin,56.24,43.48,11.81,9.77,102.77,5.93,12.84,16.95,3.42,2.08,2.77,3.25,3.49,3.97,7.11,10.03,4.26,8.66,3.97,3.6,3.42,3.53,0.94,0.91
csk-wtcat_holo_seed-189567_sample-2_model,csk-wtcat_holo/seed-189567_sample-2,model.cif,A,CSK-WT,Inactive (BLBplus),Unpaired,,,,,,,Intact,Intact,Out,Packed,DFGin,BLBplus,NTout,CTin,59.03,21.14,13.54,10.55,125.34,5.51,13.28,14.0,3.08,1.95,2.67,3.18,3.5,4.14,7.11,10.26,4.16,9.49,3.93,3.59,3.24,3.58,0.94,0.91
csk-wtcat_holo_seed-189567_sample-3_model,csk-wtcat_holo/seed-189567_sample-3,model.cif,A,CSK-WT,Inactive (BLBplus),Unpaired,,,,,,,Intact,Intact,Out,Packed,DFGin,BLBplus,NTout,CTout,59.05,28.17,14.76,10.57,129.28,5.87,13.96,17.64,3.86,1.98,2.96,3.38,3.49,4.06,7.07,10.23,4.13,9.45,3.89,3.74,3.26,3.51,0.94,0.92
csk-wtcat_holo_seed-189567_sample-4_model,csk-wtcat_holo/seed-189567_sample-4,model.cif,A,CSK-WT,Inactive (BLBplus),Unpaired,,,,,,,Intact,Intact,Out,Packed,DFGin,BLBplus,NTout,CTin,60.84,22.08,14.48,10.65,123.48,5.83,13.54,17.55,4.21,2.02,2.98,3.2,3.63,4.11,7.07,10.13,4.14,9.62,3.88,3.54,3.52,3.56,0.95,0.92
csk-wtcat_holo_seed-1961992_sample-0_model,csk-wtcat_holo/seed-1961992_sample-0,model.cif,A,CSK-WT,Active (BLAminus),Unpaired,,,,,,,Broken,Intact,Out,Packed,DFGin,BLAminus,NTin,CTin,61.91,89.32,14.52,10.94,118.74,7.1,13.96,16.97,4.84,1.92,3.15,3.17,3.54,4.14,7.04,9.99,4.21,8.97,3.87,3.66,3.5,3.6,0.94,0.91
csk-wtcat_holo_seed-1961992_sample-1_model,csk-wtcat_holo/seed-1961992_sample-1,model.cif,A,CSK-WT,Inactive (BLAplus),Unpaired,,,,,,,Broken,Intact,Out,Packed,DFGin,BLAplus,NTin,CTin,57.63,40.78,14.5,10.51,125.18,6.1,13.54,17.33,4.26,1.96,2.83,3.32,3.48,4.0,7.13,10.24,4.01,9.49,4.59,3.79,3.61,3.48,0.94,0.91
csk-wtcat_holo_seed-1961992_sample-2_model,csk-wtcat_holo/seed-1961992_sample-2,model.cif,A,CSK-WT,Inactive (BLBplus),Unpaired,,,,,,,Intact,Intact,Out,Packed,DFGin,BLBplus,NTout,CTin,61.58,21.98,14.6,10.61,120.42,5.92,13.5,17.85,4.9,2.01,2.92,2.59,3.54,4.07,7.08,10.22,4.15,9.58,3.85,3.65,3.43,3.56,0.95,0.92
csk-wtcat_holo_seed-1961992_sample-3_model,csk-wtcat_holo/seed-1961992_sample-3,model.cif,A,CSK-WT,Inactive (BLBplus),Unpaired,,,,,,,Broken,Intact,Out,Packed,DFGin,BLBplus,NTin,CTin,55.38,42.59,13.36,10.27,131.2,5.6,13.65,17.71,2.91,2.19,2.98,3.09,3.63,4.1,7.12,10.36,4.02,9.02,3.89,3.57,3.5,3.52,0.95,0.92
csk-wtcat_holo_seed-1961992_sample-4_model,csk-wtcat_holo/seed-1961992_sample-4,model.cif,A,CSK-WT,Inactive (BLAplus),Unpaired,,,,,,,Intact,Intact,Out,Packed,DFGin,BLAplus,NTin,CTin,56.95,42.76,14.27,10.8,130.63,5.94,13.37,17.5,4.08,1.94,2.79,2.98,3.52,4.13,7.08,10.12,4.13,9.0,3.89,3.6,3.42,3.54,0.94,0.92
csk-wtcat_holo_seed-1998199_sample-0_model,csk-wtcat_holo/seed-1998199_sample-0,model.cif,A,CSK-WT,Inactive (BLAplus),Unpaired,,,,,,,Intact,Intact,Out,Packed,DFGin,BLAplus,NTin,CTin,54.5,49.06,15.7,11.2,134.12,5.86,13.58,16.73,4.83,1.9,2.83,3.35,3.5,4.07,7.13,10.07,4.05,9.62,5.72,3.78,3.34,3.63,0.94,0.92
csk-wtcat_holo_seed-1998199_sample-1_model,csk-wtcat_holo/seed-1998199_sample-1,model.cif,A,CSK-WT,Inactive (BLAplus),Unpaired,,,,,,,Intact,Intact,Out,Packed,DFGin,BLAplus,NTin,CTin,52.07,51.13,13.83,10.51,123.35,5.64,13.13,17.42,3.78,1.85,2.78,3.12,3.52,4.14,7.04,9.98,4.12,9.6,3.78,3.76,3.21,3.53,0.94,0.91
csk-wtcat_holo_seed-1998199_sample-2_model,csk-wtcat_holo/seed-1998199_sample-2,model.cif,A,CSK-WT,Inactive (BLBplus),Unpaired,,,,,,,Intact,Intact,Out,Packed,DFGin,BLBplus,NTout,CTin,61.46,21.46,13.83,10.71,130.7,5.44,13.2,14.02,3.13,1.87,2.7,3.15,3.53,4.05,7.17,10.2,4.19,9.44,3.93,3.77,3.19,3.6,0.94,0.91
csk-wtcat_holo_seed-1998199_sample-3_model,csk-wtcat_holo/seed-1998199_sample-3,model.cif,A,CSK-WT,Inactive (BLAplus),Unpaired,,,,,,,Intact,Intact,Out,Packed,DFGin,BLAplus,NTout,CTin,57.55,33.77,14.82,10.9,132.43,5.34,13.87,15.23,3.96,2.12,2.92,3.38,3.54,4.18,7.04,10.18,4.18,9.58,3.8,3.79,3.31,3.53,0.95,0.93
csk-wtcat_holo_seed-1998199_sample-4_model,csk-wtcat_holo/seed-1998199_sample-4,model.cif,A,CSK-WT,Inactive (BLAplus),Unpaired,,,,,,,Broken,Intact,Out,Packed,DFGin,BLAplus,NTin,CTin,56.89,40.89,15.1,10.85,131.77,5.99,13.9,18.42,4.44,2.09,3.0,2.92,3.51,4.04,7.19,10.21,4.15,8.82,5.66,3.68,3.43,3.55,0.95,0.92
csk-wtcat_holo_seed-204844_sample-0_model,csk-wtcat_holo/seed-204844_sample-0,model.cif,A,CSK-WT,Active (BLAminus),Unpaired,,,,,,,Broken,Intact,Out,Packed,DFGin,BLAminus,NTin,CTin,62.46,84.88,12.84,10.46,112.42,7.54,13.5,14.94,4.16,2.08,3.03,2.88,3.5,4.25,6.95,9.96,4.21,8.9,3.58,3.53,3.55,3.59,0.94,0.91
csk-wtcat_holo_seed-204844_sample-1_model,csk-wtcat_holo/seed-204844_sample-1,model.cif,A,CSK-WT,Inactive (BLAplus),Unpaired,,,,,,,Intact,Intact,Out,Packed,DFGin,BLAplus,NTin,CTin,55.63,51.33,14.78,10.66,131.54,5.75,13.32,17.01,3.7,1.86,2.69,3.42,3.46,4.16,7.07,9.94,4.15,8.98,3.85,3.58,3.31,3.54,0.94,0.91
csk-wtcat_holo_seed-204844_sample-2_model,csk-wtcat_holo/seed-204844_sample-2,model.cif,A,CSK-WT,Active (BLAminus),Unpaired,,,,,,,Broken,Intact,Out,Packed,DFGin,BLAminus,NTin,CTin,65.24,85.24,14.36,10.44,141.14,6.77,14.39,12.39,4.96,3.2,2.63,3.16,3.57,4.13,7.07,9.98,4.2,9.21,4.09,3.55,3.29,3.57,0.94,0.91
csk-wtcat_holo_seed-204844_sample-3_model,csk-wtcat_holo/seed-204844_sample-3,model.cif,A,CSK-WT,Active (BLAminus),Unpaired,,,,,,,Intact,Intact,Out,Packed,DFGin,BLAminus,NTin,CTin,58.39,74.27,14.5,10.86,130.8,6.99,14.99,17.23,3.55,1.85,2.55,3.31,3.43,4.05,7.15,10.3,3.97,9.05,3.87,3.73,3.31,3.54,0.94,0.92
csk-wtcat_holo_seed-204844_sample-4_model,csk-wtcat_holo/seed-204844_sample-4,model.cif,A,CSK-WT,Active (BLAminus),Unpaired,,,,,,,Intact,Intact,Out,Packed,DFGin,BLAminus,NTin,CTin,62.75,80.3,15.11,11.06,135.51,7.44,14.65,16.94,3.71,1.98,2.82,3.33,3.58,4.07,7.12,9.95,4.05,8.81,3.83,3.75,3.4,3.56,0.95,0.92
csk-wtcat_holo_seed-234294_sample-0_model,csk-wtcat_holo/seed-234294_sample-0,model.cif,A,CSK-WT,Inactive (BLAplus),Unpaired,,,,,,,Intact,Intact,Out,Packed,DFGin,BLAplus,NTin,CTin,53.77,48.14,15.01,10.95,140.91,5.68,14.1,16.86,4.46,1.74,2.64,3.18,3.6,4.02,7.14,9.97,4.07,9.29,3.89,3.86,3.39,3.58,0.94,0.91
csk-wtcat_holo_seed-234294_sample-1_model,csk-wtcat_holo/seed-234294_sample-1,model.cif,A,CSK-WT,Active (BLAminus),Unpaired,,,,,,,Broken,Intact,Out,Packed,DFGin,BLAminus,NTin,CTin,56.92,75.39,14.49,10.85,127.47,7.22,14.14,17.18,4.05,1.92,2.83,3.34,3.47,4.09,7.05,10.06,4.11,9.5,3.91,3.55,3.42,3.58,0.95,0.92
csk-wtcat_holo_seed-234294_sample-2_model,csk-wtcat_holo/seed-234294_sample-2,model.cif,A,CSK-WT,Active (BLAminus),Unpaired,,,,,,,Broken,Intact,Out,Packed,DFGin,BLAminus,NTin,CTin,66.11,76.49,14.07,11.31,114.46,6.96,14.03,16.0,4.52,2.46,3.66,3.11,3.43,4.04,7.04,10.11,4.23,9.37,3.95,3.58,3.34,3.59,0.94,0.91
csk-wtcat_holo_seed-234294_sample-3_model,csk-wtcat_holo/seed-234294_sample-3,model.cif,A,CSK-WT,Inactive (BLAplus),Unpaired,,,,,,,Broken,Intact,Out,Packed,DFGin,BLAplus,NTin,CTin,56.3,40.8,14.64,10.56,131.99,6.07,14.34,17.8,3.69,2.11,2.86,3.42,3.51,4.12,7.17,10.15,4.06,9.31,3.89,3.65,3.45,3.55,0.95,0.92
csk-wtcat_holo_seed-234294_sample-4_model,csk-wtcat_holo/seed-234294_sample-4,model.cif,A,CSK-WT,Inactive (BLBplus),Unpaired,,,,,,,Intact,Intact,Out,Packed,DFGin,BLBplus,NTin,CTin,55.57,35.0,14.37,10.51,134.7,5.29,13.48,17.14,4.09,2.08,2.98,3.0,3.43,4.13,7.1,10.35,4.0,8.86,3.85,3.82,3.38,3.55,0.95,0.92
csk-wtcat_holo_seed-268466_sample-0_model,csk-wtcat_holo/seed-268466_sample-0,model.cif,A,CSK-WT,Inactive (BLBplus),Unpaired,,,,,,,Intact,Intact,Out,Packed,DFGin,BLBplus,NTout,CTin,61.66,31.18,13.83,10.62,128.85,5.79,13.59,17.16,3.07,2.04,2.73,3.36,3.54,4.03,7.12,10.13,4.08,9.51,3.92,3.74,3.4,3.5,0.95,0.91
csk-wtcat_holo_seed-268466_sample-1_model,csk-wtcat_holo/seed-268466_sample-1,model.cif,A,CSK-WT,Inactive (BLAplus),Unpaired,,,,,,,Intact,Intact,Out,Packed,DFGin,BLAplus,NTin,CTin,58.94,32.81,14.42,10.82,131.74,5.47,12.96,16.51,3.24,1.86,2.79,3.27,3.52,4.03,7.14,9.89,4.23,9.07,3.9,3.31,3.44,3.59,0.95,0.91
csk-wtcat_holo_seed-268466_sample-2_model,csk-wtcat_holo/seed-268466_sample-2,model.cif,A,CSK-WT,Inactive (BLBplus),Unpaired,,,,,,,Intact,Intact,Out,Packed,DFGin,BLBplus,NTout,CTin,61.78,19.39,13.81,10.76,123.99,5.68,13.31,14.61,3.24,2.02,2.83,3.1,3.54,4.08,7.17,10.31,4.2,9.58,3.94,3.65,3.3,3.61,0.94,0.91
csk-wtcat_holo_seed-268466_sample-3_model,csk-wtcat_holo/seed-268466_sample-3,model.cif,A,CSK-WT,Inactive (BLAplus),Unpaired,,,,,,,Intact,Intact,Out,Packed,DFGin,BLAplus,NTin,CTin,52.91,49.17,14.61,10.7,133.4,5.61,13.24,16.81,3.43,1.91,2.71,3.34,3.45,4.19,7.05,9.99,4.03,8.66,3.85,3.69,3.38,3.55,0.95,0.91
csk-wtcat_holo_seed-268466_sample-4_model,csk-wtcat_holo/seed-268466_sample-4,model.cif,A,CSK-WT,Inactive (BLBplus),Unpaired,,,,,,,Intact,Intact,Out,Packed,DFGin,BLBplus,NTout,CTin,58.09,20.59,13.85,10.52,130.33,5.5,13.2,14.13,3.03,1.92,2.69,3.23,3.49,4.1,7.11,10.29,4.04,9.55,3.9,4.06,3.26,3.59,0.94,0.91
csk-wtcat_holo_seed-274658_sample-0_model,csk-wtcat_holo/seed-274658_sample-0,model.cif,A,CSK-WT,Active (BLAminus),Unpaired,,,,,,,Intact,Intact,Out,Packed,DFGin,BLAminus,NTin,CTin,61.27,85.6,13.96,10.28,130.64,7.46,14.35,16.78,4.17,1.72,2.98,3.04,3.51,4.08,7.06,10.05,4.07,8.46,3.83,3.72,3.4,3.56,0.94,0.91
csk-wtcat_holo_seed-274658_sample-1_model,csk-wtcat_holo/seed-274658_sample-1,model.cif,A,CSK-WT,Active (BLAminus),Unpaired,,,,,,,Broken,Intact,Out,Packed,DFGin,BLAminus,NTin,CTin,60.52,78.76,14.58,10.61,132.94,7.24,14.98,13.6,4.34,1.78,2.76,3.25,3.5,4.12,6.99,9.92,4.13,8.65,3.8,3.62,3.45,3.49,0.94,0.91
csk-wtcat_holo_seed-274658_sample-2_model,csk-wtcat_holo/seed-274658_sample-2,model.cif,A,CSK-WT,Inactive (BLAplus),Unpaired,,,,,,,Intact,Intact,Out,Packed,DFGin,BLAplus,NTin,CTin,51.77,52.09,14.28,10.68,128.89,6.08,13.01,14.26,3.46,1.9,2.63,3.18,3.51,4.05,7.12,10.1,4.17,8.54,3.86,3.62,3.54,3.56,0.95,0.91
csk-wtcat_holo_seed-274658_sample-3_model,csk-wtcat_holo/seed-274658_sample-3,model.cif,A,CSK-WT,Active (BLAminus),Unpaired,,,,,,,Intact,Intact,Out,Packed,DFGin,BLAminus,NTin,CTin,66.19,91.76,13.07,10.08,125.25,7.07,13.68,16.98,4.25,1.69,2.68,3.01,3.45,3.95,7.13,10.1,4.06,9.6,3.88,3.81,3.3,3.6,0.94,0.91
csk-wtcat_holo_seed-274658_sample-4_model,csk-wtcat_holo/seed-274658_sample-4,model.cif,A,CSK-WT,Inactive (BLBplus),Unpaired,,,,,,,Intact,Intact,Out,Packed,DFGin,BLBplus,NTout,CTin,61.72,22.46,14.21,10.61,118.47,5.76,13.6,17.61,4.78,2.01,2.88,2.75,3.53,4.08,7.14,10.22,4.2,9.65,3.89,3.6,3.37,3.53,0.95,0.92
csk-wtcat_holo_seed-368208_sample-0_model,csk-wtcat_holo/seed-368208_sample-0,model.cif,A,CSK-WT,Inactive (BLAplus),Unpaired,,,,,,,Broken,Intact,Out,Packed,DFGin,BLAplus,NTin,CTin,54.79,49.47,14.79,11.07,127.74,5.89,13.38,17.44,3.79,1.98,2.68,3.25,3.53,4.1,7.11,10.02,4.12,9.02,3.91,3.61,3.51,3.57,0.95,0.92
csk-wtcat_holo_seed-368208_sample-1_model,csk-wtcat_holo/seed-368208_sample-1,model.cif,A,CSK-WT,Inactive (BLAplus),Unpaired,,,,,,,Intact,Intact,Out,Packed,DFGin,BLAplus,NTin,CTin,53.24,50.28,14.5,10.75,131.73,5.68,13.13,15.01,3.62,1.98,2.65,3.4,3.48,4.27,7.0,9.87,4.1,8.47,4.48,3.6,3.35,3.56,0.95,0.92
csk-wtcat_holo_seed-368208_sample-2_model,csk-wtcat_holo/seed-368208_sample-2,model.cif,A,CSK-WT,Inactive (BLAplus),Unpaired,,,,,,,Intact,Intact,Out,Packed,DFGin,BLAplus,NTin,CTin,49.76,51.26,14.12,10.13,125.32,5.47,13.18,17.55,5.0,1.84,2.76,2.83,3.48,4.3,7.0,10.04,4.11,8.79,4.48,3.66,3.27,3.56,0.94,0.91
csk-wtcat_holo_seed-368208_sample-3_model,csk-wtcat_holo/seed-368208_sample-3,model.cif,A,CSK-WT,Inactive (BLAplus),Unpaired,,,,,,,Intact,Intact,Out,Packed,DFGin,BLAplus,NTin,CTin,53.85,51.34,14.33,10.66,129.55,5.28,13.19,16.55,3.5,1.94,2.75,3.33,3.53,4.13,7.06,9.93,4.17,9.34,3.89,3.61,3.41,3.55,0.95,0.91
csk-wtcat_holo_seed-368208_sample-4_model,csk-wtcat_holo/seed-368208_sample-4,model.cif,A,CSK-WT,Inactive (BLBplus),Unpaired,,,,,,,Intact,Intact,Out,Packed,DFGin,BLBplus,NTin,CTin,57.85,21.95,13.77,10.53,129.54,5.65,13.14,13.89,3.08,1.94,2.61,3.22,3.47,3.94,7.21,10.29,4.19,9.48,3.97,3.63,3.23,3.59,0.94,0.91
csk-wtcat_holo_seed-397855_sample-0_model,csk-wtcat_holo/seed-397855_sample-0,model.cif,A,CSK-WT,Inactive (BLBplus),Unpaired,,,,,,,Intact,Intact,Out,Packed,DFGin,BLBplus,NTin,CTin,62.31,31.03,14.27,10.79,123.11,6.08,13.99,16.79,4.29,2.02,2.85,3.14,3.48,4.05,7.14,10.18,4.36,8.91,3.82,3.6,3.43,3.53,0.95,0.92
csk-wtcat_holo_seed-397855_sample-1_model,csk-wtcat_holo/seed-397855_sample-1,model.cif,A,CSK-WT,Inactive (BLAplus),Unpaired,,,,,,,Intact,Intact,Out,Packed,DFGin,BLAplus,NTin,CTin,56.44,42.29,14.74,10.97,131.04,5.72,13.5,16.96,3.36,2.02,2.8,3.21,3.54,4.09,7.14,10.1,4.16,9.24,3.87,3.63,3.41,3.49,0.95,0.92
csk-wtcat_holo_seed-397855_sample-2_model,csk-wtcat_holo/seed-397855_sample-2,model.cif,A,CSK-WT,Inactive (BLBplus),Unpaired,,,,,,,Intact,Intact,Out,Packed,DFGin,BLBplus,NTin,CTin,56.83,37.92,13.95,10.37,136.08,5.36,13.54,16.9,2.83,2.1,2.84,3.34,3.48,4.03,7.13,10.19,4.15,8.86,3.83,3.6,3.36,3.47,0.95,0.92
csk-wtcat_holo_seed-397855_sample-3_model,csk-wtcat_holo/seed-397855_sample-3,model.cif,A,CSK-WT,Inactive (BLAplus),Unpaired,,,,,,,Intact,Intact,Out,Packed,DFGin,BLAplus,NTin,CTin,54.97,53.08,14.34,10.81,126.67,5.6,13.52,17.34,4.23,1.87,2.7,3.31,3.59,4.13,7.15,9.93,4.2,9.37,3.9,3.7,3.32,3.56,0.95,0.92
csk-wtcat_holo_seed-397855_sample-4_model,csk-wtcat_holo/seed-397855_sample-4,model.cif,A,CSK-WT,Active (BLAminus),Unpaired,,,,,,,Broken,Intact,Out,Packed,DFGin,BLAminus,NTin,CTin,64.07,83.51,14.4,10.6,135.42,7.09,14.94,17.65,3.43,1.87,2.67,3.39,3.55,4.1,7.07,9.96,4.11,9.21,3.8,3.7,3.23,3.57,0.95,0.93
csk-wtcat_holo_seed-440440_sample-0_model,csk-wtcat_holo/seed-440440_sample-0,model.cif,A,CSK-WT,Active (BLAminus),Unpaired,,,,,,,Intact,Intact,Out,Packed,DFGin,BLAminus,NTin,CTin,60.61,80.92,15.01,11.1,114.03,7.59,13.71,16.62,4.45,1.94,2.91,4.66,3.49,3.95,7.11,10.05,4.31,9.3,3.91,3.64,3.28,3.58,0.94,0.92
csk-wtcat_holo_seed-440440_sample-1_model,csk-wtcat_holo/seed-440440_sample-1,model.cif,A,CSK-WT,Inactive (BLBplus),Unpaired,,,,,,,Intact,Intact,Out,Packed,DFGin,BLBplus,NTin,CTin,55.54,34.13,14.71,11.0,130.7,5.9,13.84,16.81,3.62,2.07,2.97,3.31,3.47,4.01,7.12,10.21,4.01,8.95,3.81,3.77,3.36,3.55,0.95,0.92
csk-wtcat_holo_seed-440440_sample-2_model,csk-wtcat_holo/seed-440440_sample-2,model.cif,A,CSK-WT,Inactive (BLAplus),Unpaired,,,,,,,Intact,Intact,Out,Packed,DFGin,BLAplus,NTin,CTin,51.49,51.24,12.59,8.94,116.9,5.61,13.0,15.4,4.78,1.75,2.68,2.96,3.61,4.07,7.01,9.95,4.22,8.62,3.93,3.6,3.3,3.56,0.94,0.91
csk-wtcat_holo_seed-440440_sample-3_model,csk-wtcat_holo/seed-440440_sample-3,model.cif,A,CSK-WT,Inactive (BLAplus),Unpaired,,,,,,,Broken,Intact,Out,Packed,DFGin,BLAplus,NTin,CTin,58.58,41.64,14.4,10.65,118.73,6.0,13.66,17.08,4.77,1.91,2.79,2.65,3.48,4.0,7.14,10.25,4.22,8.99,3.83,3.59,3.42,3.52,0.95,0.92
csk-wtcat_holo_seed-440440_sample-4_model,csk-wtcat_holo/seed-440440_sample-4,model.cif,A,CSK-WT,Inactive (BLBplus),Unpaired,,,,,,,Intact,Intact,Out,Packed,DFGin,BLBplus,NTout,CTin,58.11,20.9,13.81,10.66,127.35,5.35,13.12,16.85,3.58,1.97,2.75,3.24,3.47,4.17,7.06,10.28,4.04,9.45,3.86,3.67,3.14,3.59,0.94,0.91
csk-wtcat_holo_seed-553111_sample-0_model,csk-wtcat_holo/seed-553111_sample-0,model.cif,A,CSK-WT,Inactive (BLAplus),Unpaired,,,,,,,Intact,Intact,Out,Packed,DFGin,BLAplus,NTin,CTin,54.74,45.31,14.56,10.54,124.13,5.92,13.64,17.58,4.05,1.93,2.63,3.34,3.62,4.12,7.15,10.01,4.06,8.67,3.79,3.77,3.27,3.55,0.95,0.92
csk-wtcat_holo_seed-553111_sample-1_model,csk-wtcat_holo/seed-553111_sample-1,model.cif,A,CSK-WT,Active (BLAminus),Unpaired,,,,,,,Intact,Intact,Out,Packed,DFGin,BLAminus,NTin,CTin,62.17,74.99,13.08,10.36,108.47,7.54,13.76,15.85,4.37,1.98,2.9,2.81,3.49,4.15,7.03,10.0,4.29,8.67,3.94,3.63,3.44,3.58,0.94,0.91
csk-wtcat_holo_seed-553111_sample-2_model,csk-wtcat_holo/seed-553111_sample-2,model.cif,A,CSK-WT,Inactive (BLAplus),Unpaired,,,,,,,Intact,Intact,Out,Packed,DFGin,BLAplus,NTin,CTin,52.78,52.81,14.58,10.55,125.16,5.93,13.12,17.29,4.87,1.82,2.63,2.49,3.54,4.11,7.1,9.91,4.11,9.11,3.82,3.71,3.42,3.58,0.94,0.92
csk-wtcat_holo_seed-553111_sample-3_model,csk-wtcat_holo/seed-553111_sample-3,model.cif,A,CSK-WT,Inactive (BLBplus),Unpaired,,,,,,,Intact,Intact,Out,Packed,DFGin,BLBplus,NTout,CTin,58.28,21.03,13.57,10.44,124.37,5.59,13.15,16.82,3.27,1.97,2.71,3.18,3.55,4.02,7.16,10.2,4.07,9.43,3.89,4.05,3.21,3.59,0.94,0.91
csk-wtcat_holo_seed-553111_sample-4_model,csk-wtcat_holo/seed-553111_sample-4,model.cif,A,CSK-WT,Inactive (BLAplus),Unpaired,,,,,,,Broken,Intact,Out,Packed,DFGin,BLAplus,NTin,CTin,57.53,43.32,14.99,10.81,123.23,5.97,13.68,17.55,4.79,2.0,2.87,2.86,3.5,4.03,7.15,10.16,4.08,9.48,3.83,3.81,3.48,3.49,0.94,0.92
csk-wtcat_holo_seed-555075_sample-0_model,csk-wtcat_holo/seed-555075_sample-0,model.cif,A,CSK-WT,Inactive (BLAplus),Unpaired,,,,,,,Intact,Intact,Out,Packed,DFGin,BLAplus,NTin,CTin,53.78,54.55,15.54,10.68,135.89,5.42,13.64,16.86,5.56,1.92,3.02,2.7,3.53,4.18,7.04,9.8,4.09,8.68,3.82,3.81,3.3,3.58,0.94,0.91
csk-wtcat_holo_seed-555075_sample-1_model,csk-wtcat_holo/seed-555075_sample-1,model.cif,A,CSK-WT,Inactive (BLAplus),Unpaired,,,,,,,Broken,Intact,Out,Packed,DFGin,BLAplus,NTin,CTin,57.7,46.4,14.4,10.76,129.22,5.94,13.63,17.1,3.84,1.95,2.8,3.08,3.54,4.01,7.17,10.02,4.16,8.61,3.84,3.77,3.45,3.54,0.95,0.92
csk-wtcat_holo_seed-555075_sample-2_model,csk-wtcat_holo/seed-555075_sample-2,model.cif,A,CSK-WT,Inactive (BLBplus),Unpaired,,,,,,,Intact,Intact,Out,Packed,DFGin,BLBplus,NTout,CTin,58.28,22.4,13.83,10.52,127.66,5.47,13.32,14.03,4.04,2.08,2.76,2.87,3.47,4.09,7.11,10.29,4.13,9.47,3.88,3.74,3.2,3.61,0.94,0.91
csk-wtcat_holo_seed-555075_sample-3_model,csk-wtcat_holo/seed-555075_sample-3,model.cif,A,CSK-WT,Active (BLAminus),Unpaired,,,,,,,Intact,Intact,Out,Packed,DFGin,BLAminus,NTin,CTin,67.3,86.26,14.94,10.87,132.89,7.1,14.89,17.05,3.57,2.5,2.62,3.35,3.45,4.23,7.07,9.95,4.15,9.11,3.79,3.8,3.32,3.61,0.95,0.92
csk-wtcat_holo_seed-555075_sample-4_model,csk-wtcat_holo/seed-555075_sample-4,model.cif,A,CSK-WT,Active (BLAminus),Unpaired,,,,,,,Intact,Intact,Out,Packed,DFGin,BLAminus,NTin,CTin,65.94,92.5,15.23,10.91,142.12,7.21,14.26,16.66,4.28,1.84,2.49,3.43,3.5,4.14,7.0,10.09,4.13,9.31,3.81,3.55,3.49,3.59,0.94,0.92
csk-wtcat_holo_seed-632309_sample-0_model,csk-wtcat_holo/seed-632309_sample-0,model.cif,A,CSK-WT,Inactive (BLBplus),Unpaired,,,,,,,Intact,Intact,Out,Packed,DFGin,BLBplus,NTin,CTin,54.11,40.22,14.42,10.77,133.2,5.6,13.26,17.03,3.09,2.1,2.81,3.24,3.5,4.15,7.04,10.12,4.16,9.5,3.82,3.75,3.23,3.52,0.95,0.92
csk-wtcat_holo_seed-632309_sample-1_model,csk-wtcat_holo/seed-632309_sample-1,model.cif,A,CSK-WT,Active (BLAminus),Unpaired,,,,,,,Broken,Intact,Out,Packed,DFGin,BLAminus,NTin,CTin,60.43,84.65,12.37,9.36,115.62,7.18,14.11,16.48,4.11,1.82,2.79,2.89,3.56,3.93,7.17,9.86,4.21,8.46,3.88,3.86,3.26,3.6,0.95,0.91
csk-wtcat_holo_seed-632309_sample-2_model,csk-wtcat_holo/seed-632309_sample-2,model.cif,A,CSK-WT,Inactive (BLBplus),Unpaired,,,,,,,Intact,Intact,Out,Packed,DFGin,BLBplus,NTout,CTin,60.31,22.12,13.74,10.47,90.59,5.46,13.17,14.81,6.0,1.86,2.87,3.13,3.57,4.11,7.16,10.2,4.16,9.45,3.95,3.68,3.24,3.61,0.93,0.91
csk-wtcat_holo_seed-632309_sample-3_model,csk-wtcat_holo/seed-632309_sample-3,model.cif,A,CSK-WT,Active (BLAminus),Unpaired,,,,,,,Broken,Intact,Out,Packed,DFGin,BLAminus,NTin,CTin,62.51,79.22,12.92,9.78,118.42,6.67,14.25,15.99,3.9,1.9,2.83,3.62,3.57,4.06,7.07,9.95,4.16,9.0,3.93,3.84,3.44,3.63,0.94,0.91
csk-wtcat_holo_seed-632309_sample-4_model,csk-wtcat_holo/seed-632309_sample-4,model.cif,A,CSK-WT,Active (BLAminus),Unpaired,,,,,,,Intact,Intact,Out,Packed,DFGin,BLAminus,NTin,CTin,65.18,88.41,14.18,10.6,121.11,7.2,14.64,15.28,4.53,1.95,2.95,2.6,3.54,4.18,7.11,10.06,4.16,8.79,3.89,3.58,3.33,3.62,0.95,0.91
csk-wtcat_holo_seed-685755_sample-0_model,csk-wtcat_holo/seed-685755_sample-0,model.cif,A,CSK-WT,Inactive (BLBplus),Unpaired,,,,,,,Intact,Intact,Out,Packed,DFGin,BLBplus,NTout,CTin,60.04,24.66,15.01,11.19,132.34,5.67,13.51,16.33,3.67,2.09,2.98,3.34,3.52,4.08,7.07,10.15,3.99,9.58,4.41,3.78,3.55,3.54,0.95,0.92
csk-wtcat_holo_seed-685755_sample-1_model,csk-wtcat_holo/seed-685755_sample-1,model.cif,A,CSK-WT,Active (BLAminus),Unpaired,,,,,,,Intact,Intact,Out,Packed,DFGin,BLAminus,NTin,CTin,59.48,83.24,14.68,10.6,134.45,7.2,15.05,17.01,4.79,1.72,2.81,3.15,3.57,4.12,7.05,10.03,4.18,9.07,3.87,3.7,3.46,3.56,0.94,0.92
csk-wtcat_holo_seed-685755_sample-2_model,csk-wtcat_holo/seed-685755_sample-2,model.cif,A,CSK-WT,Inactive (BLAplus),Unpaired,,,,,,,Intact,Intact,Out,Packed,DFGin,BLAplus,NTin,CTin,53.37,52.59,14.79,11.08,129.43,5.78,13.45,16.36,3.76,1.9,2.72,3.38,3.52,4.09,7.07,10.09,4.18,9.46,3.92,3.6,3.48,3.57,0.95,0.92
csk-wtcat_holo_seed-685755_sample-3_model,csk-wtcat_holo/seed-685755_sample-3,model.cif,A,CSK-WT,Active (BLAminus),Unpaired,,,,,,,Broken,Intact,Out,Packed,DFGin,BLAminus,NTin,CTin,63.94,89.39,13.44,10.44,121.11,6.45,13.38,16.66,3.68,2.86,3.27,2.99,3.53,4.03,7.03,9.95,4.25,9.15,4.42,3.51,3.45,3.55,0.94,0.92
csk-wtcat_holo_seed-685755_sample-4_model,csk-wtcat_holo/seed-685755_sample-4,model.cif,A,CSK-WT,Inactive (BLAplus),Unpaired,,,,,,,Intact,Intact,Out,Packed,DFGin,BLAplus,NTin,CTin,56.48,33.17,12.55,10.33,112.41,5.69,12.7,17.54,3.53,2.13,2.98,3.25,3.48,4.27,6.88,10.06,4.21,9.48,3.63,3.51,2.74,3.55,0.94,0.92
csk-wtcat_holo_seed-71467_sample-0_model,csk-wtcat_holo/seed-71467_sample-0,model.cif,A,CSK-WT,Active (BLAminus),Unpaired,,,,,,,Intact,Intact,Out,Loose,DFGin,BLAminus,NTin,CTin,60.07,79.91,15.22,10.79,128.82,7.29,14.64,17.77,4.87,1.84,2.94,2.96,3.53,4.09,7.05,9.93,5.21,8.99,3.76,3.83,3.44,3.59,0.94,0.92
csk-wtcat_holo_seed-71467_sample-1_model,csk-wtcat_holo/seed-71467_sample-1,model.cif,A,CSK-WT,Inactive (BLBplus),Unpaired,,,,,,,Intact,Intact,Out,Packed,DFGin,BLBplus,NTout,CTin,57.73,23.18,13.74,10.52,130.83,5.29,13.12,14.65,3.16,2.06,2.61,3.3,3.45,4.22,7.07,10.13,4.09,9.44,3.87,3.78,3.1,3.58,0.94,0.9
csk-wtcat_holo_seed-71467_sample-2_model,csk-wtcat_holo/seed-71467_sample-2,model.cif,A,CSK-WT,Inactive (BLAplus),Unpaired,,,,,,,Broken,Intact,Out,Packed,DFGin,BLAplus,NTin,CTin,56.06,37.0,14.6,10.75,132.76,5.94,14.09,18.1,4.34,2.02,2.98,2.85,3.51,4.11,7.05,10.01,4.14,9.11,3.71,3.68,3.5,3.48,0.95,0.92
csk-wtcat_holo_seed-71467_sample-3_model,csk-wtcat_holo/seed-71467_sample-3,model.cif,A,CSK-WT,Inactive (BLBplus),Unpaired,,,,,,,Intact,Intact,Out,Packed,DFGin,BLBplus,NTin,CTin,60.95,19.25,14.19,10.69,129.71,5.67,13.1,14.64,3.14,2.03,2.62,3.1,3.48,3.95,7.2,10.09,4.01,9.5,3.87,3.98,3.15,3.61,0.94,0.91
csk-wtcat_holo_seed-71467_sample-4_model,csk-wtcat_holo/seed-71467_sample-4,model.cif,A,CSK-WT,Inactive (BLBplus),Unpaired,,,,,,,Intact,Intact,Out,Packed,DFGin,BLBplus,NTout,CTin,61.18,25.3,14.58,10.62,127.19,5.79,13.66,17.13,4.45,2.03,2.98,3.19,3.56,4.03,7.12,10.11,4.12,9.48,4.42,3.74,3.36,3.55,0.94,0.92
csk-wtcat_holo_seed-761991_sample-0_model,csk-wtcat_holo/seed-761991_sample-0,model.cif,A,CSK-WT,Active (BLAminus),Unpaired,,,,,,,Broken,Intact,Out,Packed,DFGin,BLAminus,NTin,CTin,60.27,78.66,14.59,10.45,131.41,7.28,14.34,14.18,4.41,1.76,2.78,3.0,3.5,4.09,7.05,10.16,4.04,9.18,3.84,3.79,3.4,3.64,0.94,0.91
csk-wtcat_holo_seed-761991_sample-1_model,csk-wtcat_holo/seed-761991_sample-1,model.cif,A,CSK-WT,Active (BLAminus),Unpaired,,,,,,,Broken,Intact,Out,Packed,DFGin,BLAminus,NTin,CTin,60.63,78.62,14.32,10.62,129.82,6.94,14.56,17.77,3.3,1.81,2.59,3.26,3.48,4.12,7.09,10.2,4.05,8.72,3.77,3.66,3.38,3.57,0.95,0.92
csk-wtcat_holo_seed-761991_sample-2_model,csk-wtcat_holo/seed-761991_sample-2,model.cif,A,CSK-WT,Active (BLAminus),Unpaired,,,,,,,Broken,Intact,In,Packed,DFGin,BLAminus,NTin,CTin,55.57,81.11,14.18,10.59,121.52,6.17,14.44,4.69,4.69,1.61,2.71,2.98,3.58,4.24,7.0,10.02,4.14,8.86,3.95,3.31,4.4,3.61,0.94,0.9
csk-wtcat_holo_seed-761991_sample-3_model,csk-wtcat_holo/seed-761991_sample-3,model.cif,A,CSK-WT,Inactive (BLBplus),Unpaired,,,,,,,Intact,Intact,Out,Packed,DFGin,BLBplus,NTout,CTin,58.32,22.1,14.21,10.53,124.55,5.71,13.22,17.56,4.46,1.95,2.81,3.21,3.31,4.03,7.14,10.25,4.1,9.44,3.84,3.62,3.14,3.58,0.94,0.91
csk-wtcat_holo_seed-761991_sample-4_model,csk-wtcat_holo/seed-761991_sample-4,model.cif,A,CSK-WT,Inactive (BLBplus),Unpaired,,,,,,,Intact,Intact,Out,Packed,DFGin,BLBplus,NTin,CTin,56.04,41.66,14.38,10.65,130.23,5.48,13.45,17.64,3.27,2.22,2.83,3.35,3.54,3.94,7.23,10.33,4.16,9.19,3.85,3.69,3.44,3.54,0.95,0.92
csk-wtcat_holo_seed-821904_sample-0_model,csk-wtcat_holo/seed-821904_sample-0,model.cif,A,CSK-WT,Inactive (BLAplus),Unpaired,,,,,,,Broken,Intact,Out,Packed,DFGin,BLAplus,NTin,CTin,56.06,43.79,14.22,10.55,127.26,6.05,14.09,17.65,3.42,2.03,2.68,3.3,3.65,4.02,7.23,10.07,4.07,9.07,3.89,3.79,3.44,3.53,0.95,0.92
csk-wtcat_holo_seed-821904_sample-1_model,csk-wtcat_holo/seed-821904_sample-1,model.cif,A,CSK-WT,Active (BLAminus),Unpaired,,,,,,,Broken,Intact,Out,Packed,DFGin,BLAminus,NTin,CTin,64.03,79.76,15.13,11.0,140.13,6.96,14.62,14.71,4.55,2.02,2.38,3.18,3.51,4.0,7.13,10.01,4.06,9.0,3.84,3.82,3.32,3.58,0.94,0.91
csk-wtcat_holo_seed-821904_sample-2_model,csk-wtcat_holo/seed-821904_sample-2,model.cif,A,CSK-WT,Inactive (BLAplus),Unpaired,,,,,,,Intact,Intact,Out,Packed,DFGin,BLAplus,NTin,CTin,51.15,48.57,15.34,11.19,134.92,5.68,13.78,16.06,4.02,1.98,2.96,3.39,3.61,4.16,6.96,9.9,4.19,9.18,3.86,3.67,3.34,3.53,0.95,0.92
csk-wtcat_holo_seed-821904_sample-3_model,csk-wtcat_holo/seed-821904_sample-3,model.cif,A,CSK-WT,Inactive (BLBplus),Unpaired,,,,,,,Broken,Intact,Out,Packed,DFGin,BLBplus,NTin,CTin,63.49,25.22,14.35,10.77,116.78,5.95,13.49,17.91,5.0,1.95,2.86,2.62,3.5,4.01,7.24,10.16,4.14,9.6,3.87,3.61,3.45,3.56,0.94,0.92
csk-wtcat_holo_seed-821904_sample-4_model,csk-wtcat_holo/seed-821904_sample-4,model.cif,A,CSK-WT,Inactive (BLAplus),Unpaired,,,,,,,Intact,Intact,Out,Packed,DFGin,BLAplus,NTin,CTin,55.53,43.02,15.22,10.88,136.3,5.87,13.6,16.74,4.81,1.88,2.94,3.4,3.53,4.15,7.09,10.08,4.04,9.42,3.64,3.86,3.43,3.56,0.94,0.91
csk-wtcat_holo_seed-854587_sample-0_model,csk-wtcat_holo/seed-854587_sample-0,model.cif,A,CSK-WT,Inactive (BLAplus),Unpaired,,,,,,,Intact,Intact,Out,Packed,DFGin,BLAplus,NTin,CTin,53.91,50.9,14.62,10.75,119.35,5.64,13.79,16.17,4.71,1.84,2.69,3.15,3.55,4.01,7.16,9.97,3.99,8.57,3.82,3.71,3.38,3.59,0.94,0.92
csk-wtcat_holo_seed-854587_sample-1_model,csk-wtcat_holo/seed-854587_sample-1,model.cif,A,CSK-WT,Inactive (BLBplus),Unpaired,,,,,,,Intact,Intact,Out,Packed,DFGin,BLBplus,NTout,CTin,62.7,24.17,15.05,10.9,117.37,5.9,13.68,17.03,5.79,2.02,2.98,2.89,3.56,4.0,7.14,10.13,4.08,9.52,3.82,3.67,3.36,3.55,0.95,0.93
csk-wtcat_holo_seed-854587_sample-2_model,csk-wtcat_holo/seed-854587_sample-2,model.cif,A,CSK-WT,Inactive (BLAplus),Unpaired,,,,,,,Intact,Intact,Out,Packed,DFGin,BLAplus,NTin,CTin,54.77,50.59,13.26,10.55,115.9,5.64,12.93,16.03,3.94,1.88,2.57,3.28,3.58,4.04,7.15,10.02,4.19,8.75,3.89,3.77,3.4,3.65,0.94,0.91
csk-wtcat_holo_seed-854587_sample-3_model,csk-wtcat_holo/seed-854587_sample-3,model.cif,A,CSK-WT,Inactive (BLAplus),Unpaired,,,,,,,Broken,Intact,Out,Packed,DFGin,BLAplus,NTin,CTin,57.12,39.82,14.41,10.62,133.68,5.98,13.8,17.34,3.41,2.02,2.81,3.31,3.52,3.98,7.19,10.15,4.02,8.95,3.93,3.69,3.41,3.51,0.95,0.92
csk-wtcat_holo_seed-854587_sample-4_model,csk-wtcat_holo/seed-854587_sample-4,model.cif,A,CSK-WT,Inactive (BLAplus),Unpaired,,,,,,,Intact,Intact,Out,Packed,DFGin,BLAplus,NTin,CTin,53.37,47.41,14.42,10.97,128.8,5.86,12.97,14.83,3.43,1.92,2.56,3.24,3.42,4.21,7.01,10.15,4.03,8.76,3.82,3.68,3.35,3.52,0.95,0.92
csk-wtcat_holo_seed-865704_sample-0_model,csk-wtcat_holo/seed-865704_sample-0,model.cif,A,CSK-WT,Active (BLAminus),Unpaired,,,,,,,Intact,Intact,Out,Packed,DFGin,BLAminus,NTin,CTin,56.01,74.13,13.27,10.29,120.0,7.17,14.04,15.65,3.92,1.87,2.78,3.12,3.51,4.07,7.12,10.04,4.12,8.94,3.96,3.78,3.26,3.59,0.94,0.91
csk-wtcat_holo_seed-865704_sample-1_model,csk-wtcat_holo/seed-865704_sample-1,model.cif,A,CSK-WT,Inactive (BLAplus),Unpaired,,,,,,,Intact,Intact,Out,Packed,DFGin,BLAplus,NTin,CTin,56.06,45.49,14.54,10.8,128.77,5.98,13.42,16.47,4.53,1.88,2.77,2.88,3.6,3.98,7.16,10.03,4.15,9.29,3.85,3.81,3.4,3.45,0.95,0.92
csk-wtcat_holo_seed-865704_sample-2_model,csk-wtcat_holo/seed-865704_sample-2,model.cif,A,CSK-WT,Inactive (BLBplus),Unpaired,,,,,,,Intact,Intact,Out,Packed,DFGin,BLBplus,NTin,CTin,59.09,19.17,13.96,10.7,128.06,5.35,13.15,16.67,3.83,2.02,2.69,3.16,3.42,4.17,7.12,10.13,4.07,9.46,3.83,4.09,3.1,3.62,0.94,0.91
csk-wtcat_holo_seed-865704_sample-3_model,csk-wtcat_holo/seed-865704_sample-3,model.cif,A,CSK-WT,Inactive (BLBplus),Unpaired,,,,,,,Broken,Intact,Out,Packed,DFGin,BLBplus,NTin,CTin,53.16,41.38,14.76,10.53,124.71,5.84,13.84,17.8,4.84,2.17,3.1,2.67,3.51,4.05,7.13,10.35,4.08,8.72,3.86,3.57,3.22,3.55,0.95,0.92
csk-wtcat_holo_seed-865704_sample-4_model,csk-wtcat_holo/seed-865704_sample-4,model.cif,A,CSK-WT,Inactive (BLBplus),Unpaired,,,,,,,Intact,Intact,Out,Packed,DFGin,BLBplus,NTin,CTin,55.21,38.45,14.25,10.57,129.39,5.89,13.42,17.83,4.23,2.16,2.93,2.82,3.51,4.04,7.13,10.23,4.15,8.78,3.87,3.56,3.42,3.47,0.95,0.92
csk-wtcat_holo_seed-899531_sample-0_model,csk-wtcat_holo/seed-899531_sample-0,model.cif,A,CSK-WT,Active (BLAminus),Unpaired,,,,,,,Broken,Intact,Out,Packed,DFGin,BLAminus,NTin,CTin,61.76,72.65,15.24,10.76,136.5,6.99,14.01,16.3,5.51,1.79,2.95,3.11,3.45,4.09,7.04,9.84,4.02,8.31,3.88,3.91,3.4,3.62,0.92,0.91
csk-wtcat_holo_seed-899531_sample-1_model,csk-wtcat_holo/seed-899531_sample-1,model.cif,A,CSK-WT,Inactive (BLBplus),Unpaired,,,,,,,Intact,Intact,Out,Packed,DFGin,BLBplus,NTin,CTin,60.22,21.2,14.49,10.73,129.98,6.1,14.12,17.09,3.34,2.0,2.81,3.31,3.52,4.01,7.12,10.19,4.24,9.52,3.88,3.6,3.39,3.56,0.95,0.92
csk-wtcat_holo_seed-899531_sample-2_model,csk-wtcat_holo/seed-899531_sample-2,model.cif,A,CSK-WT,Inactive (BLAplus),Unpaired,,,,,,,Intact,Intact,Out,Packed,DFGin,BLAplus,NTin,CTin,54.66,47.61,14.75,10.72,128.88,5.76,13.42,15.03,3.9,1.94,2.79,3.35,3.54,4.02,7.15,10.02,4.09,9.17,3.84,3.83,3.39,3.62,0.94,0.91
csk-wtcat_holo_seed-899531_sample-3_model,csk-wtcat_holo/seed-899531_sample-3,model.cif,A,CSK-WT,Active (BLAminus),Unpaired,,,,,,,Intact,Intact,Out,Packed,DFGin,BLAminus,NTin,CTin,60.57,81.82,15.21,10.88,137.31,7.37,14.68,16.92,4.54,1.8,2.83,3.41,3.39,4.04,7.12,10.08,4.04,9.74,3.76,3.77,3.34,3.68,0.94,0.92
csk-wtcat_holo_seed-899531_sample-4_model,csk-wtcat_holo/seed-899531_sample-4,model.cif,A,CSK-WT,Inactive (BLAplus),Unpaired,,,,,,,Broken,Intact,Out,Packed,DFGin,BLAplus,NTin,CTin,57.78,41.97,14.56,10.67,119.25,6.15,13.64,17.24,4.62,1.97,2.8,2.83,3.42,4.08,7.1,10.28,4.22,8.97,3.86,3.55,3.32,3.53,0.94,0.91
csk-wtcat_holo_seed-973489_sample-0_model,csk-wtcat_holo/seed-973489_sample-0,model.cif,A,CSK-WT,Inactive (BLBplus),Unpaired,,,,,,,Intact,Intact,Out,Packed,DFGin,BLBplus,NTin,CTin,53.54,39.18,14.43,10.71,135.43,5.72,13.46,17.26,3.9,2.13,2.9,3.28,3.54,4.04,7.1,10.2,4.04,8.66,3.8,3.71,3.35,3.48,0.95,0.92
csk-wtcat_holo_seed-973489_sample-1_model,csk-wtcat_holo/seed-973489_sample-1,model.cif,A,CSK-WT,Inactive (BLBplus),Unpaired,,,,,,,Intact,Intact,Out,Packed,DFGin,BLBplus,NTin,CTin,59.72,19.55,13.75,10.53,130.26,5.67,13.2,16.31,2.95,1.9,2.49,3.29,3.53,3.99,7.16,10.21,4.15,9.5,3.94,3.6,3.27,3.6,0.94,0.91
csk-wtcat_holo_seed-973489_sample-2_model,csk-wtcat_holo/seed-973489_sample-2,model.cif,A,CSK-WT,Inactive (BLAplus),Unpaired,,,,,,,Intact,Intact,Out,Packed,DFGin,BLAplus,NTin,CTin,56.03,44.19,13.8,10.34,122.64,5.68,13.28,16.86,4.43,1.89,2.76,2.79,3.45,4.08,7.06,10.06,4.3,8.78,3.89,3.52,3.32,3.58,0.94,0.91
csk-wtcat_holo_seed-973489_sample-3_model,csk-wtcat_holo/seed-973489_sample-3,model.cif,A,CSK-WT,Inactive (BLAplus),Unpaired,,,,,,,Intact,Intact,Out,Packed,DFGin,BLAplus,NTin,CTin,56.08,45.72,14.86,11.1,140.05,5.6,13.3,16.47,3.59,1.73,2.43,3.25,3.53,4.2,7.01,9.89,4.17,8.74,3.86,3.56,3.35,3.53,0.94,0.91
csk-wtcat_holo_seed-973489_sample-4_model,csk-wtcat_holo/seed-973489_sample-4,model.cif,A,CSK-WT,Active (BLAminus),Unpaired,,,,,,,Intact,Intact,Out,Packed,DFGin,BLAminus,NTin,CTin,63.82,85.65,15.34,10.94,131.89,7.15,14.32,15.92,4.1,1.94,3.1,3.35,3.52,4.11,7.01,9.98,4.2,8.99,3.86,3.62,3.4,3.71,0.94,0.91
