Simulation_ID,Directory,File,Chain,Type,State,Role,Partner,CoFactor_Name,CoFactor_aC_Dist,CoFactor_ActLoop_Dist,Interface_C_Lobe_Donor_Dist,Interface_N_Lobe_Rec_Dist,R_Spine,C_Spine,C_Helix,Shell_State,Spatial,Dihedral,ActLoop_NT,ActLoop_CT,Phi_D,Psi_D,Cleft_Gape_Dist,Mg_Hijack_Dist,Substrate_Clearance_Angle,D1_Dist,D2_Dist,SB_Dist,HRD_ATP_Dist,DFG_Mg_Dist,DFG_ATP_Dist,PLoop_ATP_Dist,aCb4_aE_Dist,Spine_Bridge_Dist,V104_RS2_Dist,I150_HRD_Dist,Shell_M118_M120_Dist,Y156_N99_Dist,K105_E107_Dist,K105_E121_Dist,K105_N99_Dist,D220_HRD_Dist,ipTM,pTM
csk-wtcat_apo_seed-108409_sample-0_model,csk-wtcat_apo/seed-108409_sample-0,model.cif,A,CSK-WT,Active (BLAminus),Unpaired,,,,,,,Intact,No Ligand,In,Packed,DFGin,BLAminus,NTin,CTin,61.23,75.82,14.4,,,6.36,13.71,2.72,,,,,3.43,8.13,7.38,9.83,3.64,8.05,5.01,3.37,3.58,3.52,N/A,0.93
csk-wtcat_apo_seed-108409_sample-1_model,csk-wtcat_apo/seed-108409_sample-1,model.cif,A,CSK-WT,Active (BLAminus),Unpaired,,,,,,,Intact,No Ligand,In,Packed,DFGin,BLAminus,NTin,CTin,61.2,75.24,14.27,,,6.42,13.62,2.71,,,,,3.48,8.08,7.31,9.78,3.77,8.03,4.58,3.24,4.39,3.54,N/A,0.94
csk-wtcat_apo_seed-108409_sample-2_model,csk-wtcat_apo/seed-108409_sample-2,model.cif,A,CSK-WT,Active (BLAminus),Unpaired,,,,,,,Intact,No Ligand,In,Packed,DFGin,BLAminus,NTin,CTin,60.56,74.34,14.48,,,6.4,13.74,2.72,,,,,3.47,8.09,7.33,9.83,3.77,8.09,4.56,3.22,3.82,3.55,N/A,0.94
csk-wtcat_apo_seed-108409_sample-3_model,csk-wtcat_apo/seed-108409_sample-3,model.cif,A,CSK-WT,Active (BLAminus),Unpaired,,,,,,,Intact,No Ligand,In,Packed,DFGin,BLAminus,NTin,CTin,60.64,77.85,13.99,,,6.39,13.4,2.75,,,,,3.48,8.12,7.38,9.76,3.75,8.04,5.04,3.34,3.62,3.52,N/A,0.93
csk-wtcat_apo_seed-108409_sample-4_model,csk-wtcat_apo/seed-108409_sample-4,model.cif,A,CSK-WT,Inactive (BLBminus),Unpaired,,,,,,,Intact,No Ligand,In,Packed,DFGin,BLBminus,NTout,CTin,53.9,66.77,15.03,,,5.93,14.41,4.2,,,,,3.5,8.03,7.3,10.01,4.17,9.72,4.56,3.31,3.4,3.51,N/A,0.92
csk-wtcat_apo_seed-111556_sample-0_model,csk-wtcat_apo/seed-111556_sample-0,model.cif,A,CSK-WT,Active (BLAminus),Unpaired,,,,,,,Intact,No Ligand,In,Packed,DFGin,BLAminus,NTin,CTin,60.43,74.55,14.12,,,6.43,13.62,2.72,,,,,3.38,8.08,7.35,9.84,3.74,8.08,4.94,3.29,3.55,3.53,N/A,0.93
csk-wtcat_apo_seed-111556_sample-1_model,csk-wtcat_apo/seed-111556_sample-1,model.cif,A,CSK-WT,Active (BLAminus),Unpaired,,,,,,,Intact,No Ligand,In,Packed,DFGin,BLAminus,NTin,CTin,61.59,74.25,13.89,,,6.44,13.54,2.74,,,,,3.41,8.09,7.33,9.84,3.74,8.13,4.62,3.25,3.64,3.53,N/A,0.93
csk-wtcat_apo_seed-111556_sample-2_model,csk-wtcat_apo/seed-111556_sample-2,model.cif,A,CSK-WT,Active (BLAminus),Unpaired,,,,,,,Intact,No Ligand,In,Packed,DFGin,BLAminus,NTin,CTin,60.39,76.94,14.12,,,6.37,13.59,2.76,,,,,3.41,8.13,7.35,9.79,3.68,8.12,5.03,3.32,3.58,3.51,N/A,0.93
csk-wtcat_apo_seed-111556_sample-3_model,csk-wtcat_apo/seed-111556_sample-3,model.cif,A,CSK-WT,Active (BLAminus),Unpaired,,,,,,,Intact,No Ligand,In,Packed,DFGin,BLAminus,NTin,CTin,61.14,74.84,14.41,,,6.36,13.68,2.73,,,,,3.42,8.09,7.36,9.8,3.7,8.11,4.98,3.3,3.77,3.51,N/A,0.94
csk-wtcat_apo_seed-111556_sample-4_model,csk-wtcat_apo/seed-111556_sample-4,model.cif,A,CSK-WT,Active (BLAminus),Unpaired,,,,,,,Intact,No Ligand,In,Packed,DFGin,BLAminus,NTin,CTin,61.46,74.31,14.66,,,6.33,13.8,2.79,,,,,3.43,8.09,7.33,9.81,3.95,8.1,4.96,3.33,3.66,3.53,N/A,0.93
csk-wtcat_apo_seed-1185465_sample-0_model,csk-wtcat_apo/seed-1185465_sample-0,model.cif,A,CSK-WT,Active (BLAminus),Unpaired,,,,,,,Intact,No Ligand,In,Packed,DFGin,BLAminus,NTin,CTin,63.16,71.09,14.82,,,6.41,13.89,2.76,,,,,3.43,8.05,7.28,9.85,3.67,8.14,4.48,3.22,3.54,3.53,N/A,0.93
csk-wtcat_apo_seed-1185465_sample-1_model,csk-wtcat_apo/seed-1185465_sample-1,model.cif,A,CSK-WT,Active (BLAminus),Unpaired,,,,,,,Intact,No Ligand,In,Packed,DFGin,BLAminus,NTin,CTin,61.44,75.22,14.3,,,6.42,13.58,2.77,,,,,3.51,8.14,7.36,9.79,3.66,8.02,5.06,3.39,4.09,3.52,N/A,0.93
csk-wtcat_apo_seed-1185465_sample-2_model,csk-wtcat_apo/seed-1185465_sample-2,model.cif,A,CSK-WT,Active (BLAminus),Unpaired,,,,,,,Intact,No Ligand,In,Packed,DFGin,BLAminus,NTin,CTin,61.93,74.37,14.15,,,6.36,13.57,2.75,,,,,3.53,8.04,7.32,9.81,3.73,8.07,4.53,3.24,3.59,3.52,N/A,0.94
csk-wtcat_apo_seed-1185465_sample-3_model,csk-wtcat_apo/seed-1185465_sample-3,model.cif,A,CSK-WT,Active (BLAminus),Unpaired,,,,,,,Intact,No Ligand,In,Packed,DFGin,BLAminus,NTin,CTin,62.35,74.3,15.29,,,6.38,13.93,2.78,,,,,3.52,8.06,7.32,9.82,4.12,8.18,4.6,3.27,3.49,3.52,N/A,0.93
csk-wtcat_apo_seed-1185465_sample-4_model,csk-wtcat_apo/seed-1185465_sample-4,model.cif,A,CSK-WT,Active (BLAminus),Unpaired,,,,,,,Intact,No Ligand,In,Packed,DFGin,BLAminus,NTin,CTin,61.44,73.49,14.06,,,6.4,13.78,2.8,,,,,3.49,8.03,7.27,9.85,3.97,8.17,4.51,3.26,3.89,3.51,N/A,0.93
csk-wtcat_apo_seed-1196810_sample-0_model,csk-wtcat_apo/seed-1196810_sample-0,model.cif,A,CSK-WT,Active (BLAminus),Unpaired,,,,,,,Intact,No Ligand,In,Packed,DFGin,BLAminus,NTin,CTin,62.04,73.39,14.14,,,6.46,13.48,2.7,,,,,3.48,8.03,7.35,9.77,3.77,8.07,4.6,3.22,4.14,3.5,N/A,0.93
csk-wtcat_apo_seed-1196810_sample-1_model,csk-wtcat_apo/seed-1196810_sample-1,model.cif,A,CSK-WT,Inactive (BLBminus),Unpaired,,,,,,,Intact,No Ligand,Out,Packed,DFGin,BLBminus,NTin,CTin,52.11,61.87,13.53,,,6.72,13.99,5.59,,,,,3.52,8.04,7.22,9.98,4.3,8.31,4.39,3.28,3.6,3.47,N/A,0.92
csk-wtcat_apo_seed-1196810_sample-2_model,csk-wtcat_apo/seed-1196810_sample-2,model.cif,A,CSK-WT,Active (BLAminus),Unpaired,,,,,,,Intact,No Ligand,In,Packed,DFGin,BLAminus,NTin,CTin,61.63,73.4,15.06,,,6.35,13.99,2.8,,,,,3.5,8.11,7.34,9.8,4.11,8.08,4.96,3.36,3.73,3.54,N/A,0.93
csk-wtcat_apo_seed-1196810_sample-3_model,csk-wtcat_apo/seed-1196810_sample-3,model.cif,A,CSK-WT,Active (BLAminus),Unpaired,,,,,,,Intact,No Ligand,In,Packed,DFGin,BLAminus,NTin,CTin,60.56,73.27,13.9,,,6.41,13.62,2.79,,,,,3.52,8.09,7.31,9.82,3.71,8.1,4.56,3.24,3.53,3.52,N/A,0.93
csk-wtcat_apo_seed-1196810_sample-4_model,csk-wtcat_apo/seed-1196810_sample-4,model.cif,A,CSK-WT,Active (BLAminus),Unpaired,,,,,,,Intact,No Ligand,In,Packed,DFGin,BLAminus,NTin,CTin,61.0,74.71,14.74,,,6.39,14.01,2.8,,,,,3.49,8.01,7.28,9.78,4.12,8.05,4.48,3.24,3.65,3.52,N/A,0.93
csk-wtcat_apo_seed-1209607_sample-0_model,csk-wtcat_apo/seed-1209607_sample-0,model.cif,A,CSK-WT,Active (BLAminus),Unpaired,,,,,,,Intact,No Ligand,In,Packed,DFGin,BLAminus,NTin,CTin,61.11,73.42,14.22,,,6.42,13.69,2.73,,,,,3.49,8.08,7.33,9.79,3.68,8.07,4.64,3.28,3.59,3.53,N/A,0.93
csk-wtcat_apo_seed-1209607_sample-1_model,csk-wtcat_apo/seed-1209607_sample-1,model.cif,A,CSK-WT,Inactive (BLBminus),Unpaired,,,,,,,Intact,No Ligand,In,Packed,DFGin,BLBminus,NTout,CTin,54.72,65.63,15.53,,,6.16,14.25,3.99,,,,,3.51,8.07,7.29,9.91,4.15,7.92,4.61,3.37,3.4,3.49,N/A,0.92
csk-wtcat_apo_seed-1209607_sample-2_model,csk-wtcat_apo/seed-1209607_sample-2,model.cif,A,CSK-WT,Active (BLAminus),Unpaired,,,,,,,Intact,No Ligand,In,Packed,DFGin,BLAminus,NTin,CTin,60.3,76.21,13.53,,,6.36,13.5,2.74,,,,,3.45,8.12,7.33,9.81,3.74,8.11,4.66,3.2,3.45,3.52,N/A,0.93
csk-wtcat_apo_seed-1209607_sample-3_model,csk-wtcat_apo/seed-1209607_sample-3,model.cif,A,CSK-WT,Active (BLAminus),Unpaired,,,,,,,Intact,No Ligand,In,Packed,DFGin,BLAminus,NTin,CTin,61.24,72.73,14.7,,,6.38,14.02,2.96,,,,,3.46,8.15,7.34,9.83,4.0,8.11,5.0,3.34,3.54,3.54,N/A,0.93
csk-wtcat_apo_seed-1209607_sample-4_model,csk-wtcat_apo/seed-1209607_sample-4,model.cif,A,CSK-WT,Active (BLAminus),Unpaired,,,,,,,Intact,No Ligand,In,Packed,DFGin,BLAminus,NTin,CTin,60.35,73.27,14.13,,,6.41,13.63,2.74,,,,,3.45,8.15,7.38,9.81,3.72,8.1,5.05,3.35,3.99,3.52,N/A,0.94
csk-wtcat_apo_seed-1270458_sample-0_model,csk-wtcat_apo/seed-1270458_sample-0,model.cif,A,CSK-WT,Active (BLAminus),Unpaired,,,,,,,Intact,No Ligand,In,Packed,DFGin,BLAminus,NTin,CTin,61.35,74.74,14.47,,,6.41,13.72,2.75,,,,,3.4,8.07,7.29,9.76,4.08,8.07,4.57,3.25,3.78,3.54,N/A,0.93
csk-wtcat_apo_seed-1270458_sample-1_model,csk-wtcat_apo/seed-1270458_sample-1,model.cif,A,CSK-WT,Active (BLAminus),Unpaired,,,,,,,Intact,No Ligand,In,Packed,DFGin,BLAminus,NTin,CTin,61.6,72.48,14.13,,,6.4,13.53,2.8,,,,,3.44,8.15,7.37,9.84,3.76,8.04,5.09,3.39,3.58,3.53,N/A,0.93
csk-wtcat_apo_seed-1270458_sample-2_model,csk-wtcat_apo/seed-1270458_sample-2,model.cif,A,CSK-WT,Active (BLAminus),Unpaired,,,,,,,Intact,No Ligand,In,Packed,DFGin,BLAminus,NTin,CTin,61.78,74.67,14.17,,,6.47,13.59,2.76,,,,,3.4,8.1,7.31,9.83,3.79,8.07,4.44,3.24,3.44,3.54,N/A,0.93
csk-wtcat_apo_seed-1270458_sample-3_model,csk-wtcat_apo/seed-1270458_sample-3,model.cif,A,CSK-WT,Active (BLAminus),Unpaired,,,,,,,Intact,No Ligand,In,Packed,DFGin,BLAminus,NTin,CTin,61.0,73.04,14.39,,,6.38,13.73,2.79,,,,,3.43,8.13,7.34,9.88,3.65,8.03,5.04,3.31,3.62,3.53,N/A,0.93
csk-wtcat_apo_seed-1270458_sample-4_model,csk-wtcat_apo/seed-1270458_sample-4,model.cif,A,CSK-WT,Active (BLAminus),Unpaired,,,,,,,Intact,No Ligand,In,Packed,DFGin,BLAminus,NTin,CTin,60.95,74.64,13.16,,,6.4,13.37,2.76,,,,,3.41,8.09,7.3,9.77,3.81,8.04,4.64,3.25,3.71,3.52,N/A,0.93
csk-wtcat_apo_seed-1321773_sample-0_model,csk-wtcat_apo/seed-1321773_sample-0,model.cif,A,CSK-WT,Active (BLAminus),Unpaired,,,,,,,Intact,No Ligand,In,Packed,DFGin,BLAminus,NTin,CTin,60.87,72.46,14.01,,,6.4,13.53,2.76,,,,,3.45,8.12,7.37,9.77,3.76,8.09,5.06,3.31,3.51,3.53,N/A,0.93
csk-wtcat_apo_seed-1321773_sample-1_model,csk-wtcat_apo/seed-1321773_sample-1,model.cif,A,CSK-WT,Active (BLAminus),Unpaired,,,,,,,Intact,No Ligand,In,Packed,DFGin,BLAminus,NTin,CTin,61.04,71.89,13.78,,,6.42,13.54,2.75,,,,,3.52,8.13,7.39,9.81,3.71,8.07,5.04,3.29,3.57,3.55,N/A,0.93
csk-wtcat_apo_seed-1321773_sample-2_model,csk-wtcat_apo/seed-1321773_sample-2,model.cif,A,CSK-WT,Active (BLAminus),Unpaired,,,,,,,Intact,No Ligand,In,Packed,DFGin,BLAminus,NTin,CTin,62.01,75.11,14.13,,,6.44,13.67,2.77,,,,,3.41,8.12,7.38,9.78,3.76,7.99,5.01,3.37,3.55,3.54,N/A,0.93
csk-wtcat_apo_seed-1321773_sample-3_model,csk-wtcat_apo/seed-1321773_sample-3,model.cif,A,CSK-WT,Active (BLAminus),Unpaired,,,,,,,Intact,No Ligand,In,Packed,DFGin,BLAminus,NTin,CTin,58.65,65.28,15.05,,,6.52,14.23,2.86,,,,,3.49,8.01,7.27,9.87,4.25,8.13,4.44,3.21,3.68,3.52,N/A,0.93
csk-wtcat_apo_seed-1321773_sample-4_model,csk-wtcat_apo/seed-1321773_sample-4,model.cif,A,CSK-WT,Active (BLAminus),Unpaired,,,,,,,Intact,No Ligand,In,Packed,DFGin,BLAminus,NTin,CTin,60.95,75.0,14.5,,,6.41,13.63,2.75,,,,,3.42,8.04,7.32,9.75,3.74,8.04,4.71,3.23,3.78,3.54,N/A,0.93
csk-wtcat_apo_seed-1328343_sample-0_model,csk-wtcat_apo/seed-1328343_sample-0,model.cif,A,CSK-WT,Active (BLAminus),Unpaired,,,,,,,Intact,No Ligand,In,Packed,DFGin,BLAminus,NTin,CTin,61.75,75.16,14.38,,,6.41,13.66,2.75,,,,,3.45,8.09,7.34,9.81,3.71,8.06,4.68,3.3,4.43,3.52,N/A,0.94
csk-wtcat_apo_seed-1328343_sample-1_model,csk-wtcat_apo/seed-1328343_sample-1,model.cif,A,CSK-WT,Active (BLAminus),Unpaired,,,,,,,Intact,No Ligand,In,Packed,DFGin,BLAminus,NTin,CTin,61.34,75.27,15.18,,,6.4,13.83,2.8,,,,,3.44,8.01,7.32,9.79,4.12,8.06,4.6,3.26,3.62,3.53,N/A,0.93
csk-wtcat_apo_seed-1328343_sample-2_model,csk-wtcat_apo/seed-1328343_sample-2,model.cif,A,CSK-WT,Active (BLAminus),Unpaired,,,,,,,Intact,No Ligand,In,Packed,DFGin,BLAminus,NTin,CTin,61.35,74.8,14.17,,,6.42,13.53,2.74,,,,,3.45,8.09,7.39,9.82,3.73,8.01,5.01,3.38,3.49,3.56,N/A,0.93
csk-wtcat_apo_seed-1328343_sample-3_model,csk-wtcat_apo/seed-1328343_sample-3,model.cif,A,CSK-WT,Active (BLAminus),Unpaired,,,,,,,Intact,No Ligand,In,Packed,DFGin,BLAminus,NTin,CTin,61.39,74.97,14.84,,,6.36,13.83,2.77,,,,,3.42,8.11,7.39,9.8,4.08,8.08,4.99,3.36,4.08,3.54,N/A,0.93
csk-wtcat_apo_seed-1328343_sample-4_model,csk-wtcat_apo/seed-1328343_sample-4,model.cif,A,CSK-WT,Active (BLAminus),Unpaired,,,,,,,Intact,No Ligand,In,Packed,DFGin,BLAminus,NTin,CTin,60.82,73.49,14.29,,,6.37,13.62,2.77,,,,,3.46,8.07,7.34,9.82,3.68,8.1,4.65,3.28,3.96,3.53,N/A,0.93
csk-wtcat_apo_seed-1332499_sample-0_model,csk-wtcat_apo/seed-1332499_sample-0,model.cif,A,CSK-WT,Active (BLAminus),Unpaired,,,,,,,Intact,No Ligand,In,Packed,DFGin,BLAminus,NTin,CTin,61.51,76.86,13.89,,,6.41,13.55,2.7,,,,,3.46,8.09,7.38,9.77,3.75,8.0,5.03,3.41,2.66,3.54,N/A,0.93
csk-wtcat_apo_seed-1332499_sample-1_model,csk-wtcat_apo/seed-1332499_sample-1,model.cif,A,CSK-WT,Active (BLAminus),Unpaired,,,,,,,Intact,No Ligand,In,Packed,DFGin,BLAminus,NTin,CTin,61.4,74.24,14.01,,,6.36,13.52,2.71,,,,,3.46,8.11,7.35,9.79,3.74,8.04,5.06,3.33,3.69,3.51,N/A,0.93
csk-wtcat_apo_seed-1332499_sample-2_model,csk-wtcat_apo/seed-1332499_sample-2,model.cif,A,CSK-WT,Active (BLAminus),Unpaired,,,,,,,Intact,No Ligand,In,Packed,DFGin,BLAminus,NTin,CTin,60.48,75.63,14.14,,,6.43,13.6,2.73,,,,,3.46,8.08,7.3,9.82,3.74,8.11,4.58,3.17,3.66,3.54,N/A,0.94
csk-wtcat_apo_seed-1332499_sample-3_model,csk-wtcat_apo/seed-1332499_sample-3,model.cif,A,CSK-WT,Active (BLAminus),Unpaired,,,,,,,Intact,No Ligand,In,Packed,DFGin,BLAminus,NTin,CTin,61.54,74.75,14.06,,,6.38,13.66,2.72,,,,,3.39,8.09,7.36,9.77,3.71,8.05,5.03,3.34,3.56,3.53,N/A,0.93
csk-wtcat_apo_seed-1332499_sample-4_model,csk-wtcat_apo/seed-1332499_sample-4,model.cif,A,CSK-WT,Active (BLAminus),Unpaired,,,,,,,Intact,No Ligand,In,Packed,DFGin,BLAminus,NTin,CTin,60.82,72.19,14.64,,,6.37,13.84,2.86,,,,,3.48,8.07,7.38,9.83,4.06,8.05,4.99,3.41,3.51,3.52,N/A,0.93
csk-wtcat_apo_seed-1336202_sample-0_model,csk-wtcat_apo/seed-1336202_sample-0,model.cif,A,CSK-WT,Active (BLAminus),Unpaired,,,,,,,Intact,No Ligand,In,Packed,DFGin,BLAminus,NTin,CTin,60.83,73.13,13.77,,,6.46,13.5,2.79,,,,,3.44,8.05,7.32,9.79,3.71,8.04,4.59,3.24,3.75,3.52,N/A,0.93
csk-wtcat_apo_seed-1336202_sample-1_model,csk-wtcat_apo/seed-1336202_sample-1,model.cif,A,CSK-WT,Active (BLAminus),Unpaired,,,,,,,Intact,No Ligand,In,Packed,DFGin,BLAminus,NTin,CTin,60.13,75.2,14.39,,,6.36,13.76,2.71,,,,,3.42,8.06,7.35,9.8,3.7,8.03,4.66,3.26,3.56,3.53,N/A,0.93
csk-wtcat_apo_seed-1336202_sample-2_model,csk-wtcat_apo/seed-1336202_sample-2,model.cif,A,CSK-WT,Active (BLAminus),Unpaired,,,,,,,Intact,No Ligand,In,Packed,DFGin,BLAminus,NTin,CTin,61.1,74.4,14.32,,,6.4,13.56,2.68,,,,,3.39,8.07,7.33,9.75,3.75,7.97,4.6,3.22,3.75,3.53,N/A,0.93
csk-wtcat_apo_seed-1336202_sample-3_model,csk-wtcat_apo/seed-1336202_sample-3,model.cif,A,CSK-WT,Active (BLAminus),Unpaired,,,,,,,Intact,No Ligand,In,Packed,DFGin,BLAminus,NTin,CTin,60.29,74.02,14.03,,,6.36,13.58,2.77,,,,,3.48,8.09,7.32,9.82,3.72,8.03,4.65,3.22,3.61,3.55,N/A,0.93
csk-wtcat_apo_seed-1336202_sample-4_model,csk-wtcat_apo/seed-1336202_sample-4,model.cif,A,CSK-WT,Active (BLAminus),Unpaired,,,,,,,Intact,No Ligand,In,Packed,DFGin,BLAminus,NTin,CTin,61.45,74.75,14.64,,,6.39,13.85,2.75,,,,,3.47,8.12,7.36,9.76,3.73,8.03,4.98,3.39,3.59,3.53,N/A,0.93
csk-wtcat_apo_seed-136750_sample-0_model,csk-wtcat_apo/seed-136750_sample-0,model.cif,A,CSK-WT,Active (BLAminus),Unpaired,,,,,,,Intact,No Ligand,In,Packed,DFGin,BLAminus,NTin,CTin,61.65,73.32,14.39,,,6.44,13.52,2.75,,,,,3.4,8.1,7.32,9.79,3.7,8.01,4.64,3.21,4.22,3.52,N/A,0.93
csk-wtcat_apo_seed-136750_sample-1_model,csk-wtcat_apo/seed-136750_sample-1,model.cif,A,CSK-WT,Active (BLAminus),Unpaired,,,,,,,Intact,No Ligand,In,Packed,DFGin,BLAminus,NTin,CTin,61.09,74.06,14.04,,,6.5,13.58,2.7,,,,,3.45,8.13,7.4,9.79,3.79,8.01,5.04,3.35,4.26,3.55,N/A,0.93
csk-wtcat_apo_seed-136750_sample-2_model,csk-wtcat_apo/seed-136750_sample-2,model.cif,A,CSK-WT,Active (BLAminus),Unpaired,,,,,,,Intact,No Ligand,In,Packed,DFGin,BLAminus,NTin,CTin,61.24,72.78,14.32,,,6.45,13.71,2.75,,,,,3.36,8.05,7.32,9.77,3.74,8.06,4.61,3.21,3.69,3.54,N/A,0.93
csk-wtcat_apo_seed-136750_sample-3_model,csk-wtcat_apo/seed-136750_sample-3,model.cif,A,CSK-WT,Active (BLAminus),Unpaired,,,,,,,Intact,No Ligand,In,Packed,DFGin,BLAminus,NTin,CTin,61.23,77.16,14.21,,,6.39,13.65,2.72,,,,,3.45,8.13,7.4,9.79,3.75,8.06,5.03,3.37,3.82,3.5,N/A,0.93
csk-wtcat_apo_seed-136750_sample-4_model,csk-wtcat_apo/seed-136750_sample-4,model.cif,A,CSK-WT,Active (BLAminus),Unpaired,,,,,,,Intact,No Ligand,In,Packed,DFGin,BLAminus,NTin,CTin,60.65,71.9,14.09,,,6.39,13.82,2.84,,,,,3.47,8.16,7.4,9.87,4.08,8.19,5.06,3.43,3.53,3.51,N/A,0.93
csk-wtcat_apo_seed-1368324_sample-0_model,csk-wtcat_apo/seed-1368324_sample-0,model.cif,A,CSK-WT,Active (BLAminus),Unpaired,,,,,,,Intact,No Ligand,In,Packed,DFGin,BLAminus,NTin,CTin,60.64,75.98,14.85,,,6.36,14.0,2.86,,,,,3.5,8.12,7.36,9.84,4.11,8.03,5.01,3.42,3.71,3.52,N/A,0.93
csk-wtcat_apo_seed-1368324_sample-1_model,csk-wtcat_apo/seed-1368324_sample-1,model.cif,A,CSK-WT,Active (BLAminus),Unpaired,,,,,,,Intact,No Ligand,In,Packed,DFGin,BLAminus,NTin,CTin,60.83,74.47,13.83,,,6.47,13.52,2.77,,,,,3.42,8.09,7.36,9.83,3.72,8.09,4.69,3.26,4.38,3.52,N/A,0.93
csk-wtcat_apo_seed-1368324_sample-2_model,csk-wtcat_apo/seed-1368324_sample-2,model.cif,A,CSK-WT,Active (BLAminus),Unpaired,,,,,,,Intact,No Ligand,In,Packed,DFGin,BLAminus,NTin,CTin,61.15,73.98,14.32,,,6.35,13.61,2.75,,,,,3.4,8.09,7.36,9.86,3.69,8.17,5.0,3.32,3.43,3.53,N/A,0.94
csk-wtcat_apo_seed-1368324_sample-3_model,csk-wtcat_apo/seed-1368324_sample-3,model.cif,A,CSK-WT,Active (BLAminus),Unpaired,,,,,,,Intact,No Ligand,In,Packed,DFGin,BLAminus,NTin,CTin,60.69,72.99,14.09,,,6.37,13.62,2.77,,,,,3.46,8.08,7.31,9.83,3.74,8.08,4.67,3.22,3.61,3.51,N/A,0.93
csk-wtcat_apo_seed-1368324_sample-4_model,csk-wtcat_apo/seed-1368324_sample-4,model.cif,A,CSK-WT,Active (BLAminus),Unpaired,,,,,,,Intact,No Ligand,In,Packed,DFGin,BLAminus,NTin,CTin,61.74,75.26,15.03,,,6.35,13.74,2.79,,,,,3.45,8.07,7.32,9.86,4.1,8.12,4.58,3.24,3.64,3.53,N/A,0.93
csk-wtcat_apo_seed-1390232_sample-0_model,csk-wtcat_apo/seed-1390232_sample-0,model.cif,A,CSK-WT,Active (BLAminus),Unpaired,,,,,,,Intact,No Ligand,In,Packed,DFGin,BLAminus,NTin,CTin,62.84,74.66,14.44,,,6.38,13.69,2.7,,,,,3.45,8.07,7.35,9.79,3.72,8.07,4.7,3.29,3.67,3.51,N/A,0.93
csk-wtcat_apo_seed-1390232_sample-1_model,csk-wtcat_apo/seed-1390232_sample-1,model.cif,A,CSK-WT,Active (BLAminus),Unpaired,,,,,,,Intact,No Ligand,In,Packed,DFGin,BLAminus,NTin,CTin,61.29,73.87,13.81,,,6.37,13.57,2.77,,,,,3.48,8.13,7.37,9.82,3.67,8.07,5.06,3.36,3.94,3.52,N/A,0.93
csk-wtcat_apo_seed-1390232_sample-2_model,csk-wtcat_apo/seed-1390232_sample-2,model.cif,A,CSK-WT,Active (BLAminus),Unpaired,,,,,,,Intact,No Ligand,In,Packed,DFGin,BLAminus,NTin,CTin,61.69,71.56,14.17,,,6.43,13.77,2.8,,,,,3.48,8.09,7.31,9.81,3.65,8.13,4.62,3.26,4.03,3.52,N/A,0.93
csk-wtcat_apo_seed-1390232_sample-3_model,csk-wtcat_apo/seed-1390232_sample-3,model.cif,A,CSK-WT,Active (BLAminus),Unpaired,,,,,,,Intact,No Ligand,In,Packed,DFGin,BLAminus,NTin,CTin,60.9,73.95,14.32,,,6.42,13.63,2.75,,,,,3.47,8.09,7.33,9.74,3.71,7.99,4.99,3.36,3.62,3.52,N/A,0.94
csk-wtcat_apo_seed-1390232_sample-4_model,csk-wtcat_apo/seed-1390232_sample-4,model.cif,A,CSK-WT,Active (BLAminus),Unpaired,,,,,,,Intact,No Ligand,In,Packed,DFGin,BLAminus,NTin,CTin,61.3,74.79,14.02,,,6.36,13.66,2.75,,,,,3.45,8.07,7.35,9.78,3.73,8.05,4.71,3.25,3.54,3.52,N/A,0.93
csk-wtcat_apo_seed-1537969_sample-0_model,csk-wtcat_apo/seed-1537969_sample-0,model.cif,A,CSK-WT,Active (BLAminus),Unpaired,,,,,,,Intact,No Ligand,In,Packed,DFGin,BLAminus,NTin,CTin,60.67,72.97,14.62,,,6.47,13.97,3.24,,,,,3.49,8.09,7.33,9.85,4.08,8.09,4.94,3.41,3.85,3.53,N/A,0.93
csk-wtcat_apo_seed-1537969_sample-1_model,csk-wtcat_apo/seed-1537969_sample-1,model.cif,A,CSK-WT,Active (BLAminus),Unpaired,,,,,,,Intact,No Ligand,In,Packed,DFGin,BLAminus,NTin,CTin,60.98,76.03,14.88,,,6.42,13.74,2.72,,,,,3.49,8.13,7.36,9.82,3.7,8.03,5.02,3.35,3.71,3.53,N/A,0.93
csk-wtcat_apo_seed-1537969_sample-2_model,csk-wtcat_apo/seed-1537969_sample-2,model.cif,A,CSK-WT,Active (BLAminus),Unpaired,,,,,,,Intact,No Ligand,In,Packed,DFGin,BLAminus,NTin,CTin,61.57,73.96,14.58,,,6.34,13.8,2.8,,,,,3.45,8.12,7.33,9.82,4.07,8.08,5.04,3.37,3.51,3.53,N/A,0.93
csk-wtcat_apo_seed-1537969_sample-3_model,csk-wtcat_apo/seed-1537969_sample-3,model.cif,A,CSK-WT,Active (BLAminus),Unpaired,,,,,,,Intact,No Ligand,In,Packed,DFGin,BLAminus,NTin,CTin,61.44,72.25,14.52,,,6.42,13.77,2.82,,,,,3.43,8.1,7.36,9.82,4.04,8.06,4.97,3.31,3.63,3.54,N/A,0.93
csk-wtcat_apo_seed-1537969_sample-4_model,csk-wtcat_apo/seed-1537969_sample-4,model.cif,A,CSK-WT,Active (BLAminus),Unpaired,,,,,,,Intact,No Ligand,In,Packed,DFGin,BLAminus,NTin,CTin,60.96,72.73,14.15,,,6.47,13.84,2.87,,,,,3.48,8.12,7.38,9.94,4.07,8.13,4.73,3.34,4.05,3.56,N/A,0.93
csk-wtcat_apo_seed-1549447_sample-0_model,csk-wtcat_apo/seed-1549447_sample-0,model.cif,A,CSK-WT,Active (BLAminus),Unpaired,,,,,,,Intact,No Ligand,In,Packed,DFGin,BLAminus,NTin,CTin,61.06,73.86,14.8,,,6.39,13.78,2.71,,,,,3.42,8.1,7.39,9.8,3.69,8.1,5.01,3.38,3.95,3.54,N/A,0.93
csk-wtcat_apo_seed-1549447_sample-1_model,csk-wtcat_apo/seed-1549447_sample-1,model.cif,A,CSK-WT,Active (BLAminus),Unpaired,,,,,,,Intact,No Ligand,In,Packed,DFGin,BLAminus,NTin,CTin,61.42,72.46,14.42,,,6.48,13.8,2.74,,,,,3.45,8.06,7.35,9.84,3.72,8.06,4.65,3.26,3.56,3.53,N/A,0.93
csk-wtcat_apo_seed-1549447_sample-2_model,csk-wtcat_apo/seed-1549447_sample-2,model.cif,A,CSK-WT,Active (BLAminus),Unpaired,,,,,,,Intact,No Ligand,In,Packed,DFGin,BLAminus,NTin,CTin,60.58,76.14,14.61,,,6.37,13.71,2.7,,,,,3.46,8.07,7.32,9.81,3.71,8.12,4.61,3.24,3.82,3.53,N/A,0.93
csk-wtcat_apo_seed-1549447_sample-3_model,csk-wtcat_apo/seed-1549447_sample-3,model.cif,A,CSK-WT,Active (BLAminus),Unpaired,,,,,,,Intact,No Ligand,In,Packed,DFGin,BLAminus,NTin,CTin,61.18,71.51,14.35,,,6.35,13.6,2.74,,,,,3.51,8.09,7.33,9.81,3.73,8.09,4.94,3.38,3.63,3.53,N/A,0.93
csk-wtcat_apo_seed-1549447_sample-4_model,csk-wtcat_apo/seed-1549447_sample-4,model.cif,A,CSK-WT,Active (BLAminus),Unpaired,,,,,,,Intact,No Ligand,In,Packed,DFGin,BLAminus,NTin,CTin,60.93,73.49,14.68,,,6.37,13.71,2.73,,,,,3.47,8.11,7.39,9.81,4.1,8.05,5.02,3.43,3.63,3.49,N/A,0.93
csk-wtcat_apo_seed-1583322_sample-0_model,csk-wtcat_apo/seed-1583322_sample-0,model.cif,A,CSK-WT,Active (BLAminus),Unpaired,,,,,,,Intact,No Ligand,In,Packed,DFGin,BLAminus,NTin,CTin,61.47,76.14,14.3,,,6.35,13.79,2.74,,,,,3.46,8.05,7.29,9.79,3.71,8.14,4.6,3.25,3.62,3.51,N/A,0.93
csk-wtcat_apo_seed-1583322_sample-1_model,csk-wtcat_apo/seed-1583322_sample-1,model.cif,A,CSK-WT,Active (BLAminus),Unpaired,,,,,,,Intact,No Ligand,In,Packed,DFGin,BLAminus,NTin,CTin,60.98,76.26,14.58,,,6.38,13.78,2.75,,,,,3.37,8.08,7.36,9.79,4.0,8.1,4.96,3.27,3.51,3.54,N/A,0.93
csk-wtcat_apo_seed-1583322_sample-2_model,csk-wtcat_apo/seed-1583322_sample-2,model.cif,A,CSK-WT,Active (BLAminus),Unpaired,,,,,,,Intact,No Ligand,In,Packed,DFGin,BLAminus,NTin,CTin,60.4,74.99,14.26,,,6.43,13.66,2.71,,,,,3.43,8.08,7.33,9.77,3.74,8.02,4.64,3.24,3.9,3.52,N/A,0.93
csk-wtcat_apo_seed-1583322_sample-3_model,csk-wtcat_apo/seed-1583322_sample-3,model.cif,A,CSK-WT,Active (BLAminus),Unpaired,,,,,,,Intact,No Ligand,In,Packed,DFGin,BLAminus,NTin,CTin,61.12,76.54,14.36,,,6.38,13.64,2.72,,,,,3.47,8.06,7.32,9.77,3.68,8.04,4.59,3.24,3.64,3.5,N/A,0.93
csk-wtcat_apo_seed-1583322_sample-4_model,csk-wtcat_apo/seed-1583322_sample-4,model.cif,A,CSK-WT,Active (BLAminus),Unpaired,,,,,,,Intact,No Ligand,In,Packed,DFGin,BLAminus,NTin,CTin,60.94,73.68,13.98,,,6.43,13.55,2.76,,,,,3.49,8.1,7.34,9.77,3.77,8.0,4.73,3.26,4.09,3.54,N/A,0.93
csk-wtcat_apo_seed-1606512_sample-0_model,csk-wtcat_apo/seed-1606512_sample-0,model.cif,A,CSK-WT,Active (BLAminus),Unpaired,,,,,,,Intact,No Ligand,In,Packed,DFGin,BLAminus,NTin,CTin,60.94,70.78,14.48,,,6.43,13.64,2.77,,,,,3.5,8.1,7.37,9.81,3.71,8.06,4.94,3.41,4.47,3.54,N/A,0.93
csk-wtcat_apo_seed-1606512_sample-1_model,csk-wtcat_apo/seed-1606512_sample-1,model.cif,A,CSK-WT,Active (BLAminus),Unpaired,,,,,,,Intact,No Ligand,In,Packed,DFGin,BLAminus,NTin,CTin,58.37,67.66,14.56,,,6.52,14.17,3.46,,,,,3.47,8.0,7.3,9.8,3.99,8.17,4.5,3.27,3.68,3.52,N/A,0.93
csk-wtcat_apo_seed-1606512_sample-2_model,csk-wtcat_apo/seed-1606512_sample-2,model.cif,A,CSK-WT,Active (BLAminus),Unpaired,,,,,,,Intact,No Ligand,In,Packed,DFGin,BLAminus,NTin,CTin,60.79,71.98,13.77,,,6.42,13.54,2.73,,,,,3.43,8.16,7.35,9.78,3.74,8.03,5.03,3.34,4.12,3.53,N/A,0.94
csk-wtcat_apo_seed-1606512_sample-3_model,csk-wtcat_apo/seed-1606512_sample-3,model.cif,A,CSK-WT,Active (BLAminus),Unpaired,,,,,,,Intact,No Ligand,In,Packed,DFGin,BLAminus,NTin,CTin,61.03,74.43,14.83,,,6.45,13.84,2.81,,,,,3.49,8.11,7.38,9.81,4.08,8.08,4.94,3.4,3.55,3.55,N/A,0.93
csk-wtcat_apo_seed-1606512_sample-4_model,csk-wtcat_apo/seed-1606512_sample-4,model.cif,A,CSK-WT,Active (BLAminus),Unpaired,,,,,,,Intact,No Ligand,In,Packed,DFGin,BLAminus,NTin,CTin,61.09,75.22,14.26,,,6.4,13.52,2.77,,,,,3.48,8.06,7.31,9.78,3.72,8.06,4.5,3.22,3.78,3.53,N/A,0.94
csk-wtcat_apo_seed-1652918_sample-0_model,csk-wtcat_apo/seed-1652918_sample-0,model.cif,A,CSK-WT,Active (BLAminus),Unpaired,,,,,,,Intact,No Ligand,In,Packed,DFGin,BLAminus,NTin,CTin,60.92,74.91,14.08,,,6.43,13.72,2.74,,,,,3.51,8.11,7.35,9.85,3.67,8.08,5.01,3.31,3.61,3.55,N/A,0.93
csk-wtcat_apo_seed-1652918_sample-1_model,csk-wtcat_apo/seed-1652918_sample-1,model.cif,A,CSK-WT,Active (BLAminus),Unpaired,,,,,,,Intact,No Ligand,In,Packed,DFGin,BLAminus,NTin,CTin,61.58,71.63,14.49,,,6.47,13.65,2.74,,,,,3.42,8.13,7.37,9.82,3.69,7.98,5.05,3.4,4.04,3.54,N/A,0.93
csk-wtcat_apo_seed-1652918_sample-2_model,csk-wtcat_apo/seed-1652918_sample-2,model.cif,A,CSK-WT,Active (BLAminus),Unpaired,,,,,,,Intact,No Ligand,In,Packed,DFGin,BLAminus,NTin,CTin,60.67,74.03,14.74,,,6.41,13.81,2.75,,,,,3.46,8.05,7.26,9.81,3.78,8.05,4.41,3.13,3.59,3.54,N/A,0.93
csk-wtcat_apo_seed-1652918_sample-3_model,csk-wtcat_apo/seed-1652918_sample-3,model.cif,A,CSK-WT,Active (BLAminus),Unpaired,,,,,,,Intact,No Ligand,In,Packed,DFGin,BLAminus,NTin,CTin,61.55,77.06,14.62,,,6.43,13.65,2.76,,,,,3.47,8.03,7.32,9.83,3.79,8.03,4.51,3.19,3.72,3.57,N/A,0.93
csk-wtcat_apo_seed-1652918_sample-4_model,csk-wtcat_apo/seed-1652918_sample-4,model.cif,A,CSK-WT,Active (BLAminus),Unpaired,,,,,,,Intact,No Ligand,In,Packed,DFGin,BLAminus,NTin,CTin,61.32,70.56,14.06,,,6.35,13.7,2.78,,,,,3.46,8.12,7.36,9.84,4.07,8.06,5.02,3.37,3.54,3.54,N/A,0.93
csk-wtcat_apo_seed-1682480_sample-0_model,csk-wtcat_apo/seed-1682480_sample-0,model.cif,A,CSK-WT,Active (BLAminus),Unpaired,,,,,,,Intact,No Ligand,In,Packed,DFGin,BLAminus,NTin,CTin,58.07,69.14,14.23,,,6.46,13.58,2.74,,,,,3.44,8.13,7.4,9.81,3.71,8.09,5.06,3.35,3.6,3.53,N/A,0.94
csk-wtcat_apo_seed-1682480_sample-1_model,csk-wtcat_apo/seed-1682480_sample-1,model.cif,A,CSK-WT,Active (BLAminus),Unpaired,,,,,,,Intact,No Ligand,In,Packed,DFGin,BLAminus,NTin,CTin,60.66,72.83,13.76,,,6.34,13.61,2.84,,,,,3.46,8.14,7.34,9.77,3.99,8.1,5.01,3.34,3.51,3.51,N/A,0.93
csk-wtcat_apo_seed-1682480_sample-2_model,csk-wtcat_apo/seed-1682480_sample-2,model.cif,A,CSK-WT,Active (BLAminus),Unpaired,,,,,,,Intact,No Ligand,In,Packed,DFGin,BLAminus,NTin,CTin,61.38,74.08,14.26,,,6.41,13.64,2.74,,,,,3.44,8.12,7.29,9.79,3.66,8.07,4.59,3.23,4.85,3.53,N/A,0.94
csk-wtcat_apo_seed-1682480_sample-3_model,csk-wtcat_apo/seed-1682480_sample-3,model.cif,A,CSK-WT,Active (BLAminus),Unpaired,,,,,,,Intact,No Ligand,In,Packed,DFGin,BLAminus,NTin,CTin,61.62,74.52,14.56,,,6.36,13.72,2.73,,,,,3.42,8.03,7.3,9.81,3.59,8.02,4.55,3.28,3.62,3.53,N/A,0.93
csk-wtcat_apo_seed-1682480_sample-4_model,csk-wtcat_apo/seed-1682480_sample-4,model.cif,A,CSK-WT,Active (BLAminus),Unpaired,,,,,,,Intact,No Ligand,In,Packed,DFGin,BLAminus,NTin,CTin,61.22,71.17,14.66,,,6.38,13.87,2.76,,,,,3.49,8.04,7.31,9.82,4.05,8.05,4.58,3.26,3.53,3.53,N/A,0.93
csk-wtcat_apo_seed-1738973_sample-0_model,csk-wtcat_apo/seed-1738973_sample-0,model.cif,A,CSK-WT,Active (BLAminus),Unpaired,,,,,,,Intact,No Ligand,In,Packed,DFGin,BLAminus,NTin,CTin,62.09,75.45,14.62,,,6.43,13.94,2.75,,,,,3.51,8.14,7.4,9.84,4.03,8.08,5.02,3.4,3.98,3.53,N/A,0.93
csk-wtcat_apo_seed-1738973_sample-1_model,csk-wtcat_apo/seed-1738973_sample-1,model.cif,A,CSK-WT,Active (BLAminus),Unpaired,,,,,,,Intact,No Ligand,In,Packed,DFGin,BLAminus,NTin,CTin,60.21,74.15,13.83,,,6.42,13.51,2.76,,,,,3.51,8.08,7.34,9.83,3.71,8.1,4.64,3.21,3.55,3.5,N/A,0.93
csk-wtcat_apo_seed-1738973_sample-2_model,csk-wtcat_apo/seed-1738973_sample-2,model.cif,A,CSK-WT,Active (BLAminus),Unpaired,,,,,,,Intact,No Ligand,In,Packed,DFGin,BLAminus,NTin,CTin,62.52,72.0,14.36,,,6.4,13.72,2.73,,,,,3.43,8.1,7.31,9.8,3.69,8.07,4.62,3.26,4.9,3.52,N/A,0.93
csk-wtcat_apo_seed-1738973_sample-3_model,csk-wtcat_apo/seed-1738973_sample-3,model.cif,A,CSK-WT,Active (BLAminus),Unpaired,,,,,,,Intact,No Ligand,In,Packed,DFGin,BLAminus,NTin,CTin,60.68,75.37,13.94,,,6.39,13.59,2.73,,,,,3.44,8.05,7.37,9.82,3.68,8.02,4.99,3.32,3.61,3.5,N/A,0.94
csk-wtcat_apo_seed-1738973_sample-4_model,csk-wtcat_apo/seed-1738973_sample-4,model.cif,A,CSK-WT,Active (BLAminus),Unpaired,,,,,,,Intact,No Ligand,In,Packed,DFGin,BLAminus,NTin,CTin,60.23,74.59,14.33,,,6.38,13.58,2.74,,,,,3.48,8.07,7.37,9.86,3.74,8.09,4.97,3.28,3.45,3.54,N/A,0.93
csk-wtcat_apo_seed-1762199_sample-0_model,csk-wtcat_apo/seed-1762199_sample-0,model.cif,A,CSK-WT,Active (BLAminus),Unpaired,,,,,,,Intact,No Ligand,In,Packed,DFGin,BLAminus,NTin,CTin,60.03,74.41,13.92,,,6.43,13.5,2.72,,,,,3.42,8.13,7.39,9.78,3.76,8.02,5.02,3.41,4.08,3.53,N/A,0.93
csk-wtcat_apo_seed-1762199_sample-1_model,csk-wtcat_apo/seed-1762199_sample-1,model.cif,A,CSK-WT,Active (BLAminus),Unpaired,,,,,,,Intact,No Ligand,In,Packed,DFGin,BLAminus,NTin,CTin,60.71,73.97,14.25,,,6.4,13.61,2.71,,,,,3.44,8.06,7.34,9.8,3.68,8.05,4.59,3.22,3.5,3.52,N/A,0.93
csk-wtcat_apo_seed-1762199_sample-2_model,csk-wtcat_apo/seed-1762199_sample-2,model.cif,A,CSK-WT,Active (BLAminus),Unpaired,,,,,,,Intact,No Ligand,In,Packed,DFGin,BLAminus,NTin,CTin,61.61,74.57,13.85,,,6.33,13.6,2.74,,,,,3.48,8.09,7.32,9.8,3.65,8.08,4.61,3.27,3.7,3.51,N/A,0.93
csk-wtcat_apo_seed-1762199_sample-3_model,csk-wtcat_apo/seed-1762199_sample-3,model.cif,A,CSK-WT,Active (BLAminus),Unpaired,,,,,,,Intact,No Ligand,In,Packed,DFGin,BLAminus,NTin,CTin,61.34,76.75,13.63,,,6.41,13.48,2.75,,,,,3.44,8.08,7.34,9.75,3.8,8.02,4.59,3.28,3.61,3.51,N/A,0.93
csk-wtcat_apo_seed-1762199_sample-4_model,csk-wtcat_apo/seed-1762199_sample-4,model.cif,A,CSK-WT,Active (BLAminus),Unpaired,,,,,,,Intact,No Ligand,In,Packed,DFGin,BLAminus,NTin,CTin,60.9,75.57,14.67,,,6.42,13.77,2.76,,,,,3.43,8.1,7.34,9.78,3.67,8.06,5.01,3.37,3.79,3.54,N/A,0.93
csk-wtcat_apo_seed-1781551_sample-0_model,csk-wtcat_apo/seed-1781551_sample-0,model.cif,A,CSK-WT,Active (BLAminus),Unpaired,,,,,,,Intact,No Ligand,In,Packed,DFGin,BLAminus,NTin,CTin,61.05,72.89,14.39,,,6.43,13.72,2.72,,,,,3.46,8.06,7.34,9.81,3.68,8.06,4.61,3.27,4.04,3.53,N/A,0.93
csk-wtcat_apo_seed-1781551_sample-1_model,csk-wtcat_apo/seed-1781551_sample-1,model.cif,A,CSK-WT,Active (BLAminus),Unpaired,,,,,,,Intact,No Ligand,In,Packed,DFGin,BLAminus,NTin,CTin,61.33,74.0,14.44,,,6.37,13.68,2.7,,,,,3.48,8.14,7.37,9.87,3.75,8.12,5.05,3.35,3.45,3.54,N/A,0.93
csk-wtcat_apo_seed-1781551_sample-2_model,csk-wtcat_apo/seed-1781551_sample-2,model.cif,A,CSK-WT,Active (BLAminus),Unpaired,,,,,,,Intact,No Ligand,In,Packed,DFGin,BLAminus,NTin,CTin,60.02,71.78,14.42,,,6.41,13.65,2.7,,,,,3.43,8.12,7.37,9.79,3.67,8.03,5.02,3.33,3.81,3.52,N/A,0.93
csk-wtcat_apo_seed-1781551_sample-3_model,csk-wtcat_apo/seed-1781551_sample-3,model.cif,A,CSK-WT,Active (BLAminus),Unpaired,,,,,,,Intact,No Ligand,In,Packed,DFGin,BLAminus,NTin,CTin,60.71,74.35,14.35,,,6.38,13.67,2.71,,,,,3.41,8.09,7.37,9.78,3.69,8.04,4.76,3.25,3.56,3.53,N/A,0.93
csk-wtcat_apo_seed-1781551_sample-4_model,csk-wtcat_apo/seed-1781551_sample-4,model.cif,A,CSK-WT,Active (BLAminus),Unpaired,,,,,,,Intact,No Ligand,In,Packed,DFGin,BLAminus,NTin,CTin,60.82,74.77,14.39,,,6.42,13.7,2.69,,,,,3.46,8.03,7.31,9.84,3.63,8.11,4.56,3.24,3.9,3.52,N/A,0.93
csk-wtcat_apo_seed-1795617_sample-0_model,csk-wtcat_apo/seed-1795617_sample-0,model.cif,A,CSK-WT,Active (BLAminus),Unpaired,,,,,,,Intact,No Ligand,In,Packed,DFGin,BLAminus,NTin,CTin,61.53,72.75,13.99,,,6.43,13.61,2.77,,,,,3.45,8.08,7.37,9.81,3.71,8.06,4.98,3.27,5.92,3.52,N/A,0.93
csk-wtcat_apo_seed-1795617_sample-1_model,csk-wtcat_apo/seed-1795617_sample-1,model.cif,A,CSK-WT,Active (BLAminus),Unpaired,,,,,,,Intact,No Ligand,In,Packed,DFGin,BLAminus,NTin,CTin,61.56,72.99,14.26,,,6.44,13.55,2.79,,,,,3.45,8.13,7.39,9.84,3.73,8.06,5.04,3.4,3.65,3.55,N/A,0.93
csk-wtcat_apo_seed-1795617_sample-2_model,csk-wtcat_apo/seed-1795617_sample-2,model.cif,A,CSK-WT,Active (BLAminus),Unpaired,,,,,,,Intact,No Ligand,In,Packed,DFGin,BLAminus,NTin,CTin,62.19,71.79,14.96,,,6.4,14.15,2.93,,,,,3.49,8.1,7.35,9.84,4.14,8.17,4.94,3.42,3.66,3.51,N/A,0.93
csk-wtcat_apo_seed-1795617_sample-3_model,csk-wtcat_apo/seed-1795617_sample-3,model.cif,A,CSK-WT,Active (BLAminus),Unpaired,,,,,,,Intact,No Ligand,In,Packed,DFGin,BLAminus,NTin,CTin,63.87,68.73,14.34,,,6.4,13.89,2.72,,,,,3.45,8.09,7.31,9.81,4.14,8.08,4.63,3.29,4.54,3.53,N/A,0.93
csk-wtcat_apo_seed-1795617_sample-4_model,csk-wtcat_apo/seed-1795617_sample-4,model.cif,A,CSK-WT,Active (BLAminus),Unpaired,,,,,,,Intact,No Ligand,In,Packed,DFGin,BLAminus,NTin,CTin,61.36,76.65,14.06,,,6.41,13.56,2.74,,,,,3.42,8.06,7.28,9.76,3.71,7.99,4.52,3.25,4.16,3.51,N/A,0.93
csk-wtcat_apo_seed-1810084_sample-0_model,csk-wtcat_apo/seed-1810084_sample-0,model.cif,A,CSK-WT,Active (BLAminus),Unpaired,,,,,,,Intact,No Ligand,In,Packed,DFGin,BLAminus,NTin,CTin,60.68,76.08,14.88,,,6.33,13.81,2.72,,,,,3.4,8.15,7.38,9.78,3.67,8.05,5.02,3.38,3.61,3.54,N/A,0.94
csk-wtcat_apo_seed-1810084_sample-1_model,csk-wtcat_apo/seed-1810084_sample-1,model.cif,A,CSK-WT,Active (BLAminus),Unpaired,,,,,,,Intact,No Ligand,In,Packed,DFGin,BLAminus,NTin,CTin,60.93,72.9,14.31,,,6.39,13.59,2.74,,,,,3.45,8.02,7.31,9.79,3.73,8.11,4.56,3.22,3.87,3.5,N/A,0.94
csk-wtcat_apo_seed-1810084_sample-2_model,csk-wtcat_apo/seed-1810084_sample-2,model.cif,A,CSK-WT,Active (BLAminus),Unpaired,,,,,,,Intact,No Ligand,In,Packed,DFGin,BLAminus,NTin,CTin,60.81,72.43,13.49,,,6.4,13.51,2.75,,,,,3.52,8.07,7.31,9.81,3.7,8.01,4.58,3.23,4.27,3.52,N/A,0.93
csk-wtcat_apo_seed-1810084_sample-3_model,csk-wtcat_apo/seed-1810084_sample-3,model.cif,A,CSK-WT,Active (BLAminus),Unpaired,,,,,,,Intact,No Ligand,In,Packed,DFGin,BLAminus,NTin,CTin,61.78,73.34,15.15,,,6.35,14.06,2.88,,,,,3.45,8.09,7.33,9.79,4.1,8.08,4.95,3.41,3.94,3.55,N/A,0.94
csk-wtcat_apo_seed-1810084_sample-4_model,csk-wtcat_apo/seed-1810084_sample-4,model.cif,A,CSK-WT,Active (BLAminus),Unpaired,,,,,,,Intact,No Ligand,In,Packed,DFGin,BLAminus,NTin,CTin,60.9,74.82,14.94,,,6.34,13.91,2.78,,,,,3.42,8.09,7.33,9.93,3.8,8.22,4.96,3.29,3.48,3.53,N/A,0.93
csk-wtcat_apo_seed-1819584_sample-0_model,csk-wtcat_apo/seed-1819584_sample-0,model.cif,A,CSK-WT,Active (BLAminus),Unpaired,,,,,,,Intact,No Ligand,In,Packed,DFGin,BLAminus,NTin,CTin,61.59,75.67,14.36,,,6.37,13.73,2.67,,,,,3.36,8.04,7.3,9.77,3.73,8.07,4.57,3.12,3.55,3.52,N/A,0.93
csk-wtcat_apo_seed-1819584_sample-1_model,csk-wtcat_apo/seed-1819584_sample-1,model.cif,A,CSK-WT,Active (BLAminus),Unpaired,,,,,,,Intact,No Ligand,In,Packed,DFGin,BLAminus,NTin,CTin,60.74,73.5,14.3,,,6.38,13.72,2.8,,,,,3.52,8.14,7.36,9.77,4.05,8.06,5.05,3.4,3.65,3.5,N/A,0.93
csk-wtcat_apo_seed-1819584_sample-2_model,csk-wtcat_apo/seed-1819584_sample-2,model.cif,A,CSK-WT,Active (BLAminus),Unpaired,,,,,,,Intact,No Ligand,In,Packed,DFGin,BLAminus,NTin,CTin,61.05,73.2,14.08,,,6.42,13.79,2.77,,,,,3.44,8.11,7.36,9.8,3.69,8.06,5.07,3.32,3.63,3.53,N/A,0.93
csk-wtcat_apo_seed-1819584_sample-3_model,csk-wtcat_apo/seed-1819584_sample-3,model.cif,A,CSK-WT,Active (BLAminus),Unpaired,,,,,,,Intact,No Ligand,In,Packed,DFGin,BLAminus,NTin,CTin,61.33,72.01,14.85,,,6.38,13.82,2.84,,,,,3.43,8.09,7.35,9.83,4.1,8.15,4.94,3.3,3.47,3.51,N/A,0.93
csk-wtcat_apo_seed-1819584_sample-4_model,csk-wtcat_apo/seed-1819584_sample-4,model.cif,A,CSK-WT,Active (BLAminus),Unpaired,,,,,,,Intact,No Ligand,In,Packed,DFGin,BLAminus,NTin,CTin,61.29,74.44,13.72,,,6.4,13.47,2.76,,,,,3.47,8.14,7.34,9.76,3.73,8.05,5.06,3.28,4.09,3.54,N/A,0.93
csk-wtcat_apo_seed-185542_sample-0_model,csk-wtcat_apo/seed-185542_sample-0,model.cif,A,CSK-WT,Active (BLAminus),Unpaired,,,,,,,Intact,No Ligand,In,Packed,DFGin,BLAminus,NTin,CTin,60.96,72.55,13.48,,,6.42,13.45,2.79,,,,,3.47,8.09,7.37,9.8,3.69,8.05,4.7,3.28,3.6,3.53,N/A,0.93
csk-wtcat_apo_seed-185542_sample-1_model,csk-wtcat_apo/seed-185542_sample-1,model.cif,A,CSK-WT,Active (BLAminus),Unpaired,,,,,,,Intact,No Ligand,In,Packed,DFGin,BLAminus,NTin,CTin,61.07,76.67,14.51,,,6.37,13.7,2.74,,,,,3.45,8.09,7.32,9.79,3.69,8.12,4.6,3.27,3.61,3.52,N/A,0.94
csk-wtcat_apo_seed-185542_sample-2_model,csk-wtcat_apo/seed-185542_sample-2,model.cif,A,CSK-WT,Active (BLAminus),Unpaired,,,,,,,Intact,No Ligand,In,Packed,DFGin,BLAminus,NTin,CTin,61.09,75.2,14.09,,,6.44,13.57,2.69,,,,,3.44,8.08,7.32,9.8,3.75,8.08,4.59,3.25,4.82,3.54,N/A,0.94
csk-wtcat_apo_seed-185542_sample-3_model,csk-wtcat_apo/seed-185542_sample-3,model.cif,A,CSK-WT,Active (BLAminus),Unpaired,,,,,,,Intact,No Ligand,In,Packed,DFGin,BLAminus,NTin,CTin,60.62,71.49,15.01,,,6.39,14.33,3.33,,,,,3.48,8.1,7.32,9.89,4.13,8.02,4.93,3.41,3.6,3.52,N/A,0.93
csk-wtcat_apo_seed-185542_sample-4_model,csk-wtcat_apo/seed-185542_sample-4,model.cif,A,CSK-WT,Active (BLAminus),Unpaired,,,,,,,Intact,No Ligand,In,Packed,DFGin,BLAminus,NTin,CTin,60.8,74.64,14.25,,,6.44,13.49,2.77,,,,,3.44,8.06,7.3,9.8,3.77,8.06,4.55,3.23,3.7,3.54,N/A,0.93
csk-wtcat_apo_seed-1871819_sample-0_model,csk-wtcat_apo/seed-1871819_sample-0,model.cif,A,CSK-WT,Active (BLAminus),Unpaired,,,,,,,Intact,No Ligand,In,Packed,DFGin,BLAminus,NTin,CTin,60.87,75.85,14.04,,,6.35,13.6,2.71,,,,,3.47,8.12,7.36,9.76,3.67,7.96,5.04,3.37,3.62,3.5,N/A,0.93
csk-wtcat_apo_seed-1871819_sample-1_model,csk-wtcat_apo/seed-1871819_sample-1,model.cif,A,CSK-WT,Active (BLAminus),Unpaired,,,,,,,Intact,No Ligand,In,Packed,DFGin,BLAminus,NTin,CTin,61.44,73.54,13.96,,,6.43,13.61,2.73,,,,,3.47,8.07,7.34,9.8,3.71,8.08,4.62,3.25,3.71,3.53,N/A,0.93
csk-wtcat_apo_seed-1871819_sample-2_model,csk-wtcat_apo/seed-1871819_sample-2,model.cif,A,CSK-WT,Active (BLAminus),Unpaired,,,,,,,Intact,No Ligand,In,Packed,DFGin,BLAminus,NTin,CTin,60.24,73.08,14.25,,,6.44,13.72,2.71,,,,,3.45,8.04,7.28,9.81,3.79,8.05,4.45,3.19,4.3,3.53,N/A,0.93
csk-wtcat_apo_seed-1871819_sample-3_model,csk-wtcat_apo/seed-1871819_sample-3,model.cif,A,CSK-WT,Active (BLAminus),Unpaired,,,,,,,Intact,No Ligand,In,Packed,DFGin,BLAminus,NTin,CTin,61.04,75.17,14.6,,,6.36,13.73,2.73,,,,,3.47,8.04,7.33,9.78,3.7,8.09,4.63,3.25,4.09,3.5,N/A,0.94
csk-wtcat_apo_seed-1871819_sample-4_model,csk-wtcat_apo/seed-1871819_sample-4,model.cif,A,CSK-WT,Active (BLAminus),Unpaired,,,,,,,Intact,No Ligand,In,Packed,DFGin,BLAminus,NTin,CTin,61.31,69.71,14.43,,,6.39,13.72,2.76,,,,,3.48,8.13,7.35,9.78,3.7,8.07,5.01,3.44,4.03,3.52,N/A,0.94
csk-wtcat_apo_seed-1911650_sample-0_model,csk-wtcat_apo/seed-1911650_sample-0,model.cif,A,CSK-WT,Active (BLAminus),Unpaired,,,,,,,Intact,No Ligand,In,Packed,DFGin,BLAminus,NTin,CTin,61.39,72.33,14.59,,,6.5,13.82,2.77,,,,,3.41,8.06,7.34,9.83,4.08,8.06,4.6,3.25,4.11,3.54,N/A,0.93
csk-wtcat_apo_seed-1911650_sample-1_model,csk-wtcat_apo/seed-1911650_sample-1,model.cif,A,CSK-WT,Active (BLAminus),Unpaired,,,,,,,Intact,No Ligand,In,Packed,DFGin,BLAminus,NTin,CTin,61.56,71.78,15.07,,,6.44,13.9,2.88,,,,,3.46,8.05,7.33,9.79,4.06,8.14,4.62,3.27,3.6,3.52,N/A,0.94
csk-wtcat_apo_seed-1911650_sample-2_model,csk-wtcat_apo/seed-1911650_sample-2,model.cif,A,CSK-WT,Active (BLAminus),Unpaired,,,,,,,Intact,No Ligand,In,Packed,DFGin,BLAminus,NTin,CTin,61.31,73.96,14.43,,,6.41,13.68,2.8,,,,,3.43,8.13,7.35,9.86,3.69,8.11,4.99,3.31,5.28,3.53,N/A,0.93
csk-wtcat_apo_seed-1911650_sample-3_model,csk-wtcat_apo/seed-1911650_sample-3,model.cif,A,CSK-WT,Active (BLAminus),Unpaired,,,,,,,Intact,No Ligand,In,Packed,DFGin,BLAminus,NTin,CTin,60.84,72.69,13.77,,,6.42,13.53,2.77,,,,,3.47,8.14,7.37,9.83,3.7,8.13,5.07,3.31,4.06,3.54,N/A,0.93
csk-wtcat_apo_seed-1911650_sample-4_model,csk-wtcat_apo/seed-1911650_sample-4,model.cif,A,CSK-WT,Active (BLAminus),Unpaired,,,,,,,Intact,No Ligand,In,Packed,DFGin,BLAminus,NTin,CTin,60.59,75.92,14.07,,,6.41,13.49,2.78,,,,,3.46,8.11,7.37,9.77,3.75,8.07,4.66,3.22,3.54,3.54,N/A,0.93
csk-wtcat_apo_seed-1927465_sample-0_model,csk-wtcat_apo/seed-1927465_sample-0,model.cif,A,CSK-WT,Active (BLAminus),Unpaired,,,,,,,Intact,No Ligand,In,Packed,DFGin,BLAminus,NTin,CTin,60.86,73.51,13.64,,,6.43,13.53,2.72,,,,,3.43,8.05,7.34,9.77,3.78,8.1,4.54,3.22,3.53,3.52,N/A,0.93
csk-wtcat_apo_seed-1927465_sample-1_model,csk-wtcat_apo/seed-1927465_sample-1,model.cif,A,CSK-WT,Active (BLAminus),Unpaired,,,,,,,Intact,No Ligand,In,Packed,DFGin,BLAminus,NTin,CTin,61.12,74.26,13.6,,,6.4,13.66,2.75,,,,,3.47,8.11,7.32,9.79,3.67,8.01,4.62,3.2,3.59,3.55,N/A,0.93
csk-wtcat_apo_seed-1927465_sample-2_model,csk-wtcat_apo/seed-1927465_sample-2,model.cif,A,CSK-WT,Active (BLAminus),Unpaired,,,,,,,Intact,No Ligand,In,Packed,DFGin,BLAminus,NTin,CTin,60.86,71.59,14.56,,,6.42,13.85,2.85,,,,,3.45,8.09,7.3,9.78,4.1,8.05,4.61,3.3,5.59,3.54,N/A,0.93
csk-wtcat_apo_seed-1927465_sample-3_model,csk-wtcat_apo/seed-1927465_sample-3,model.cif,A,CSK-WT,Inactive (BLBminus),Unpaired,,,,,,,Intact,No Ligand,In,Packed,DFGin,BLBminus,NTout,CTin,55.96,66.53,14.71,,,6.11,13.66,3.08,,,,,3.46,8.08,7.37,10.0,3.67,9.83,4.64,3.25,4.12,3.51,N/A,0.92
csk-wtcat_apo_seed-1927465_sample-4_model,csk-wtcat_apo/seed-1927465_sample-4,model.cif,A,CSK-WT,Active (BLAminus),Unpaired,,,,,,,Intact,No Ligand,In,Packed,DFGin,BLAminus,NTin,CTin,62.52,68.8,14.22,,,6.38,13.69,2.72,,,,,3.44,8.05,7.3,9.78,3.74,8.07,4.52,3.24,3.66,3.53,N/A,0.93
csk-wtcat_apo_seed-1987653_sample-0_model,csk-wtcat_apo/seed-1987653_sample-0,model.cif,A,CSK-WT,Active (BLAminus),Unpaired,,,,,,,Intact,No Ligand,In,Packed,DFGin,BLAminus,NTin,CTin,60.54,75.1,14.16,,,6.41,13.72,2.8,,,,,3.49,8.09,7.32,9.83,3.69,8.04,4.63,3.22,3.46,3.56,N/A,0.93
csk-wtcat_apo_seed-1987653_sample-1_model,csk-wtcat_apo/seed-1987653_sample-1,model.cif,A,CSK-WT,Inactive (BLBminus),Unpaired,,,,,,,Intact,No Ligand,In,Packed,DFGin,BLBminus,NTout,CTin,60.85,74.98,15.03,,,5.63,14.8,3.55,,,,,3.48,7.99,7.29,9.93,4.21,8.12,4.48,3.33,3.89,3.52,N/A,0.92
csk-wtcat_apo_seed-1987653_sample-2_model,csk-wtcat_apo/seed-1987653_sample-2,model.cif,A,CSK-WT,Active (BLAminus),Unpaired,,,,,,,Intact,No Ligand,In,Packed,DFGin,BLAminus,NTin,CTin,60.92,73.65,14.69,,,6.36,14.05,2.84,,,,,3.47,8.06,7.35,9.81,4.1,8.03,4.94,3.43,3.57,3.51,N/A,0.93
csk-wtcat_apo_seed-1987653_sample-3_model,csk-wtcat_apo/seed-1987653_sample-3,model.cif,A,CSK-WT,Active (BLAminus),Unpaired,,,,,,,Intact,No Ligand,In,Packed,DFGin,BLAminus,NTin,CTin,60.9,74.44,14.4,,,6.37,13.61,2.76,,,,,3.48,8.13,7.39,9.85,3.73,8.11,5.06,3.29,3.52,3.52,N/A,0.93
csk-wtcat_apo_seed-1987653_sample-4_model,csk-wtcat_apo/seed-1987653_sample-4,model.cif,A,CSK-WT,Active (BLAminus),Unpaired,,,,,,,Intact,No Ligand,In,Packed,DFGin,BLAminus,NTin,CTin,60.36,74.53,14.27,,,6.41,13.66,2.7,,,,,3.46,8.05,7.33,9.8,3.73,8.04,4.65,3.25,3.55,3.55,N/A,0.93
csk-wtcat_apo_seed-25902_sample-0_model,csk-wtcat_apo/seed-25902_sample-0,model.cif,A,CSK-WT,Active (BLAminus),Unpaired,,,,,,,Intact,No Ligand,In,Packed,DFGin,BLAminus,NTin,CTin,61.31,73.21,14.27,,,6.39,13.6,2.74,,,,,3.4,8.15,7.34,9.8,3.74,8.09,5.03,3.34,3.64,3.53,N/A,0.93
csk-wtcat_apo_seed-25902_sample-1_model,csk-wtcat_apo/seed-25902_sample-1,model.cif,A,CSK-WT,Active (BLAminus),Unpaired,,,,,,,Intact,No Ligand,In,Packed,DFGin,BLAminus,NTin,CTin,58.75,66.62,14.24,,,6.47,13.69,2.78,,,,,3.46,8.15,7.33,9.79,3.75,8.07,4.99,3.3,6.24,3.49,N/A,0.93
csk-wtcat_apo_seed-25902_sample-2_model,csk-wtcat_apo/seed-25902_sample-2,model.cif,A,CSK-WT,Active (BLAminus),Unpaired,,,,,,,Intact,No Ligand,In,Packed,DFGin,BLAminus,NTin,CTin,60.1,74.32,13.44,,,6.45,13.45,2.77,,,,,3.45,8.07,7.33,9.84,3.73,8.09,4.62,3.23,3.58,3.52,N/A,0.93
csk-wtcat_apo_seed-25902_sample-3_model,csk-wtcat_apo/seed-25902_sample-3,model.cif,A,CSK-WT,Active (BLAminus),Unpaired,,,,,,,Intact,No Ligand,In,Packed,DFGin,BLAminus,NTin,CTin,61.63,74.44,14.02,,,6.44,13.6,2.78,,,,,3.43,8.04,7.31,9.84,3.68,8.07,4.5,3.2,3.61,3.49,N/A,0.93
csk-wtcat_apo_seed-25902_sample-4_model,csk-wtcat_apo/seed-25902_sample-4,model.cif,A,CSK-WT,Active (BLAminus),Unpaired,,,,,,,Intact,No Ligand,In,Packed,DFGin,BLAminus,NTin,CTin,62.06,71.93,15.48,,,6.47,14.18,3.32,,,,,3.45,7.93,7.27,9.92,4.14,8.13,4.43,3.27,3.55,3.51,N/A,0.93
csk-wtcat_apo_seed-449594_sample-0_model,csk-wtcat_apo/seed-449594_sample-0,model.cif,A,CSK-WT,Active (BLAminus),Unpaired,,,,,,,Intact,No Ligand,In,Packed,DFGin,BLAminus,NTin,CTin,61.44,73.24,13.88,,,6.41,13.55,2.73,,,,,3.44,8.09,7.29,9.76,3.77,8.03,4.55,3.21,3.95,3.53,N/A,0.93
csk-wtcat_apo_seed-449594_sample-1_model,csk-wtcat_apo/seed-449594_sample-1,model.cif,A,CSK-WT,Active (BLAminus),Unpaired,,,,,,,Intact,No Ligand,In,Packed,DFGin,BLAminus,NTin,CTin,61.22,73.54,14.21,,,6.42,13.64,2.73,,,,,3.46,8.08,7.3,9.82,3.71,8.09,4.53,3.18,3.63,3.53,N/A,0.93
csk-wtcat_apo_seed-449594_sample-2_model,csk-wtcat_apo/seed-449594_sample-2,model.cif,A,CSK-WT,Active (BLAminus),Unpaired,,,,,,,Intact,No Ligand,In,Packed,DFGin,BLAminus,NTin,CTin,60.19,72.59,14.18,,,6.37,13.69,2.71,,,,,3.39,8.1,7.36,9.84,3.69,8.05,5.02,3.38,3.57,3.52,N/A,0.93
csk-wtcat_apo_seed-449594_sample-3_model,csk-wtcat_apo/seed-449594_sample-3,model.cif,A,CSK-WT,Active (BLAminus),Unpaired,,,,,,,Intact,No Ligand,In,Packed,DFGin,BLAminus,NTin,CTin,60.32,76.47,13.82,,,6.42,13.53,2.76,,,,,3.49,8.07,7.29,9.77,3.73,8.08,4.52,3.22,3.94,3.52,N/A,0.93
csk-wtcat_apo_seed-449594_sample-4_model,csk-wtcat_apo/seed-449594_sample-4,model.cif,A,CSK-WT,Active (BLAminus),Unpaired,,,,,,,Intact,No Ligand,In,Packed,DFGin,BLAminus,NTin,CTin,60.51,73.24,14.25,,,6.42,13.6,2.67,,,,,3.42,8.17,7.4,9.79,3.72,8.04,5.03,3.34,3.56,3.54,N/A,0.93
csk-wtcat_apo_seed-567525_sample-0_model,csk-wtcat_apo/seed-567525_sample-0,model.cif,A,CSK-WT,Active (BLAminus),Unpaired,,,,,,,Intact,No Ligand,In,Packed,DFGin,BLAminus,NTin,CTin,60.89,74.23,14.19,,,6.34,13.81,2.81,,,,,3.44,8.05,7.3,9.79,4.06,8.1,4.59,3.28,3.51,3.53,N/A,0.93
csk-wtcat_apo_seed-567525_sample-1_model,csk-wtcat_apo/seed-567525_sample-1,model.cif,A,CSK-WT,Active (BLAminus),Unpaired,,,,,,,Intact,No Ligand,In,Packed,DFGin,BLAminus,NTin,CTin,60.57,73.16,15.07,,,6.35,13.99,2.95,,,,,3.43,8.1,7.35,9.8,4.08,8.07,4.94,3.41,3.48,3.53,N/A,0.93
csk-wtcat_apo_seed-567525_sample-2_model,csk-wtcat_apo/seed-567525_sample-2,model.cif,A,CSK-WT,Active (BLAminus),Unpaired,,,,,,,Intact,No Ligand,In,Packed,DFGin,BLAminus,NTin,CTin,61.96,74.53,14.58,,,6.4,13.77,2.69,,,,,3.42,8.08,7.33,9.78,3.77,8.05,4.55,3.25,4.16,3.52,N/A,0.93
csk-wtcat_apo_seed-567525_sample-3_model,csk-wtcat_apo/seed-567525_sample-3,model.cif,A,CSK-WT,Active (BLAminus),Unpaired,,,,,,,Intact,No Ligand,In,Packed,DFGin,BLAminus,NTin,CTin,61.63,76.07,14.43,,,6.36,13.77,2.71,,,,,3.47,8.14,7.4,9.78,3.64,8.08,5.04,3.4,3.84,3.54,N/A,0.93
csk-wtcat_apo_seed-567525_sample-4_model,csk-wtcat_apo/seed-567525_sample-4,model.cif,A,CSK-WT,Active (BLAminus),Unpaired,,,,,,,Intact,No Ligand,In,Packed,DFGin,BLAminus,NTin,CTin,61.46,73.09,14.78,,,6.4,14.07,3.11,,,,,3.42,8.16,7.35,9.84,4.1,8.15,4.99,3.38,3.48,3.53,N/A,0.93
csk-wtcat_apo_seed-587175_sample-0_model,csk-wtcat_apo/seed-587175_sample-0,model.cif,A,CSK-WT,Active (BLAminus),Unpaired,,,,,,,Intact,No Ligand,In,Packed,DFGin,BLAminus,NTin,CTin,60.69,74.16,13.96,,,6.39,13.68,2.72,,,,,3.44,8.11,7.29,9.79,3.7,7.99,4.55,3.15,3.84,3.53,N/A,0.93
csk-wtcat_apo_seed-587175_sample-1_model,csk-wtcat_apo/seed-587175_sample-1,model.cif,A,CSK-WT,Active (BLAminus),Unpaired,,,,,,,Intact,No Ligand,In,Packed,DFGin,BLAminus,NTin,CTin,60.71,73.23,14.42,,,6.35,13.79,2.73,,,,,3.48,8.14,7.35,9.83,3.67,8.04,5.02,3.4,3.55,3.53,N/A,0.94
csk-wtcat_apo_seed-587175_sample-2_model,csk-wtcat_apo/seed-587175_sample-2,model.cif,A,CSK-WT,Active (BLAminus),Unpaired,,,,,,,Intact,No Ligand,In,Packed,DFGin,BLAminus,NTin,CTin,59.6,75.62,13.68,,,6.41,13.59,2.73,,,,,3.51,8.07,7.31,9.78,3.73,8.01,4.64,3.26,3.63,3.52,N/A,0.93
csk-wtcat_apo_seed-587175_sample-3_model,csk-wtcat_apo/seed-587175_sample-3,model.cif,A,CSK-WT,Active (BLAminus),Unpaired,,,,,,,Intact,No Ligand,In,Packed,DFGin,BLAminus,NTin,CTin,60.29,72.04,14.12,,,6.45,13.5,2.76,,,,,3.46,8.09,7.34,9.79,3.73,8.05,4.98,3.25,4.12,3.51,N/A,0.94
csk-wtcat_apo_seed-587175_sample-4_model,csk-wtcat_apo/seed-587175_sample-4,model.cif,A,CSK-WT,Active (BLAminus),Unpaired,,,,,,,Intact,No Ligand,In,Packed,DFGin,BLAminus,NTin,CTin,60.89,74.07,14.53,,,6.43,13.71,2.74,,,,,3.44,8.07,7.33,9.85,3.7,8.05,4.59,3.23,3.44,3.54,N/A,0.93
csk-wtcat_apo_seed-649741_sample-0_model,csk-wtcat_apo/seed-649741_sample-0,model.cif,A,CSK-WT,Active (BLAminus),Unpaired,,,,,,,Intact,No Ligand,In,Packed,DFGin,BLAminus,NTin,CTin,61.46,72.15,14.62,,,6.39,13.64,2.81,,,,,3.46,8.08,7.32,9.8,3.69,8.06,4.62,3.27,3.63,3.52,N/A,0.93
csk-wtcat_apo_seed-649741_sample-1_model,csk-wtcat_apo/seed-649741_sample-1,model.cif,A,CSK-WT,Active (BLAminus),Unpaired,,,,,,,Intact,No Ligand,In,Packed,DFGin,BLAminus,NTin,CTin,60.05,72.83,14.19,,,6.33,13.94,2.86,,,,,3.41,8.04,7.28,9.85,4.03,8.26,4.55,3.24,3.9,3.52,N/A,0.93
csk-wtcat_apo_seed-649741_sample-2_model,csk-wtcat_apo/seed-649741_sample-2,model.cif,A,CSK-WT,Active (BLAminus),Unpaired,,,,,,,Intact,No Ligand,In,Packed,DFGin,BLAminus,NTin,CTin,60.84,74.69,14.21,,,6.4,13.64,2.71,,,,,3.43,8.08,7.31,9.76,3.73,8.06,4.62,3.21,3.58,3.53,N/A,0.94
csk-wtcat_apo_seed-649741_sample-3_model,csk-wtcat_apo/seed-649741_sample-3,model.cif,A,CSK-WT,Active (BLAminus),Unpaired,,,,,,,Intact,No Ligand,In,Packed,DFGin,BLAminus,NTin,CTin,61.77,75.35,14.1,,,6.4,13.71,2.75,,,,,3.43,8.09,7.33,9.81,3.65,8.14,4.59,3.22,3.44,3.52,N/A,0.93
csk-wtcat_apo_seed-649741_sample-4_model,csk-wtcat_apo/seed-649741_sample-4,model.cif,A,CSK-WT,Active (BLAminus),Unpaired,,,,,,,Intact,No Ligand,In,Packed,DFGin,BLAminus,NTin,CTin,56.69,71.29,15.37,,,6.5,14.44,3.53,,,,,3.48,8.02,7.26,9.9,4.09,7.95,4.48,3.29,3.54,3.54,N/A,0.92
csk-wtcat_apo_seed-670992_sample-0_model,csk-wtcat_apo/seed-670992_sample-0,model.cif,A,CSK-WT,Active (BLAminus),Unpaired,,,,,,,Intact,No Ligand,In,Packed,DFGin,BLAminus,NTin,CTin,60.95,71.58,14.13,,,6.41,13.83,2.94,,,,,3.47,8.11,7.37,9.82,3.61,8.1,4.98,3.41,3.55,3.53,N/A,0.93
csk-wtcat_apo_seed-670992_sample-1_model,csk-wtcat_apo/seed-670992_sample-1,model.cif,A,CSK-WT,Active (BLAminus),Unpaired,,,,,,,Intact,No Ligand,In,Packed,DFGin,BLAminus,NTin,CTin,61.49,74.32,14.61,,,6.34,13.82,2.75,,,,,3.47,8.12,7.36,9.82,4.08,8.08,5.0,3.34,3.44,3.53,N/A,0.94
csk-wtcat_apo_seed-670992_sample-2_model,csk-wtcat_apo/seed-670992_sample-2,model.cif,A,CSK-WT,Active (BLAminus),Unpaired,,,,,,,Intact,No Ligand,In,Packed,DFGin,BLAminus,NTin,CTin,61.98,75.53,14.56,,,6.39,13.74,2.69,,,,,3.48,8.06,7.37,9.77,3.65,8.0,4.98,3.31,3.65,3.52,N/A,0.94
csk-wtcat_apo_seed-670992_sample-3_model,csk-wtcat_apo/seed-670992_sample-3,model.cif,A,CSK-WT,Active (BLAminus),Unpaired,,,,,,,Intact,No Ligand,In,Packed,DFGin,BLAminus,NTin,CTin,61.17,74.49,15.15,,,6.4,13.92,2.76,,,,,3.45,8.13,7.36,9.79,4.08,8.1,5.01,3.34,3.58,3.53,N/A,0.93
csk-wtcat_apo_seed-670992_sample-4_model,csk-wtcat_apo/seed-670992_sample-4,model.cif,A,CSK-WT,Active (BLAminus),Unpaired,,,,,,,Intact,No Ligand,In,Packed,DFGin,BLAminus,NTin,CTin,60.33,72.58,14.08,,,6.33,13.47,2.76,,,,,3.45,8.12,7.36,9.82,3.61,8.06,5.03,3.3,3.52,3.51,N/A,0.93
csk-wtcat_apo_seed-765635_sample-0_model,csk-wtcat_apo/seed-765635_sample-0,model.cif,A,CSK-WT,Active (BLAminus),Unpaired,,,,,,,Intact,No Ligand,In,Packed,DFGin,BLAminus,NTin,CTin,61.11,74.03,14.39,,,6.39,13.69,2.78,,,,,3.47,8.09,7.37,9.77,3.71,7.94,5.01,3.36,3.67,3.54,N/A,0.93
csk-wtcat_apo_seed-765635_sample-1_model,csk-wtcat_apo/seed-765635_sample-1,model.cif,A,CSK-WT,Active (BLAminus),Unpaired,,,,,,,Intact,No Ligand,In,Packed,DFGin,BLAminus,NTin,CTin,60.82,71.34,14.1,,,6.46,13.64,2.78,,,,,3.5,8.03,7.29,9.91,3.74,8.14,4.47,3.2,3.65,3.51,N/A,0.93
csk-wtcat_apo_seed-765635_sample-2_model,csk-wtcat_apo/seed-765635_sample-2,model.cif,A,CSK-WT,Active (BLAminus),Unpaired,,,,,,,Intact,No Ligand,In,Packed,DFGin,BLAminus,NTin,CTin,61.12,75.19,14.14,,,6.41,13.55,2.7,,,,,3.46,8.07,7.32,9.82,3.76,8.04,4.62,3.23,3.51,3.53,N/A,0.93
csk-wtcat_apo_seed-765635_sample-3_model,csk-wtcat_apo/seed-765635_sample-3,model.cif,A,CSK-WT,Active (BLAminus),Unpaired,,,,,,,Intact,No Ligand,In,Packed,DFGin,BLAminus,NTin,CTin,61.3,72.14,14.15,,,6.45,13.66,2.81,,,,,3.48,8.08,7.31,9.87,3.67,8.1,4.63,3.23,3.53,3.53,N/A,0.93
csk-wtcat_apo_seed-765635_sample-4_model,csk-wtcat_apo/seed-765635_sample-4,model.cif,A,CSK-WT,Active (BLAminus),Unpaired,,,,,,,Intact,No Ligand,In,Packed,DFGin,BLAminus,NTin,CTin,60.48,74.86,13.95,,,6.46,13.67,2.74,,,,,3.49,8.11,7.38,9.82,3.75,8.05,5.0,3.37,4.03,3.56,N/A,0.93
csk-wtcat_apo_seed-778739_sample-0_model,csk-wtcat_apo/seed-778739_sample-0,model.cif,A,CSK-WT,Active (BLAminus),Unpaired,,,,,,,Intact,No Ligand,In,Packed,DFGin,BLAminus,NTin,CTin,61.27,74.12,14.01,,,6.43,13.62,2.74,,,,,3.48,8.15,7.37,9.82,3.75,8.03,5.09,3.35,3.74,3.55,N/A,0.93
csk-wtcat_apo_seed-778739_sample-1_model,csk-wtcat_apo/seed-778739_sample-1,model.cif,A,CSK-WT,Active (BLAminus),Unpaired,,,,,,,Intact,No Ligand,In,Packed,DFGin,BLAminus,NTin,CTin,60.67,73.59,14.78,,,6.4,13.7,2.75,,,,,3.45,8.03,7.32,9.82,3.71,8.1,4.63,3.27,4.09,3.51,N/A,0.93
csk-wtcat_apo_seed-778739_sample-2_model,csk-wtcat_apo/seed-778739_sample-2,model.cif,A,CSK-WT,Active (BLAminus),Unpaired,,,,,,,Intact,No Ligand,In,Packed,DFGin,BLAminus,NTin,CTin,61.91,71.04,14.5,,,6.4,13.7,2.72,,,,,3.41,8.11,7.37,9.85,3.67,8.08,5.01,3.27,3.43,3.51,N/A,0.94
csk-wtcat_apo_seed-778739_sample-3_model,csk-wtcat_apo/seed-778739_sample-3,model.cif,A,CSK-WT,Active (BLAminus),Unpaired,,,,,,,Intact,No Ligand,In,Packed,DFGin,BLAminus,NTin,CTin,61.08,76.25,14.39,,,6.36,13.6,2.71,,,,,3.48,8.08,7.32,9.8,3.78,8.04,4.63,3.21,3.68,3.54,N/A,0.93
csk-wtcat_apo_seed-778739_sample-4_model,csk-wtcat_apo/seed-778739_sample-4,model.cif,A,CSK-WT,Active (BLAminus),Unpaired,,,,,,,Intact,No Ligand,In,Packed,DFGin,BLAminus,NTin,CTin,61.5,75.99,14.19,,,6.39,13.53,2.7,,,,,3.43,8.07,7.39,9.76,3.8,8.02,5.04,3.29,3.09,3.5,N/A,0.93
csk-wtcat_apo_seed-787765_sample-0_model,csk-wtcat_apo/seed-787765_sample-0,model.cif,A,CSK-WT,Active (BLAminus),Unpaired,,,,,,,Intact,No Ligand,In,Packed,DFGin,BLAminus,NTin,CTin,61.18,72.15,14.66,,,6.36,13.84,2.79,,,,,3.46,8.03,7.32,9.78,4.07,8.06,4.55,3.29,3.5,3.5,N/A,0.93
csk-wtcat_apo_seed-787765_sample-1_model,csk-wtcat_apo/seed-787765_sample-1,model.cif,A,CSK-WT,Active (BLAminus),Unpaired,,,,,,,Intact,No Ligand,In,Packed,DFGin,BLAminus,NTin,CTin,61.31,75.33,14.6,,,6.45,13.55,2.66,,,,,3.45,8.05,7.41,9.78,3.74,7.97,4.96,3.33,3.58,3.51,N/A,0.93
csk-wtcat_apo_seed-787765_sample-2_model,csk-wtcat_apo/seed-787765_sample-2,model.cif,A,CSK-WT,Active (BLAminus),Unpaired,,,,,,,Intact,No Ligand,In,Packed,DFGin,BLAminus,NTin,CTin,60.99,75.86,14.15,,,6.37,13.63,2.75,,,,,3.45,8.05,7.32,9.8,3.68,8.13,4.61,3.2,3.51,3.52,N/A,0.93
csk-wtcat_apo_seed-787765_sample-3_model,csk-wtcat_apo/seed-787765_sample-3,model.cif,A,CSK-WT,Active (BLAminus),Unpaired,,,,,,,Intact,No Ligand,In,Packed,DFGin,BLAminus,NTin,CTin,61.22,75.72,14.83,,,6.38,13.8,2.76,,,,,3.49,8.14,7.35,9.77,3.85,8.11,4.99,3.4,3.61,3.56,N/A,0.93
csk-wtcat_apo_seed-787765_sample-4_model,csk-wtcat_apo/seed-787765_sample-4,model.cif,A,CSK-WT,Active (BLAminus),Unpaired,,,,,,,Intact,No Ligand,In,Packed,DFGin,BLAminus,NTin,CTin,61.2,73.08,14.39,,,6.42,13.58,2.74,,,,,3.45,8.04,7.33,9.77,3.73,8.02,4.62,3.26,3.57,3.52,N/A,0.93
csk-wtcat_apo_seed-8269_sample-0_model,csk-wtcat_apo/seed-8269_sample-0,model.cif,A,CSK-WT,Active (BLAminus),Unpaired,,,,,,,Intact,No Ligand,In,Packed,DFGin,BLAminus,NTin,CTin,61.25,75.17,14.39,,,6.46,13.67,2.7,,,,,3.4,8.08,7.33,9.81,3.78,8.03,4.63,3.23,4.17,3.54,N/A,0.94
csk-wtcat_apo_seed-8269_sample-1_model,csk-wtcat_apo/seed-8269_sample-1,model.cif,A,CSK-WT,Active (BLAminus),Unpaired,,,,,,,Intact,No Ligand,In,Packed,DFGin,BLAminus,NTin,CTin,60.87,73.13,15.1,,,6.4,14.17,3.32,,,,,3.46,8.06,7.28,9.9,4.17,8.26,4.52,3.26,3.94,3.55,N/A,0.93
csk-wtcat_apo_seed-8269_sample-2_model,csk-wtcat_apo/seed-8269_sample-2,model.cif,A,CSK-WT,Active (BLAminus),Unpaired,,,,,,,Intact,No Ligand,In,Packed,DFGin,BLAminus,NTin,CTin,61.23,74.61,14.34,,,6.4,13.72,2.69,,,,,3.45,8.05,7.35,9.83,3.73,8.07,4.56,3.23,3.59,3.55,N/A,0.93
csk-wtcat_apo_seed-8269_sample-3_model,csk-wtcat_apo/seed-8269_sample-3,model.cif,A,CSK-WT,Active (BLAminus),Unpaired,,,,,,,Intact,No Ligand,In,Packed,DFGin,BLAminus,NTin,CTin,60.36,76.28,13.73,,,6.39,13.36,2.78,,,,,3.47,8.06,7.33,9.77,3.79,8.05,4.65,3.15,2.75,3.53,N/A,0.93
csk-wtcat_apo_seed-8269_sample-4_model,csk-wtcat_apo/seed-8269_sample-4,model.cif,A,CSK-WT,Active (BLAminus),Unpaired,,,,,,,Intact,No Ligand,In,Packed,DFGin,BLAminus,NTin,CTin,61.45,75.91,14.01,,,6.41,13.67,2.7,,,,,3.48,8.06,7.33,9.82,3.72,8.12,4.62,3.22,4.04,3.54,N/A,0.93
csk-wtcat_holo_seed-1010778_sample-0_model,csk-wtcat_holo/seed-1010778_sample-0,model.cif,A,CSK-WT,Active (BLAminus),Unpaired,,,,,,,Intact,Intact,Out,Packed,DFGin,BLAminus,NTin,CTin,61.82,76.45,15.43,11.09,129.35,7.26,13.9,16.1,4.38,1.97,2.92,3.3,3.47,4.08,7.08,9.96,4.14,8.8,3.88,3.82,3.41,3.57,0.94,0.91
csk-wtcat_holo_seed-1010778_sample-1_model,csk-wtcat_holo/seed-1010778_sample-1,model.cif,A,CSK-WT,Inactive (BLAplus),Unpaired,,,,,,,Intact,Intact,Out,Packed,DFGin,BLAplus,NTin,CTin,49.33,58.66,14.09,10.14,127.61,5.18,12.76,15.5,4.5,1.96,2.61,3.41,3.51,4.12,6.98,9.73,4.33,8.65,3.96,3.58,3.26,3.53,0.94,0.91
csk-wtcat_holo_seed-1010778_sample-2_model,csk-wtcat_holo/seed-1010778_sample-2,model.cif,A,CSK-WT,Inactive (BLBplus),Unpaired,,,,,,,Intact,Intact,Out,Packed,DFGin,BLBplus,NTout,CTin,61.79,25.22,14.49,10.56,128.42,5.86,13.38,15.42,3.75,1.98,2.88,3.29,3.44,4.17,7.02,10.18,4.23,9.53,3.84,3.62,3.46,3.53,0.94,0.91
csk-wtcat_holo_seed-1010778_sample-3_model,csk-wtcat_holo/seed-1010778_sample-3,model.cif,A,CSK-WT,Inactive (BLBplus),Unpaired,,,,,,,Intact,Intact,Out,Packed,DFGin,BLBplus,NTin,CTin,57.55,21.32,13.87,10.65,130.88,5.46,13.27,13.6,3.5,1.89,2.61,3.28,3.58,4.09,7.06,10.22,4.12,9.48,3.96,3.64,3.29,3.63,0.93,0.9
csk-wtcat_holo_seed-1010778_sample-4_model,csk-wtcat_holo/seed-1010778_sample-4,model.cif,A,CSK-WT,Active (BLAminus),Unpaired,,,,,,,Broken,Intact,Out,Packed,DFGin,BLAminus,NTin,CTin,66.62,86.65,12.43,9.91,114.31,6.3,13.58,16.63,3.85,1.89,2.86,2.85,3.55,3.96,7.08,10.0,4.3,9.15,4.35,3.62,3.18,3.6,0.94,0.91
csk-wtcat_holo_seed-1036017_sample-0_model,csk-wtcat_holo/seed-1036017_sample-0,model.cif,A,CSK-WT,Active (BLAminus),Unpaired,,,,,,,Broken,Intact,Out,Packed,DFGin,BLAminus,NTin,CTin,62.76,80.26,14.65,10.67,132.4,7.38,14.37,16.64,4.45,2.37,2.6,3.31,3.59,4.11,7.09,10.14,4.2,8.93,4.45,3.72,3.4,3.73,0.95,0.92
csk-wtcat_holo_seed-1036017_sample-1_model,csk-wtcat_holo/seed-1036017_sample-1,model.cif,A,CSK-WT,Inactive (BLAplus),Unpaired,,,,,,,Intact,Intact,Out,Packed,DFGin,BLAplus,NTin,CTin,53.58,50.33,14.74,10.98,131.66,5.79,13.69,16.59,3.63,1.92,2.8,3.25,3.55,4.06,7.07,10.0,4.12,8.52,3.89,3.72,3.29,3.64,0.95,0.92
csk-wtcat_holo_seed-1036017_sample-2_model,csk-wtcat_holo/seed-1036017_sample-2,model.cif,A,CSK-WT,Inactive (BLBplus),Unpaired,,,,,,,Intact,Intact,Out,Packed,DFGin,BLBplus,NTout,CTin,59.31,20.21,13.64,10.56,125.83,5.52,13.27,13.5,3.33,1.94,2.65,3.14,3.57,4.11,7.11,10.23,4.12,9.56,3.96,3.61,3.38,3.62,0.94,0.91
csk-wtcat_holo_seed-1036017_sample-3_model,csk-wtcat_holo/seed-1036017_sample-3,model.cif,A,CSK-WT,Inactive (BLAplus),Unpaired,,,,,,,Intact,Intact,Out,Packed,DFGin,BLAplus,NTin,CTin,51.2,50.55,15.06,11.03,130.59,5.59,13.38,14.38,3.89,1.95,2.7,3.26,3.55,4.05,7.1,10.07,4.16,8.68,3.89,3.62,3.43,3.54,0.95,0.91
csk-wtcat_holo_seed-1036017_sample-4_model,csk-wtcat_holo/seed-1036017_sample-4,model.cif,A,CSK-WT,Inactive (BLBplus),Unpaired,,,,,,,Broken,Intact,Out,Packed,DFGin,BLBplus,NTin,CTin,61.4,22.19,14.34,10.78,128.45,6.03,13.49,17.16,3.38,2.02,2.86,3.26,3.5,4.02,7.2,10.19,4.18,9.56,3.95,3.59,3.54,3.57,0.94,0.91
csk-wtcat_holo_seed-1063242_sample-0_model,csk-wtcat_holo/seed-1063242_sample-0,model.cif,A,CSK-WT,Active (BLAminus),Unpaired,,,,,,,Broken,Intact,Out,Packed,DFGin,BLAminus,NTin,CTin,70.6,94.7,14.68,10.98,130.33,6.44,13.63,13.89,3.38,2.96,2.52,3.3,3.51,4.11,7.13,10.09,4.09,9.09,3.93,3.55,3.42,3.59,0.95,0.91
csk-wtcat_holo_seed-1063242_sample-1_model,csk-wtcat_holo/seed-1063242_sample-1,model.cif,A,CSK-WT,Inactive (BLAplus),Unpaired,,,,,,,Intact,Intact,Out,Packed,DFGin,BLAplus,NTin,CTin,54.81,42.34,14.69,10.89,129.55,5.9,13.39,14.23,3.61,1.91,2.78,3.3,3.51,4.05,7.09,10.08,4.13,8.8,3.78,3.73,3.46,3.52,0.95,0.91
csk-wtcat_holo_seed-1063242_sample-2_model,csk-wtcat_holo/seed-1063242_sample-2,model.cif,A,CSK-WT,Inactive (BLAplus),Unpaired,,,,,,,Intact,Intact,Out,Packed,DFGin,BLAplus,NTin,CTin,54.6,50.0,14.92,11.06,129.87,5.31,13.2,16.76,3.75,1.83,2.54,3.25,3.47,4.14,7.12,9.97,4.15,8.84,3.83,3.83,3.44,3.48,0.95,0.91
csk-wtcat_holo_seed-1063242_sample-3_model,csk-wtcat_holo/seed-1063242_sample-3,model.cif,A,CSK-WT,Inactive (BLBplus),Unpaired,,,,,,,Intact,Intact,Out,Packed,DFGin,BLBplus,NTin,CTin,54.4,38.94,14.84,11.16,130.19,5.13,13.28,16.9,3.71,2.16,2.92,3.35,3.48,4.22,6.98,10.14,4.15,9.58,3.85,3.62,3.41,3.52,0.95,0.92
csk-wtcat_holo_seed-1063242_sample-4_model,csk-wtcat_holo/seed-1063242_sample-4,model.cif,A,CSK-WT,Inactive (BLBplus),Unpaired,,,,,,,Intact,Intact,Out,Packed,DFGin,BLBplus,NTout,CTin,59.86,25.19,14.15,10.63,130.37,5.64,13.69,14.71,3.17,2.08,2.95,3.28,3.53,4.15,7.04,10.23,4.08,9.52,3.92,3.69,3.39,3.49,0.94,0.92
csk-wtcat_holo_seed-1077057_sample-0_model,csk-wtcat_holo/seed-1077057_sample-0,model.cif,A,CSK-WT,Inactive (BLBplus),Unpaired,,,,,,,Intact,Intact,Out,Packed,DFGin,BLBplus,NTin,CTin,60.54,20.46,13.59,10.55,121.92,5.41,13.23,15.15,3.99,2.04,2.94,3.2,3.55,4.12,7.18,10.26,4.16,9.52,3.94,3.65,3.19,3.61,0.94,0.91
csk-wtcat_holo_seed-1077057_sample-1_model,csk-wtcat_holo/seed-1077057_sample-1,model.cif,A,CSK-WT,Inactive (BLAplus),Unpaired,,,,,,,Intact,Intact,Out,Packed,DFGin,BLAplus,NTin,CTin,55.32,50.87,14.76,10.78,127.49,5.75,13.15,16.93,4.21,1.93,2.83,3.33,3.51,4.23,6.94,9.8,4.13,8.45,3.81,3.66,3.38,3.54,0.95,0.92
csk-wtcat_holo_seed-1077057_sample-2_model,csk-wtcat_holo/seed-1077057_sample-2,model.cif,A,CSK-WT,Active (BLAminus),Unpaired,,,,,,,Broken,Intact,Out,Packed,DFGin,BLAminus,NTin,CTin,67.51,85.88,14.43,10.81,130.79,6.01,14.14,16.82,3.22,1.74,2.82,3.26,3.39,4.2,7.03,10.36,4.19,9.64,3.8,3.58,3.36,3.59,0.95,0.91
csk-wtcat_holo_seed-1077057_sample-3_model,csk-wtcat_holo/seed-1077057_sample-3,model.cif,A,CSK-WT,Inactive (BLAplus),Unpaired,,,,,,,Intact,Intact,Out,Packed,DFGin,BLAplus,NTin,CTin,55.78,53.7,13.52,9.7,118.79,5.91,13.23,16.92,4.42,1.89,2.6,2.73,3.57,4.04,7.16,9.91,4.21,9.02,3.97,3.49,3.32,3.54,0.94,0.91
csk-wtcat_holo_seed-1077057_sample-4_model,csk-wtcat_holo/seed-1077057_sample-4,model.cif,A,CSK-WT,Inactive (BLBplus),Unpaired,,,,,,,Intact,Intact,Out,Packed,DFGin,BLBplus,NTout,CTin,59.57,23.83,13.3,10.37,127.21,5.37,13.09,14.22,2.98,1.9,2.68,3.2,3.54,4.09,7.13,10.27,4.17,9.46,3.92,3.66,3.27,3.59,0.94,0.91
csk-wtcat_holo_seed-1105652_sample-0_model,csk-wtcat_holo/seed-1105652_sample-0,model.cif,A,CSK-WT,Inactive (BLAplus),Unpaired,,,,,,,Intact,Intact,Out,Packed,DFGin,BLAplus,NTin,CTin,55.28,51.07,14.86,10.91,131.92,6.14,13.63,17.05,3.97,1.93,2.72,3.32,3.56,4.09,7.17,9.95,4.07,8.54,3.9,3.81,3.35,3.57,0.94,0.91
csk-wtcat_holo_seed-1105652_sample-1_model,csk-wtcat_holo/seed-1105652_sample-1,model.cif,A,CSK-WT,Inactive (BLAplus),Unpaired,,,,,,,Broken,Intact,Out,Packed,DFGin,BLAplus,NTin,CTin,55.92,41.71,14.99,10.98,131.29,6.1,13.58,17.25,3.66,2.0,2.86,3.3,3.54,4.08,7.13,10.04,4.16,9.05,3.92,3.64,3.42,3.54,0.95,0.92
csk-wtcat_holo_seed-1105652_sample-2_model,csk-wtcat_holo/seed-1105652_sample-2,model.cif,A,CSK-WT,Inactive (BLAplus),Unpaired,,,,,,,Intact,Intact,Out,Packed,DFGin,BLAplus,NTin,CTin,56.47,45.48,14.98,11.03,132.55,5.8,13.63,17.26,3.54,1.99,2.65,3.41,3.47,4.18,7.1,10.0,4.1,9.02,3.86,3.54,3.31,3.55,0.95,0.92
csk-wtcat_holo_seed-1105652_sample-3_model,csk-wtcat_holo/seed-1105652_sample-3,model.cif,A,CSK-WT,Inactive (BLBplus),Unpaired,,,,,,,Intact,Intact,Out,Packed,DFGin,BLBplus,NTin,CTin,63.39,25.27,13.53,10.07,129.35,6.24,13.19,14.31,3.8,1.97,2.85,2.96,3.56,4.09,6.97,9.93,4.13,9.47,3.44,3.62,4.55,3.59,0.94,0.92
csk-wtcat_holo_seed-1105652_sample-4_model,csk-wtcat_holo/seed-1105652_sample-4,model.cif,A,CSK-WT,Active (BLAminus),Unpaired,,,,,,,Intact,Intact,Out,Packed,DFGin,BLAminus,NTin,CTin,65.98,81.47,14.68,11.1,131.75,7.22,14.56,16.36,3.36,1.88,2.88,3.35,3.52,4.14,7.11,10.15,4.22,9.03,3.91,3.63,3.38,3.6,0.94,0.91
csk-wtcat_holo_seed-1132066_sample-0_model,csk-wtcat_holo/seed-1132066_sample-0,model.cif,A,CSK-WT,Inactive (BLBplus),Unpaired,,,,,,,Intact,Intact,Out,Packed,DFGin,BLBplus,NTout,CTin,58.29,22.12,13.76,10.45,132.87,5.28,13.04,16.69,3.45,1.86,2.64,3.18,3.47,4.21,7.07,10.3,4.17,9.56,3.92,3.63,3.23,3.59,0.93,0.91
csk-wtcat_holo_seed-1132066_sample-1_model,csk-wtcat_holo/seed-1132066_sample-1,model.cif,A,CSK-WT,Inactive (BLBplus),Unpaired,,,,,,,Intact,Intact,Out,Packed,DFGin,BLBplus,NTout,CTin,61.31,27.04,14.06,10.54,130.22,5.99,13.42,17.44,3.38,2.03,2.79,3.02,3.55,4.1,7.06,10.12,4.0,9.45,3.82,3.75,3.38,3.51,0.95,0.92
csk-wtcat_holo_seed-1132066_sample-2_model,csk-wtcat_holo/seed-1132066_sample-2,model.cif,A,CSK-WT,Inactive (BLBplus),Unpaired,,,,,,,Intact,Intact,Out,Packed,DFGin,BLBplus,NTout,CTin,59.73,21.95,13.53,10.49,128.62,5.5,13.06,13.77,3.1,1.87,2.68,3.27,3.52,4.06,7.07,10.18,4.14,9.47,3.93,3.71,3.2,3.58,0.94,0.91
csk-wtcat_holo_seed-1132066_sample-3_model,csk-wtcat_holo/seed-1132066_sample-3,model.cif,A,CSK-WT,Inactive (BLAplus),Unpaired,,,,,,,Intact,Intact,Out,Packed,DFGin,BLAplus,NTin,CTin,52.38,51.56,11.79,9.05,109.19,5.65,13.25,16.91,3.26,1.9,2.65,2.81,3.48,3.94,7.12,10.0,4.24,9.09,3.99,3.53,3.36,3.53,0.95,0.91
csk-wtcat_holo_seed-1132066_sample-4_model,csk-wtcat_holo/seed-1132066_sample-4,model.cif,A,CSK-WT,Active (BLAminus),Unpaired,,,,,,,Broken,Intact,Out,Packed,DFGin,BLAminus,NTin,CTin,58.2,70.07,14.24,10.78,127.41,7.47,14.71,17.33,3.38,1.81,2.67,3.26,3.47,4.1,7.09,10.18,4.16,8.9,3.87,3.57,3.29,3.57,0.94,0.91
csk-wtcat_holo_seed-1199691_sample-0_model,csk-wtcat_holo/seed-1199691_sample-0,model.cif,A,CSK-WT,Inactive (BLAplus),Unpaired,,,,,,,Broken,Intact,Out,Packed,DFGin,BLAplus,NTin,CTin,55.94,40.08,13.59,10.39,127.32,6.03,13.54,17.05,3.25,1.98,2.87,3.39,3.52,4.08,7.06,9.95,4.19,8.77,3.95,3.63,3.32,3.5,0.95,0.92
csk-wtcat_holo_seed-1199691_sample-1_model,csk-wtcat_holo/seed-1199691_sample-1,model.cif,A,CSK-WT,Inactive (BLAplus),Unpaired,,,,,,,Intact,Intact,Out,Packed,DFGin,BLAplus,NTin,CTin,51.64,56.1,14.9,10.97,130.31,5.46,12.58,17.7,3.66,1.82,2.76,3.27,3.49,4.2,7.01,9.95,4.13,8.65,4.53,3.59,3.26,3.59,0.95,0.92
csk-wtcat_holo_seed-1199691_sample-2_model,csk-wtcat_holo/seed-1199691_sample-2,model.cif,A,CSK-WT,Inactive (BLAplus),Unpaired,,,,,,,Intact,Intact,Out,Packed,DFGin,BLAplus,NTin,CTin,51.42,54.93,13.77,10.33,125.36,6.02,13.31,16.55,3.62,1.83,2.72,3.3,3.58,4.14,7.02,9.85,4.25,8.47,3.9,3.61,3.41,3.57,0.94,0.91
csk-wtcat_holo_seed-1199691_sample-3_model,csk-wtcat_holo/seed-1199691_sample-3,model.cif,A,CSK-WT,Active (BLAminus),Unpaired,,,,,,,Broken,Intact,Out,Packed,DFGin,BLAminus,NTin,CTin,59.46,82.04,15.15,11.09,132.77,6.69,14.01,17.08,3.98,2.05,2.58,3.29,3.55,4.21,6.89,10.13,4.14,9.1,3.78,3.54,3.58,3.71,0.95,0.92
csk-wtcat_holo_seed-1199691_sample-4_model,csk-wtcat_holo/seed-1199691_sample-4,model.cif,A,CSK-WT,Active (BLAminus),Unpaired,,,,,,,Intact,Intact,Out,Packed,DFGin,BLAminus,NTin,CTin,69.08,85.81,15.16,11.03,136.26,7.15,14.86,16.35,4.48,2.59,2.94,3.18,3.56,4.06,7.16,10.08,4.05,9.28,3.82,3.74,3.39,3.68,0.95,0.92
csk-wtcat_holo_seed-1397207_sample-0_model,csk-wtcat_holo/seed-1397207_sample-0,model.cif,A,CSK-WT,Inactive (BLBplus),Unpaired,,,,,,,Intact,Intact,Out,Packed,DFGin,BLBplus,NTout,CTin,61.29,20.58,13.59,10.46,126.73,5.65,13.43,14.35,3.23,1.96,2.82,3.22,3.55,4.13,7.16,10.31,4.22,9.54,3.99,3.65,3.39,3.58,0.94,0.91
csk-wtcat_holo_seed-1397207_sample-1_model,csk-wtcat_holo/seed-1397207_sample-1,model.cif,A,CSK-WT,Active (BLAminus),Unpaired,,,,,,,Broken,Intact,Out,Packed,DFGin,BLAminus,NTin,CTin,66.38,97.52,14.78,10.96,140.33,6.93,14.64,12.85,4.1,1.77,2.53,3.15,3.47,4.05,7.1,10.08,4.2,8.96,3.84,3.74,3.34,3.55,0.94,0.91
csk-wtcat_holo_seed-1397207_sample-2_model,csk-wtcat_holo/seed-1397207_sample-2,model.cif,A,CSK-WT,Active (BLAminus),Unpaired,,,,,,,Broken,Intact,Out,Packed,DFGin,BLAminus,NTin,CTin,61.98,84.29,15.4,11.22,132.17,6.7,14.27,16.66,3.45,2.01,2.46,3.34,3.52,4.08,7.06,10.04,4.08,9.01,3.96,3.84,3.32,3.56,0.95,0.91
csk-wtcat_holo_seed-1397207_sample-3_model,csk-wtcat_holo/seed-1397207_sample-3,model.cif,A,CSK-WT,Inactive (BLBplus),Unpaired,,,,,,,Intact,Intact,Out,Packed,DFGin,BLBplus,NTout,CTin,57.53,22.77,13.68,10.43,128.81,5.49,13.14,14.01,3.14,1.83,2.67,3.19,3.55,4.07,7.11,10.25,4.13,9.48,3.95,3.64,3.25,3.57,0.94,0.91
csk-wtcat_holo_seed-1397207_sample-4_model,csk-wtcat_holo/seed-1397207_sample-4,model.cif,A,CSK-WT,Active (BLAminus),Unpaired,,,,,,,Broken,Intact,Out,Packed,DFGin,BLAminus,NTin,CTin,69.47,87.53,14.64,10.72,140.44,6.98,14.04,16.94,4.54,2.64,2.6,2.96,3.48,4.0,7.17,10.11,4.12,9.09,3.87,3.69,3.44,3.57,0.94,0.91
csk-wtcat_holo_seed-1446321_sample-0_model,csk-wtcat_holo/seed-1446321_sample-0,model.cif,A,CSK-WT,Inactive (BLAplus),Unpaired,,,,,,,Intact,Intact,Out,Packed,DFGin,BLAplus,NTin,CTin,53.91,48.13,14.06,10.61,127.08,5.81,13.58,17.37,4.16,1.9,2.66,2.88,3.52,4.07,7.16,10.04,4.23,9.04,3.77,3.79,3.42,3.54,0.94,0.91
csk-wtcat_holo_seed-1446321_sample-1_model,csk-wtcat_holo/seed-1446321_sample-1,model.cif,A,CSK-WT,Inactive (BLBplus),Unpaired,,,,,,,Intact,Intact,Out,Packed,DFGin,BLBplus,NTin,CTin,59.03,18.51,13.66,10.69,127.57,5.53,13.31,16.95,3.09,1.94,2.68,3.29,3.53,4.06,7.14,10.24,4.26,9.53,4.55,3.75,3.2,3.59,0.94,0.91
csk-wtcat_holo_seed-1446321_sample-2_model,csk-wtcat_holo/seed-1446321_sample-2,model.cif,A,CSK-WT,Inactive (BLBplus),Unpaired,,,,,,,Intact,Intact,Out,Packed,DFGin,BLBplus,NTout,CTin,58.75,20.68,13.3,10.29,122.75,5.55,13.19,14.18,4.11,1.89,2.68,2.54,3.59,4.07,7.14,10.26,4.28,9.43,3.92,3.74,3.19,3.6,0.93,0.91
csk-wtcat_holo_seed-1446321_sample-3_model,csk-wtcat_holo/seed-1446321_sample-3,model.cif,A,CSK-WT,Inactive (BLAplus),Unpaired,,,,,,,Intact,Intact,Out,Packed,DFGin,BLAplus,NTin,CTin,53.8,52.65,14.7,10.96,132.66,5.83,14.15,16.77,3.75,1.96,2.66,3.37,3.64,4.12,7.08,9.95,4.16,8.75,3.76,3.75,3.34,3.51,0.95,0.92
csk-wtcat_holo_seed-1446321_sample-4_model,csk-wtcat_holo/seed-1446321_sample-4,model.cif,A,CSK-WT,Inactive (BLAplus),Unpaired,,,,,,,Intact,Intact,Out,Packed,DFGin,BLAplus,NTin,CTin,56.02,45.64,14.5,11.74,118.43,6.01,13.08,17.29,3.37,2.02,2.81,3.42,3.58,4.11,7.07,10.04,4.05,9.17,5.69,3.74,3.21,3.55,0.94,0.92
csk-wtcat_holo_seed-1457711_sample-0_model,csk-wtcat_holo/seed-1457711_sample-0,model.cif,A,CSK-WT,Inactive (BLAplus),Unpaired,,,,,,,Intact,Intact,Out,Packed,DFGin,BLAplus,NTin,CTin,54.95,47.06,14.03,10.72,125.67,5.77,13.29,17.51,3.24,1.85,2.55,3.24,3.54,4.06,7.12,10.18,4.03,9.22,3.83,3.72,3.45,3.59,0.95,0.92
csk-wtcat_holo_seed-1457711_sample-1_model,csk-wtcat_holo/seed-1457711_sample-1,model.cif,A,CSK-WT,Inactive (BLBplus),Unpaired,,,,,,,Intact,Intact,Out,Packed,DFGin,BLBplus,NTout,CTin,62.61,27.13,13.91,10.41,129.67,5.87,13.63,18.03,3.17,2.04,2.82,3.38,3.42,4.18,7.04,10.21,4.07,9.63,3.79,3.69,3.46,3.51,0.95,0.92
csk-wtcat_holo_seed-1457711_sample-2_model,csk-wtcat_holo/seed-1457711_sample-2,model.cif,A,CSK-WT,Inactive (BLAplus),Unpaired,,,,,,,Intact,Intact,Out,Packed,DFGin,BLAplus,NTin,CTin,55.95,49.41,15.4,11.29,131.49,5.68,13.68,16.25,3.98,2.05,2.83,3.34,3.56,4.09,7.1,10.01,4.17,8.6,3.88,3.77,3.39,3.56,0.94,0.92
csk-wtcat_holo_seed-1457711_sample-3_model,csk-wtcat_holo/seed-1457711_sample-3,model.cif,A,CSK-WT,Inactive (BLBplus),Unpaired,,,,,,,Intact,Intact,Out,Packed,DFGin,BLBplus,NTout,CTin,60.13,22.05,13.96,10.56,117.8,5.39,13.31,14.61,4.01,2.1,2.98,2.91,3.57,4.19,7.13,10.27,4.16,9.46,3.88,3.68,3.19,3.57,0.93,0.91
csk-wtcat_holo_seed-1457711_sample-4_model,csk-wtcat_holo/seed-1457711_sample-4,model.cif,A,CSK-WT,Inactive (BLBminus),Unpaired,,,,,,,Intact,Intact,In,Packed,DFGin,BLBminus,NTin,CTin,57.9,53.55,13.86,10.87,125.11,4.8,13.96,5.07,3.38,2.13,3.04,3.28,3.58,4.19,7.06,10.11,4.28,8.28,4.57,3.48,3.65,3.54,0.95,0.91
csk-wtcat_holo_seed-1510744_sample-0_model,csk-wtcat_holo/seed-1510744_sample-0,model.cif,A,CSK-WT,Inactive (BLBplus),Unpaired,,,,,,,Intact,Intact,Out,Packed,DFGin,BLBplus,NTin,CTin,53.6,37.37,14.49,10.59,132.93,5.6,13.42,17.21,3.28,2.12,2.85,3.3,3.44,4.2,7.02,10.2,4.06,9.03,3.94,3.6,3.29,3.49,0.95,0.92
csk-wtcat_holo_seed-1510744_sample-1_model,csk-wtcat_holo/seed-1510744_sample-1,model.cif,A,CSK-WT,Inactive (BLBplus),Unpaired,,,,,,,Intact,Intact,Out,Packed,DFGin,BLBplus,NTout,CTin,58.74,21.26,13.69,10.51,124.74,5.43,13.07,14.11,3.69,1.94,2.81,3.19,3.53,4.23,7.1,10.18,4.09,9.45,3.91,3.73,3.22,3.56,0.94,0.91
csk-wtcat_holo_seed-1510744_sample-2_model,csk-wtcat_holo/seed-1510744_sample-2,model.cif,A,CSK-WT,Inactive (BLAplus),Unpaired,,,,,,,Intact,Intact,Out,Packed,DFGin,BLAplus,NTin,CTin,56.46,44.12,15.17,10.96,136.81,5.97,13.67,16.86,4.07,1.96,2.91,3.36,3.54,4.13,7.06,9.93,4.09,8.45,3.88,3.59,3.39,3.55,0.95,0.91
csk-wtcat_holo_seed-1510744_sample-3_model,csk-wtcat_holo/seed-1510744_sample-3,model.cif,A,CSK-WT,Inactive (BLBplus),Unpaired,,,,,,,Intact,Intact,Out,Packed,DFGin,BLBplus,NTin,CTin,60.18,19.72,14.09,10.6,129.99,5.72,13.39,14.46,3.59,1.84,2.74,3.24,3.55,4.06,7.14,10.21,4.18,9.55,3.94,3.67,3.25,3.63,0.94,0.91
csk-wtcat_holo_seed-1510744_sample-4_model,csk-wtcat_holo/seed-1510744_sample-4,model.cif,A,CSK-WT,Inactive (BLAplus),Unpaired,,,,,,,Intact,Intact,Out,Packed,DFGin,BLAplus,NTin,CTin,54.33,49.4,15.13,10.9,136.31,5.54,13.35,16.82,3.6,1.94,2.74,3.4,3.48,4.19,7.03,9.9,4.07,8.58,3.86,3.57,3.39,3.52,0.95,0.92
csk-wtcat_holo_seed-1582125_sample-0_model,csk-wtcat_holo/seed-1582125_sample-0,model.cif,A,CSK-WT,Active (BLAminus),Unpaired,,,,,,,Broken,Intact,Out,Packed,DFGin,BLAminus,NTin,CTin,68.59,88.42,13.22,10.3,121.3,6.7,14.16,17.97,3.42,1.91,2.7,2.92,3.45,4.13,7.12,10.24,4.26,9.38,3.83,3.63,3.39,3.6,0.94,0.91
csk-wtcat_holo_seed-1582125_sample-1_model,csk-wtcat_holo/seed-1582125_sample-1,model.cif,A,CSK-WT,Inactive (BLBplus),Unpaired,,,,,,,Intact,Intact,Out,Packed,DFGin,BLBplus,NTin,CTin,60.18,19.42,13.66,10.59,129.94,5.46,13.26,16.3,2.97,1.9,2.57,3.23,3.56,4.06,7.16,10.2,4.2,9.45,3.92,3.62,3.23,3.61,0.94,0.91
csk-wtcat_holo_seed-1582125_sample-2_model,csk-wtcat_holo/seed-1582125_sample-2,model.cif,A,CSK-WT,Inactive (BLBplus),Unpaired,,,,,,,Intact,Intact,Out,Packed,DFGin,BLBplus,NTout,CTin,57.92,22.77,13.75,10.6,130.22,5.46,13.15,14.09,3.0,1.88,2.58,3.3,3.55,4.05,7.15,10.31,4.2,9.49,3.92,3.58,3.13,3.62,0.94,0.91
csk-wtcat_holo_seed-1582125_sample-3_model,csk-wtcat_holo/seed-1582125_sample-3,model.cif,A,CSK-WT,Active (BLAminus),Unpaired,,,,,,,Broken,Intact,Out,Packed,DFGin,BLAminus,NTin,CTin,68.32,87.6,15.22,11.51,132.36,6.53,14.16,16.67,3.28,2.02,2.47,3.26,3.5,4.07,7.1,10.08,4.11,8.77,3.84,3.79,3.36,3.57,0.95,0.92
csk-wtcat_holo_seed-1582125_sample-4_model,csk-wtcat_holo/seed-1582125_sample-4,model.cif,A,CSK-WT,Inactive (BLBplus),Unpaired,,,,,,,Intact,Intact,Out,Packed,DFGin,BLBplus,NTin,CTin,53.56,40.71,15.07,11.5,136.51,5.51,13.5,17.41,3.54,2.12,2.91,3.22,3.49,3.97,7.23,10.21,4.23,9.17,3.71,3.92,2.6,3.47,0.95,0.92
csk-wtcat_holo_seed-1603459_sample-0_model,csk-wtcat_holo/seed-1603459_sample-0,model.cif,A,CSK-WT,Active (BLAminus),Unpaired,,,,,,,Intact,Intact,Out,Packed,DFGin,BLAminus,NTin,CTin,62.31,85.2,15.47,10.83,138.73,6.68,14.33,16.36,4.22,2.46,2.66,3.07,3.59,4.12,7.07,10.09,3.98,8.32,3.55,3.82,2.74,3.62,0.95,0.92
csk-wtcat_holo_seed-1603459_sample-1_model,csk-wtcat_holo/seed-1603459_sample-1,model.cif,A,CSK-WT,Inactive (BLAplus),Unpaired,,,,,,,Intact,Intact,Out,Packed,DFGin,BLAplus,NTin,CTin,56.99,55.21,14.22,10.94,128.29,6.13,13.39,16.8,3.46,1.9,2.64,3.32,3.54,4.13,7.04,9.98,4.23,9.06,3.88,3.71,3.5,3.53,0.95,0.92
csk-wtcat_holo_seed-1603459_sample-2_model,csk-wtcat_holo/seed-1603459_sample-2,model.cif,A,CSK-WT,Inactive (BLAplus),Unpaired,,,,,,,Intact,Intact,Out,Packed,DFGin,BLAplus,NTin,CTin,56.05,51.36,15.89,11.23,135.96,5.65,14.08,17.29,5.23,1.98,2.97,3.07,3.57,4.09,7.09,9.9,4.07,8.44,5.68,3.7,3.36,3.57,0.94,0.92
csk-wtcat_holo_seed-1603459_sample-3_model,csk-wtcat_holo/seed-1603459_sample-3,model.cif,A,CSK-WT,Inactive (BLAplus),Unpaired,,,,,,,Broken,Intact,Out,Packed,DFGin,BLAplus,NTin,CTin,56.9,42.38,14.77,10.84,125.67,6.04,13.73,17.18,4.23,2.02,2.99,3.33,3.52,4.09,7.07,10.06,4.16,9.15,3.87,3.68,3.42,3.53,0.94,0.92
csk-wtcat_holo_seed-1603459_sample-4_model,csk-wtcat_holo/seed-1603459_sample-4,model.cif,A,CSK-WT,Inactive (BLBplus),Unpaired,,,,,,,Intact,Intact,Out,Packed,DFGin,BLBplus,NTin,CTin,58.33,25.48,12.32,9.48,111.76,5.73,12.82,16.78,4.34,2.04,2.8,2.71,3.44,4.1,7.02,10.06,4.15,9.57,3.81,3.61,3.21,3.53,0.94,0.91
csk-wtcat_holo_seed-1607507_sample-0_model,csk-wtcat_holo/seed-1607507_sample-0,model.cif,A,CSK-WT,Active (BLAminus),Unpaired,,,,,,,Broken,Intact,Out,Packed,DFGin,BLAminus,NTin,CTin,61.4,70.0,15.06,11.01,125.41,6.98,14.45,14.22,5.13,2.47,3.27,2.78,3.36,4.09,7.12,10.1,4.0,9.12,3.81,3.72,3.3,3.65,0.95,0.92
csk-wtcat_holo_seed-1607507_sample-1_model,csk-wtcat_holo/seed-1607507_sample-1,model.cif,A,CSK-WT,Active (BLAminus),Unpaired,,,,,,,Intact,Intact,Out,Packed,DFGin,BLAminus,NTin,CTin,60.28,83.34,13.65,10.19,112.91,7.55,13.87,13.09,4.61,1.94,2.92,2.81,3.57,4.05,7.04,9.82,4.25,8.05,4.0,3.61,3.31,3.59,0.94,0.91
csk-wtcat_holo_seed-1607507_sample-2_model,csk-wtcat_holo/seed-1607507_sample-2,model.cif,A,CSK-WT,Active (BLAminus),Unpaired,,,,,,,Broken,Intact,Out,Packed,DFGin,BLAminus,NTin,CTin,62.52,86.86,15.2,10.91,134.34,7.34,14.06,17.07,4.34,1.85,2.69,3.47,3.51,4.13,6.99,10.0,4.06,8.84,5.58,3.76,3.24,3.64,0.94,0.91
csk-wtcat_holo_seed-1607507_sample-3_model,csk-wtcat_holo/seed-1607507_sample-3,model.cif,A,CSK-WT,Active (BLAminus),Unpaired,,,,,,,Broken,Intact,Out,Packed,DFGin,BLAminus,NTin,CTin,63.37,77.61,13.44,9.56,123.0,6.59,13.62,16.34,4.05,2.91,2.78,3.29,3.52,4.01,7.05,9.93,4.09,8.68,3.93,3.81,3.48,3.69,0.94,0.92
csk-wtcat_holo_seed-1607507_sample-4_model,csk-wtcat_holo/seed-1607507_sample-4,model.cif,A,CSK-WT,Inactive (BLAplus),Unpaired,,,,,,,Intact,Intact,Out,Packed,DFGin,BLAplus,NTin,CTin,55.45,50.72,14.46,10.64,127.21,5.69,13.0,16.7,4.22,1.96,2.79,3.38,3.54,4.07,7.03,9.89,4.13,8.41,3.91,3.57,3.35,3.63,0.95,0.92
csk-wtcat_holo_seed-162796_sample-0_model,csk-wtcat_holo/seed-162796_sample-0,model.cif,A,CSK-WT,Inactive (BLAplus),Unpaired,,,,,,,Intact,Intact,Out,Packed,DFGin,BLAplus,NTin,CTin,54.7,42.08,15.16,11.04,134.32,5.87,13.57,16.34,3.4,1.91,2.73,3.45,3.55,4.1,7.06,10.0,4.12,8.53,3.88,3.66,3.67,3.52,0.95,0.92
csk-wtcat_holo_seed-162796_sample-1_model,csk-wtcat_holo/seed-162796_sample-1,model.cif,A,CSK-WT,Inactive (BLBplus),Unpaired,,,,,,,Intact,Intact,Out,Packed,DFGin,BLBplus,NTout,CTin,60.6,19.88,13.48,10.45,127.19,5.62,13.27,15.22,3.47,1.94,2.59,3.13,3.57,4.1,7.12,10.22,4.2,9.46,3.89,3.71,3.19,3.56,0.94,0.91
csk-wtcat_holo_seed-162796_sample-2_model,csk-wtcat_holo/seed-162796_sample-2,model.cif,A,CSK-WT,Active (BLAminus),Unpaired,,,,,,,Broken,Intact,Out,Packed,DFGin,BLAminus,NTin,CTin,58.86,84.13,14.88,11.04,131.68,7.07,14.56,17.58,3.53,1.81,2.61,3.28,3.5,4.1,7.09,10.18,4.0,8.8,3.86,3.76,3.54,3.57,0.95,0.92
csk-wtcat_holo_seed-162796_sample-3_model,csk-wtcat_holo/seed-162796_sample-3,model.cif,A,CSK-WT,Inactive (BLBplus),Unpaired,,,,,,,Intact,Intact,Out,Packed,DFGin,BLBplus,NTin,CTin,55.24,42.67,14.99,11.11,134.12,5.45,13.64,16.73,3.39,2.15,2.94,3.3,3.52,4.1,7.08,10.21,3.97,8.61,3.84,3.72,3.61,3.52,0.95,0.92
csk-wtcat_holo_seed-162796_sample-4_model,csk-wtcat_holo/seed-162796_sample-4,model.cif,A,CSK-WT,Inactive (BLAplus),Unpaired,,,,,,,Intact,Intact,Out,Packed,DFGin,BLAplus,NTin,CTin,54.24,53.15,14.84,10.83,126.31,6.13,13.73,17.33,4.64,1.92,2.86,2.69,3.49,4.12,7.05,10.0,4.1,9.45,3.82,3.73,3.42,3.62,0.94,0.92
csk-wtcat_holo_seed-1633166_sample-0_model,csk-wtcat_holo/seed-1633166_sample-0,model.cif,A,CSK-WT,Inactive (BLBplus),Unpaired,,,,,,,Intact,Intact,Out,Packed,DFGin,BLBplus,NTout,CTin,59.72,18.82,13.75,10.55,129.43,5.37,13.28,16.83,3.18,2.01,2.71,3.22,3.5,4.0,7.21,10.2,4.14,9.43,3.91,4.03,3.12,3.59,0.94,0.91
csk-wtcat_holo_seed-1633166_sample-1_model,csk-wtcat_holo/seed-1633166_sample-1,model.cif,A,CSK-WT,Inactive (BLBplus),Unpaired,,,,,,,Intact,Intact,Out,Packed,DFGin,BLBplus,NTout,CTin,59.66,22.03,13.68,10.51,124.88,5.57,13.22,14.07,3.38,2.06,2.68,3.33,3.54,4.04,7.17,10.27,4.29,9.53,4.82,3.72,3.19,3.64,0.94,0.91
csk-wtcat_holo_seed-1633166_sample-2_model,csk-wtcat_holo/seed-1633166_sample-2,model.cif,A,CSK-WT,Active (BLAminus),Unpaired,,,,,,,Broken,Intact,Out,Packed,DFGin,BLAminus,NTin,CTin,61.82,85.15,15.03,11.06,135.45,6.7,14.53,17.04,4.52,1.77,3.02,3.35,3.52,4.06,7.13,10.03,4.17,8.55,4.51,3.73,3.42,3.6,0.94,0.91
csk-wtcat_holo_seed-1633166_sample-3_model,csk-wtcat_holo/seed-1633166_sample-3,model.cif,A,CSK-WT,Inactive (BLBplus),Unpaired,,,,,,,Intact,Intact,Out,Packed,DFGin,BLBplus,NTin,CTin,64.38,21.95,14.43,10.85,131.41,5.89,13.8,17.25,3.27,2.02,2.83,3.4,3.55,4.06,7.12,10.14,4.38,9.61,3.82,3.58,3.38,3.55,0.95,0.92
csk-wtcat_holo_seed-1633166_sample-4_model,csk-wtcat_holo/seed-1633166_sample-4,model.cif,A,CSK-WT,Inactive (BLAplus),Unpaired,,,,,,,Intact,Intact,Out,Packed,DFGin,BLAplus,NTin,CTin,53.48,44.23,14.57,11.03,122.94,5.88,13.3,17.48,4.28,1.95,2.78,2.77,3.52,4.08,7.16,10.1,4.21,8.85,3.92,3.57,3.28,3.57,0.94,0.91
csk-wtcat_holo_seed-1637554_sample-0_model,csk-wtcat_holo/seed-1637554_sample-0,model.cif,A,CSK-WT,Inactive (BLAplus),Unpaired,,,,,,,Intact,Intact,Out,Packed,DFGin,BLAplus,NTin,CTin,49.26,52.79,14.37,10.65,126.63,5.72,13.43,16.62,4.34,2.05,2.74,3.15,3.52,4.11,7.1,10.0,4.18,8.48,3.96,3.66,3.48,3.58,0.94,0.91
csk-wtcat_holo_seed-1637554_sample-1_model,csk-wtcat_holo/seed-1637554_sample-1,model.cif,A,CSK-WT,Inactive (BLBplus),Unpaired,,,,,,,Intact,Intact,Out,Packed,DFGin,BLBplus,NTin,CTin,53.76,40.94,14.39,10.91,128.69,5.54,12.99,17.71,3.46,2.14,2.95,3.3,3.42,4.15,7.06,10.31,4.05,9.06,3.8,3.73,3.35,3.49,0.95,0.92
csk-wtcat_holo_seed-1637554_sample-2_model,csk-wtcat_holo/seed-1637554_sample-2,model.cif,A,CSK-WT,Inactive (BLAplus),Unpaired,,,,,,,Broken,Intact,Out,Packed,DFGin,BLAplus,NTin,CTin,51.14,48.76,14.59,11.09,131.51,5.95,13.69,17.03,3.46,2.0,2.82,3.36,3.59,4.12,7.06,10.07,4.19,9.46,3.83,3.66,3.35,3.5,0.95,0.92
csk-wtcat_holo_seed-1637554_sample-3_model,csk-wtcat_holo/seed-1637554_sample-3,model.cif,A,CSK-WT,Inactive (BLAplus),Unpaired,,,,,,,Intact,Intact,Out,Packed,DFGin,BLAplus,NTin,CTin,55.01,49.07,15.91,11.24,134.77,5.56,13.82,16.42,4.0,1.9,2.84,3.3,3.55,4.13,7.02,10.04,4.17,8.45,3.84,3.65,3.39,3.57,0.95,0.91
csk-wtcat_holo_seed-1637554_sample-4_model,csk-wtcat_holo/seed-1637554_sample-4,model.cif,A,CSK-WT,Inactive (BLAplus),Unpaired,,,,,,,Intact,Intact,Out,Packed,DFGin,BLAplus,NTin,CTin,54.12,45.92,14.86,10.9,130.64,5.51,13.91,17.55,4.11,1.92,2.72,3.29,3.53,4.11,7.08,9.98,4.04,9.19,3.82,3.77,3.36,3.53,0.95,0.92
csk-wtcat_holo_seed-1660026_sample-0_model,csk-wtcat_holo/seed-1660026_sample-0,model.cif,A,CSK-WT,Inactive (BLBplus),Unpaired,,,,,,,Intact,Intact,Out,Packed,DFGin,BLBplus,NTin,CTin,54.91,43.74,15.08,11.0,145.09,5.44,14.21,16.97,4.04,2.11,2.82,3.33,3.44,4.12,7.06,10.23,4.22,8.97,3.83,3.59,3.3,3.53,0.95,0.92
csk-wtcat_holo_seed-1660026_sample-1_model,csk-wtcat_holo/seed-1660026_sample-1,model.cif,A,CSK-WT,Inactive (BLAplus),Unpaired,,,,,,,Intact,Intact,Out,Packed,DFGin,BLAplus,NTin,CTin,56.16,45.31,13.68,9.49,117.53,5.13,13.6,13.73,4.53,1.87,2.84,2.54,3.68,4.08,7.17,9.98,4.29,8.73,4.05,3.5,3.18,3.69,0.94,0.91
csk-wtcat_holo_seed-1660026_sample-2_model,csk-wtcat_holo/seed-1660026_sample-2,model.cif,A,CSK-WT,Inactive (BLAplus),Unpaired,,,,,,,Intact,Intact,Out,Packed,DFGin,BLAplus,NTin,CTin,57.25,44.79,15.03,11.02,132.83,5.39,13.98,15.93,3.62,1.79,2.75,3.33,3.6,4.17,7.03,9.96,4.16,8.65,3.93,3.6,3.4,3.59,0.94,0.91
csk-wtcat_holo_seed-1660026_sample-3_model,csk-wtcat_holo/seed-1660026_sample-3,model.cif,A,CSK-WT,Active (BLAminus),Unpaired,,,,,,,Broken,Intact,Out,Packed,DFGin,BLAminus,NTin,CTin,64.08,86.08,15.17,11.15,129.51,7.02,14.3,13.6,4.03,1.8,2.81,3.32,3.49,4.13,7.03,9.98,4.21,9.3,3.87,3.66,3.37,3.61,0.95,0.92
csk-wtcat_holo_seed-1660026_sample-4_model,csk-wtcat_holo/seed-1660026_sample-4,model.cif,A,CSK-WT,Inactive (BLAplus),Unpaired,,,,,,,Intact,Intact,Out,Packed,DFGin,BLAplus,NTin,CTin,56.98,46.63,14.85,11.07,119.76,5.95,13.93,17.02,4.4,2.05,2.78,3.3,3.5,4.11,7.08,9.97,4.19,9.21,4.02,3.62,3.58,3.56,0.94,0.91
csk-wtcat_holo_seed-1832619_sample-0_model,csk-wtcat_holo/seed-1832619_sample-0,model.cif,A,CSK-WT,Inactive (BLBplus),Unpaired,,,,,,,Intact,Intact,Out,Packed,DFGin,BLBplus,NTout,CTin,64.26,21.28,13.54,10.29,122.21,6.14,13.21,15.28,3.51,2.01,2.82,2.67,3.47,4.18,7.09,10.05,4.32,9.8,3.9,3.58,3.39,3.52,0.94,0.91
csk-wtcat_holo_seed-1832619_sample-1_model,csk-wtcat_holo/seed-1832619_sample-1,model.cif,A,CSK-WT,Inactive (BLAplus),Unpaired,,,,,,,Intact,Intact,Out,Packed,DFGin,BLAplus,NTin,CTin,56.07,46.37,15.14,11.03,132.33,5.89,13.96,16.36,4.42,1.91,2.81,3.37,3.47,4.05,7.08,9.97,4.33,9.26,3.9,3.57,3.48,3.51,0.94,0.92
csk-wtcat_holo_seed-1832619_sample-2_model,csk-wtcat_holo/seed-1832619_sample-2,model.cif,A,CSK-WT,Inactive (BLBplus),Unpaired,,,,,,,Intact,Intact,Out,Packed,DFGin,BLBplus,NTin,CTin,55.51,38.7,15.51,11.21,136.83,5.35,13.74,16.34,4.67,2.07,3.13,3.01,3.59,4.07,7.06,10.09,4.14,8.88,4.46,3.71,3.46,3.51,0.94,0.92
csk-wtcat_holo_seed-1832619_sample-3_model,csk-wtcat_holo/seed-1832619_sample-3,model.cif,A,CSK-WT,Active (BLAminus),Unpaired,,,,,,,Broken,Intact,Out,Packed,DFGin,BLAminus,NTin,CTin,63.88,87.49,13.53,10.37,128.4,7.19,14.43,17.73,3.16,1.8,2.6,3.32,3.47,4.15,7.05,10.06,4.21,8.8,3.9,3.56,3.59,3.55,0.94,0.92
csk-wtcat_holo_seed-1832619_sample-4_model,csk-wtcat_holo/seed-1832619_sample-4,model.cif,A,CSK-WT,Inactive (BLAplus),Unpaired,,,,,,,Broken,Intact,Out,Packed,DFGin,BLAplus,NTin,CTin,57.73,45.19,15.23,11.02,130.27,5.98,13.99,17.17,3.84,1.98,2.76,3.21,3.49,4.06,7.13,10.17,4.19,8.71,4.46,3.77,3.45,3.57,0.95,0.92
csk-wtcat_holo_seed-189567_sample-0_model,csk-wtcat_holo/seed-189567_sample-0,model.cif,A,CSK-WT,Inactive (BLBplus),Unpaired,,,,,,,Intact,Intact,Out,Packed,DFGin,BLBplus,NTout,CTin,58.59,21.07,13.46,10.38,128.99,5.52,13.07,14.1,3.45,1.88,2.67,3.21,3.54,4.08,7.14,10.22,4.05,9.46,3.92,3.64,3.17,3.56,0.93,0.9
csk-wtcat_holo_seed-189567_sample-1_model,csk-wtcat_holo/seed-189567_sample-1,model.cif,A,CSK-WT,Inactive (BLAplus),Unpaired,,,,,,,Intact,Intact,Out,Packed,DFGin,BLAplus,NTin,CTin,57.6,43.9,15.69,11.52,133.29,6.08,13.54,16.57,3.72,1.8,2.81,3.22,3.46,4.09,7.08,10.1,4.06,8.69,3.81,3.72,3.42,3.55,0.94,0.91
csk-wtcat_holo_seed-189567_sample-2_model,csk-wtcat_holo/seed-189567_sample-2,model.cif,A,CSK-WT,Inactive (BLBplus),Unpaired,,,,,,,Intact,Intact,Out,Packed,DFGin,BLBplus,NTout,CTin,58.7,23.56,13.71,10.41,132.2,5.54,13.26,14.3,3.56,1.87,2.65,3.23,3.54,4.04,7.16,10.3,4.07,9.43,4.56,3.76,3.17,3.57,0.94,0.91
csk-wtcat_holo_seed-189567_sample-3_model,csk-wtcat_holo/seed-189567_sample-3,model.cif,A,CSK-WT,Inactive (BLAplus),Unpaired,,,,,,,Intact,Intact,Out,Packed,DFGin,BLAplus,NTin,CTin,53.6,53.35,15.4,11.18,149.85,5.44,12.99,16.8,4.16,1.86,2.63,2.71,3.55,4.2,7.03,9.83,4.24,9.13,3.94,3.65,3.19,3.62,0.93,0.91
csk-wtcat_holo_seed-189567_sample-4_model,csk-wtcat_holo/seed-189567_sample-4,model.cif,A,CSK-WT,Inactive (BLBplus),Unpaired,,,,,,,Intact,Intact,Out,Packed,DFGin,BLBplus,NTout,CTin,59.14,20.18,13.69,10.56,125.82,5.52,13.2,14.05,3.4,1.96,2.78,3.08,3.44,4.16,7.15,10.28,4.14,9.46,3.96,3.67,3.2,3.57,0.94,0.91
csk-wtcat_holo_seed-1961992_sample-0_model,csk-wtcat_holo/seed-1961992_sample-0,model.cif,A,CSK-WT,Inactive (BLBplus),Unpaired,,,,,,,Intact,Intact,Out,Packed,DFGin,BLBplus,NTin,CTin,61.84,22.56,14.11,10.37,117.16,6.09,13.49,16.07,4.06,1.99,2.9,3.04,3.48,3.97,7.23,10.13,4.06,9.65,4.01,3.71,3.28,3.6,0.94,0.91
csk-wtcat_holo_seed-1961992_sample-1_model,csk-wtcat_holo/seed-1961992_sample-1,model.cif,A,CSK-WT,Inactive (BLAplus),Unpaired,,,,,,,Intact,Intact,Out,Packed,DFGin,BLAplus,NTin,CTin,56.34,48.01,14.96,11.08,128.22,5.75,13.46,16.8,3.67,1.9,2.75,3.26,3.51,4.07,7.11,10.02,4.29,9.63,3.84,3.59,3.42,3.55,0.94,0.91
csk-wtcat_holo_seed-1961992_sample-2_model,csk-wtcat_holo/seed-1961992_sample-2,model.cif,A,CSK-WT,Active (BLAminus),Unpaired,,,,,,,Broken,Intact,Out,Packed,DFGin,BLAminus,NTin,CTin,64.69,85.62,15.49,11.13,139.71,6.83,15.06,16.96,4.81,1.79,2.88,2.95,3.53,4.09,7.08,10.07,4.13,9.13,3.84,3.63,3.36,3.61,0.95,0.92
csk-wtcat_holo_seed-1961992_sample-3_model,csk-wtcat_holo/seed-1961992_sample-3,model.cif,A,CSK-WT,Inactive (BLAplus),Unpaired,,,,,,,Intact,Intact,Out,Packed,DFGin,BLAplus,NTin,CTin,52.27,44.06,14.48,10.59,130.19,5.69,13.43,15.76,4.33,1.9,2.74,3.11,3.48,4.27,7.02,10.07,3.94,9.18,4.32,3.77,3.36,3.54,0.95,0.92
csk-wtcat_holo_seed-1961992_sample-4_model,csk-wtcat_holo/seed-1961992_sample-4,model.cif,A,CSK-WT,Inactive (BLAplus),Unpaired,,,,,,,Intact,Intact,Out,Packed,DFGin,BLAplus,NTin,CTin,50.53,52.6,14.85,10.73,132.61,5.46,13.1,16.86,4.32,1.85,2.52,3.06,3.52,4.25,6.97,9.94,4.08,8.56,3.83,3.73,3.43,3.57,0.95,0.91
csk-wtcat_holo_seed-1998199_sample-0_model,csk-wtcat_holo/seed-1998199_sample-0,model.cif,A,CSK-WT,Active (BLAminus),Unpaired,,,,,,,Broken,Intact,Out,Packed,DFGin,BLAminus,NTin,CTin,61.9,83.3,15.53,11.5,137.91,7.09,14.37,16.92,4.48,1.71,2.84,3.36,3.51,4.14,7.02,10.11,4.16,8.74,3.84,3.83,3.4,3.61,0.94,0.91
csk-wtcat_holo_seed-1998199_sample-1_model,csk-wtcat_holo/seed-1998199_sample-1,model.cif,A,CSK-WT,Active (BLAminus),Unpaired,,,,,,,Broken,Intact,Out,Packed,DFGin,BLAminus,NTin,CTin,60.66,88.72,13.17,9.97,130.2,7.23,14.11,16.48,2.99,2.53,2.57,2.92,3.56,4.2,7.04,10.06,4.28,8.96,3.86,3.76,3.27,3.59,0.94,0.91
csk-wtcat_holo_seed-1998199_sample-2_model,csk-wtcat_holo/seed-1998199_sample-2,model.cif,A,CSK-WT,Active (BLAminus),Unpaired,,,,,,,Broken,Intact,Out,Packed,DFGin,BLAminus,NTin,CTin,64.12,89.08,14.78,10.74,105.68,6.91,13.68,17.35,6.22,2.37,3.6,2.7,3.44,4.2,6.99,10.06,4.05,9.3,3.71,3.62,3.26,3.54,0.95,0.92
csk-wtcat_holo_seed-1998199_sample-3_model,csk-wtcat_holo/seed-1998199_sample-3,model.cif,A,CSK-WT,Inactive (BLBplus),Unpaired,,,,,,,Intact,Intact,Out,Packed,DFGin,BLBplus,NTout,CTin,61.82,20.63,13.9,10.61,128.2,5.45,13.44,14.14,3.33,1.95,2.85,3.18,3.6,4.11,7.14,10.19,4.21,9.56,4.02,3.75,3.29,3.59,0.94,0.91
csk-wtcat_holo_seed-1998199_sample-4_model,csk-wtcat_holo/seed-1998199_sample-4,model.cif,A,CSK-WT,Inactive (BLBplus),Unpaired,,,,,,,Intact,Intact,Out,Packed,DFGin,BLBplus,NTout,CTin,61.68,22.29,13.44,10.44,126.55,5.47,13.25,14.55,3.19,1.9,2.83,3.21,3.58,4.08,7.18,10.31,4.31,9.5,3.95,3.54,3.16,3.62,0.94,0.91
csk-wtcat_holo_seed-204844_sample-0_model,csk-wtcat_holo/seed-204844_sample-0,model.cif,A,CSK-WT,Inactive (BLBplus),Unpaired,,,,,,,Intact,Intact,Out,Packed,DFGin,BLBplus,NTin,CTin,55.55,39.19,15.02,10.92,132.43,5.31,13.69,16.19,4.6,2.13,3.07,2.87,3.49,4.03,7.15,10.33,4.28,9.23,3.8,3.61,3.43,3.51,0.94,0.91
csk-wtcat_holo_seed-204844_sample-1_model,csk-wtcat_holo/seed-204844_sample-1,model.cif,A,CSK-WT,Inactive (BLAplus),Unpaired,,,,,,,Intact,Intact,Out,Packed,DFGin,BLAplus,NTin,CTin,55.29,48.62,15.31,11.29,136.81,5.78,13.35,17.28,3.78,1.8,2.62,3.29,3.55,4.12,7.14,9.92,4.08,9.05,3.53,3.81,3.48,3.61,0.95,0.92
csk-wtcat_holo_seed-204844_sample-2_model,csk-wtcat_holo/seed-204844_sample-2,model.cif,A,CSK-WT,Inactive (BLAplus),Unpaired,,,,,,,Broken,Intact,Out,Packed,DFGin,BLAplus,NTin,CTin,54.38,46.1,15.21,10.7,134.21,5.98,13.88,16.94,4.35,1.91,2.94,3.45,3.53,4.03,7.16,10.0,4.03,8.6,3.82,3.84,3.27,3.54,0.94,0.91
csk-wtcat_holo_seed-204844_sample-3_model,csk-wtcat_holo/seed-204844_sample-3,model.cif,A,CSK-WT,Inactive (BLBplus),Unpaired,,,,,,,Intact,Intact,Out,Packed,DFGin,BLBplus,NTout,CTin,58.39,21.48,13.45,10.46,125.5,5.61,13.13,16.73,3.38,2.07,2.71,3.03,3.52,4.09,7.18,10.41,4.13,9.51,3.87,3.98,3.28,3.62,0.94,0.91
csk-wtcat_holo_seed-204844_sample-4_model,csk-wtcat_holo/seed-204844_sample-4,model.cif,A,CSK-WT,Inactive (BLBplus),Unpaired,,,,,,,Intact,Intact,Out,Packed,DFGin,BLBplus,NTin,CTin,54.65,37.7,14.63,11.19,132.42,5.62,13.4,16.89,3.06,2.06,2.88,3.35,3.5,4.06,7.09,10.32,4.3,8.79,3.84,3.65,3.48,3.5,0.95,0.92
csk-wtcat_holo_seed-234294_sample-0_model,csk-wtcat_holo/seed-234294_sample-0,model.cif,A,CSK-WT,Inactive (BLAplus),Unpaired,,,,,,,Intact,Intact,Out,Packed,DFGin,BLAplus,NTin,CTin,54.12,49.56,15.41,11.04,127.2,5.41,13.97,16.3,4.87,1.74,2.69,3.17,3.56,4.13,7.04,10.02,4.08,9.12,3.8,3.84,3.69,3.58,0.94,0.91
csk-wtcat_holo_seed-234294_sample-1_model,csk-wtcat_holo/seed-234294_sample-1,model.cif,A,CSK-WT,Inactive (BLAplus),Unpaired,,,,,,,Intact,Intact,Out,Packed,DFGin,BLAplus,NTin,CTin,57.01,47.68,15.35,11.34,135.62,5.42,12.79,16.4,3.96,3.49,3.14,3.32,3.39,4.24,6.97,9.99,4.21,9.19,3.9,3.6,3.36,3.59,0.94,0.91
csk-wtcat_holo_seed-234294_sample-2_model,csk-wtcat_holo/seed-234294_sample-2,model.cif,A,CSK-WT,Active (BLAminus),Unpaired,,,,,,,Broken,Intact,Out,Packed,DFGin,BLAminus,NTin,CTin,62.52,82.2,14.59,10.76,128.12,7.18,14.48,17.48,4.39,1.88,2.91,2.88,3.53,4.2,7.01,10.15,4.02,9.1,3.95,3.79,3.46,3.54,0.95,0.92
csk-wtcat_holo_seed-234294_sample-3_model,csk-wtcat_holo/seed-234294_sample-3,model.cif,A,CSK-WT,Active (BLAminus),Unpaired,,,,,,,Broken,Intact,Out,Packed,DFGin,BLAminus,NTin,CTin,60.5,78.49,14.17,10.73,123.11,6.73,14.08,17.07,4.1,1.88,2.88,3.06,3.5,4.01,7.18,10.16,4.24,9.32,3.99,3.57,3.56,3.59,0.94,0.91
csk-wtcat_holo_seed-234294_sample-4_model,csk-wtcat_holo/seed-234294_sample-4,model.cif,A,CSK-WT,Inactive (BLAplus),Unpaired,,,,,,,Intact,Intact,Out,Packed,DFGin,BLAplus,NTin,CTin,54.5,45.6,14.58,10.74,131.21,5.96,14.09,17.0,3.71,1.97,2.88,3.34,3.54,4.13,7.06,10.05,4.08,9.18,3.87,3.77,3.44,3.56,0.94,0.91
csk-wtcat_holo_seed-268466_sample-0_model,csk-wtcat_holo/seed-268466_sample-0,model.cif,A,CSK-WT,Inactive (BLBplus),Unpaired,,,,,,,Intact,Intact,Out,Packed,DFGin,BLBplus,NTin,CTin,57.97,22.79,13.71,10.79,125.7,5.33,12.95,14.14,3.24,1.95,2.69,3.21,3.53,4.05,7.14,10.2,4.19,9.41,3.95,3.77,3.2,3.56,0.94,0.91
csk-wtcat_holo_seed-268466_sample-1_model,csk-wtcat_holo/seed-268466_sample-1,model.cif,A,CSK-WT,Inactive (BLBplus),Unpaired,,,,,,,Intact,Intact,Out,Packed,DFGin,BLBplus,NTin,CTin,57.0,36.56,14.4,11.16,135.39,5.46,13.73,16.8,4.33,2.06,2.98,3.09,3.56,4.01,7.14,10.14,4.19,9.55,3.85,3.78,3.36,3.54,0.95,0.92
csk-wtcat_holo_seed-268466_sample-2_model,csk-wtcat_holo/seed-268466_sample-2,model.cif,A,CSK-WT,Active (BLAminus),Unpaired,,,,,,,Broken,Intact,Out,Packed,DFGin,BLAminus,NTin,CTin,62.77,81.44,13.77,10.59,114.65,7.11,14.14,14.78,4.27,2.91,3.9,2.99,3.54,4.17,6.98,10.01,4.4,9.04,4.03,3.56,3.42,3.73,0.94,0.91
csk-wtcat_holo_seed-268466_sample-3_model,csk-wtcat_holo/seed-268466_sample-3,model.cif,A,CSK-WT,Inactive (BLBplus),Unpaired,,,,,,,Intact,Intact,Out,Packed,DFGin,BLBplus,NTin,CTin,59.87,20.84,13.51,10.37,129.67,5.45,12.99,13.97,3.09,1.91,2.65,3.21,3.53,4.1,7.13,10.23,4.17,9.47,3.95,3.7,3.22,3.62,0.94,0.91
csk-wtcat_holo_seed-268466_sample-4_model,csk-wtcat_holo/seed-268466_sample-4,model.cif,A,CSK-WT,Active (BLAminus),Unpaired,,,,,,,Intact,Intact,Out,Packed,DFGin,BLAminus,NTin,CTin,58.03,81.48,18.19,12.85,129.12,6.52,14.93,11.66,4.93,1.78,2.9,5.23,3.51,4.19,7.1,9.85,4.32,8.29,3.95,3.8,3.07,3.72,0.94,0.91
csk-wtcat_holo_seed-274658_sample-0_model,csk-wtcat_holo/seed-274658_sample-0,model.cif,A,CSK-WT,Inactive (BLBplus),Unpaired,,,,,,,Intact,Intact,Out,Packed,DFGin,BLBplus,NTout,CTout,61.12,23.17,14.7,10.89,130.07,5.69,13.38,15.25,3.54,1.97,2.85,3.33,3.47,4.2,6.97,10.2,4.13,9.53,3.78,3.61,3.36,3.53,0.95,0.92
csk-wtcat_holo_seed-274658_sample-1_model,csk-wtcat_holo/seed-274658_sample-1,model.cif,A,CSK-WT,Inactive (BLBplus),Unpaired,,,,,,,Intact,Intact,Out,Packed,DFGin,BLBplus,NTin,CTin,59.79,20.03,13.7,10.3,123.8,5.42,13.12,15.79,4.33,2.01,2.77,2.94,3.48,4.14,7.13,10.24,4.15,9.4,3.9,3.66,3.19,3.61,0.93,0.91
csk-wtcat_holo_seed-274658_sample-2_model,csk-wtcat_holo/seed-274658_sample-2,model.cif,A,CSK-WT,Inactive (BLBplus),Unpaired,,,,,,,Intact,Intact,Out,Packed,DFGin,BLBplus,NTout,CTin,63.03,23.87,14.15,10.6,132.12,5.79,14.12,17.53,3.23,2.03,2.92,3.36,3.56,4.11,7.09,10.19,4.07,9.61,3.83,3.78,3.37,3.56,0.95,0.92
csk-wtcat_holo_seed-274658_sample-3_model,csk-wtcat_holo/seed-274658_sample-3,model.cif,A,CSK-WT,Inactive (BLAplus),Unpaired,,,,,,,Broken,Intact,Out,Packed,DFGin,BLAplus,NTin,CTin,57.12,41.21,14.56,10.9,132.12,6.03,13.55,17.66,3.24,1.98,2.77,3.25,3.48,4.07,7.14,10.12,4.04,9.34,3.81,3.74,3.36,3.5,0.95,0.92
csk-wtcat_holo_seed-274658_sample-4_model,csk-wtcat_holo/seed-274658_sample-4,model.cif,A,CSK-WT,Active (BLAminus),Unpaired,,,,,,,Broken,Intact,Out,Packed,DFGin,BLAminus,NTin,CTin,63.66,76.53,14.99,11.08,135.5,6.76,14.12,14.31,4.21,1.79,2.75,3.11,3.52,4.09,7.06,10.03,4.15,9.37,3.81,3.88,3.48,3.68,0.95,0.91
csk-wtcat_holo_seed-368208_sample-0_model,csk-wtcat_holo/seed-368208_sample-0,model.cif,A,CSK-WT,Active (BLAminus),Unpaired,,,,,,,Broken,Intact,Out,Packed,DFGin,BLAminus,NTin,CTin,61.99,79.67,13.62,9.92,122.21,6.14,14.08,15.77,4.24,1.75,2.87,3.34,3.57,4.02,7.07,10.0,4.25,8.68,3.92,3.58,3.34,3.68,0.94,0.92
csk-wtcat_holo_seed-368208_sample-1_model,csk-wtcat_holo/seed-368208_sample-1,model.cif,A,CSK-WT,Inactive (BLAplus),Unpaired,,,,,,,Intact,Intact,Out,Packed,DFGin,BLAplus,NTin,CTin,55.21,43.3,14.66,10.6,131.86,5.59,13.98,13.13,3.34,2.16,2.83,3.3,3.46,4.11,7.06,10.17,4.08,9.04,3.82,3.73,3.44,3.5,0.95,0.92
csk-wtcat_holo_seed-368208_sample-2_model,csk-wtcat_holo/seed-368208_sample-2,model.cif,A,CSK-WT,Inactive (BLBplus),Unpaired,,,,,,,Intact,Intact,Out,Packed,DFGin,BLBplus,NTout,CTin,62.2,18.68,14.2,10.76,130.68,5.55,13.42,15.22,3.44,1.93,2.85,3.29,3.52,4.09,7.13,10.2,4.12,9.54,3.71,3.93,3.41,3.64,0.94,0.91
csk-wtcat_holo_seed-368208_sample-3_model,csk-wtcat_holo/seed-368208_sample-3,model.cif,A,CSK-WT,Inactive (BLAplus),Unpaired,,,,,,,Intact,Intact,Out,Packed,DFGin,BLAplus,NTin,CTin,55.81,43.5,14.89,10.93,136.29,5.53,13.65,17.22,3.34,2.1,2.74,3.36,3.53,4.13,7.06,10.15,4.21,9.37,5.67,3.61,3.38,3.52,0.95,0.92
csk-wtcat_holo_seed-368208_sample-4_model,csk-wtcat_holo/seed-368208_sample-4,model.cif,A,CSK-WT,Inactive (BLAplus),Unpaired,,,,,,,Intact,Intact,Out,Packed,DFGin,BLAplus,NTin,CTin,56.58,44.17,15.93,11.89,129.29,5.8,13.88,16.71,3.87,1.92,2.74,3.19,3.54,4.06,7.16,10.02,4.11,8.47,5.33,3.76,3.35,3.54,0.94,0.92
csk-wtcat_holo_seed-397855_sample-0_model,csk-wtcat_holo/seed-397855_sample-0,model.cif,A,CSK-WT,Inactive (BLAplus),Unpaired,,,,,,,Intact,Intact,Out,Packed,DFGin,BLAplus,NTin,CTin,54.96,47.27,14.65,10.82,134.14,5.5,13.27,14.27,3.86,1.83,2.77,3.21,3.49,4.18,6.99,10.01,4.12,8.72,3.81,3.73,3.34,3.57,0.95,0.91
csk-wtcat_holo_seed-397855_sample-1_model,csk-wtcat_holo/seed-397855_sample-1,model.cif,A,CSK-WT,Active (BLAminus),Unpaired,,,,,,,Broken,Intact,Out,Packed,DFGin,BLAminus,NTin,CTin,60.93,84.25,14.01,10.46,129.7,7.18,14.17,17.59,3.41,1.82,2.76,3.36,3.47,4.11,7.08,10.13,4.14,9.13,3.91,3.54,3.7,3.59,0.94,0.91
csk-wtcat_holo_seed-397855_sample-2_model,csk-wtcat_holo/seed-397855_sample-2,model.cif,A,CSK-WT,Inactive (BLAplus),Unpaired,,,,,,,Broken,Intact,Out,Packed,DFGin,BLAplus,NTin,CTin,54.8,37.55,13.94,10.63,126.91,5.95,13.5,17.7,3.37,2.05,2.92,3.35,3.47,4.1,7.13,10.11,4.08,9.1,3.94,3.63,3.45,3.64,0.95,0.92
csk-wtcat_holo_seed-397855_sample-3_model,csk-wtcat_holo/seed-397855_sample-3,model.cif,A,CSK-WT,Inactive (BLAplus),Unpaired,,,,,,,Intact,Intact,Out,Packed,DFGin,BLAplus,NTin,CTin,56.87,44.32,14.99,11.09,130.97,6.04,13.67,17.29,3.41,1.98,2.78,3.34,3.52,3.99,7.19,10.12,4.09,9.04,3.96,3.83,3.39,3.52,0.95,0.92
csk-wtcat_holo_seed-397855_sample-4_model,csk-wtcat_holo/seed-397855_sample-4,model.cif,A,CSK-WT,Inactive (BLAplus),Unpaired,,,,,,,Intact,Intact,Out,Packed,DFGin,BLAplus,NTin,CTin,56.25,42.52,14.84,10.86,131.46,6.13,13.52,16.62,3.72,1.96,2.81,3.25,3.52,4.09,7.08,10.1,4.16,8.5,3.98,3.67,3.4,3.58,0.94,0.92
csk-wtcat_holo_seed-440440_sample-0_model,csk-wtcat_holo/seed-440440_sample-0,model.cif,A,CSK-WT,Inactive (BLBplus),Unpaired,,,,,,,Intact,Intact,Out,Packed,DFGin,BLBplus,NTout,CTin,57.57,22.89,13.81,10.71,131.45,5.4,13.18,13.89,2.95,1.97,2.62,3.24,3.57,4.05,7.15,10.33,4.12,9.44,3.97,3.69,3.24,3.56,0.94,0.91
csk-wtcat_holo_seed-440440_sample-1_model,csk-wtcat_holo/seed-440440_sample-1,model.cif,A,CSK-WT,Inactive (BLAplus),Unpaired,,,,,,,Intact,Intact,Out,Packed,DFGin,BLAplus,NTin,CTin,48.9,51.13,15.05,10.92,135.95,5.5,13.45,17.5,3.84,1.9,2.77,3.35,3.55,4.11,7.13,9.86,4.04,9.07,3.86,3.74,3.47,3.57,0.95,0.92
csk-wtcat_holo_seed-440440_sample-2_model,csk-wtcat_holo/seed-440440_sample-2,model.cif,A,CSK-WT,Inactive (BLBplus),Unpaired,,,,,,,Intact,Intact,Out,Packed,DFGin,BLBplus,NTin,CTin,58.72,20.1,14.11,10.63,133.11,5.3,13.05,15.12,3.27,1.92,2.59,3.24,3.35,4.16,7.01,10.12,4.1,9.44,3.88,3.68,3.13,3.6,0.94,0.91
csk-wtcat_holo_seed-440440_sample-3_model,csk-wtcat_holo/seed-440440_sample-3,model.cif,A,CSK-WT,Inactive (BLBplus),Unpaired,,,,,,,Intact,Intact,Out,Packed,DFGin,BLBplus,NTout,CTin,61.72,19.69,13.5,10.5,123.56,5.69,13.26,14.7,3.61,1.92,2.83,3.3,3.58,4.05,7.17,10.3,4.19,9.53,3.91,3.8,3.29,3.62,0.94,0.91
csk-wtcat_holo_seed-440440_sample-4_model,csk-wtcat_holo/seed-440440_sample-4,model.cif,A,CSK-WT,Inactive (BLBplus),Unpaired,,,,,,,Intact,Intact,Out,Packed,DFGin,BLBplus,NTout,CTin,57.82,22.39,14.01,10.57,126.13,5.49,13.27,13.73,3.69,2.14,2.81,3.11,3.47,4.06,7.14,10.21,4.02,9.41,3.85,4.07,3.17,3.61,0.94,0.91
csk-wtcat_holo_seed-553111_sample-0_model,csk-wtcat_holo/seed-553111_sample-0,model.cif,A,CSK-WT,Inactive (BLBplus),Unpaired,,,,,,,Intact,Intact,Out,Packed,DFGin,BLBplus,NTout,CTin,59.9,23.74,14.19,10.86,125.26,5.56,13.56,17.32,3.43,2.0,2.79,3.26,3.41,4.19,7.08,10.1,4.03,9.51,3.83,3.89,3.38,3.52,0.94,0.91
csk-wtcat_holo_seed-553111_sample-1_model,csk-wtcat_holo/seed-553111_sample-1,model.cif,A,CSK-WT,Inactive (BLAplus),Unpaired,,,,,,,Intact,Intact,Out,Packed,DFGin,BLAplus,NTin,CTin,55.99,43.53,15.19,11.0,139.94,5.81,13.76,16.67,3.38,1.98,2.65,3.45,3.54,4.13,7.03,10.08,4.01,9.46,3.95,3.79,3.4,3.51,0.94,0.92
csk-wtcat_holo_seed-553111_sample-2_model,csk-wtcat_holo/seed-553111_sample-2,model.cif,A,CSK-WT,Inactive (BLBplus),Unpaired,,,,,,,Intact,Intact,Out,Packed,DFGin,BLBplus,NTout,CTin,58.01,23.17,13.93,10.46,128.98,5.31,13.25,14.07,4.17,1.93,2.76,3.06,3.5,4.14,7.06,10.28,4.1,9.52,3.92,3.54,3.28,3.61,0.93,0.91
csk-wtcat_holo_seed-553111_sample-3_model,csk-wtcat_holo/seed-553111_sample-3,model.cif,A,CSK-WT,Inactive (BLAplus),Unpaired,,,,,,,Intact,Intact,Out,Packed,DFGin,BLAplus,NTin,CTin,55.18,47.67,14.19,10.72,129.99,5.93,13.06,15.88,3.35,2.03,2.66,3.33,3.56,4.19,7.02,9.89,4.08,9.38,3.33,3.62,3.18,3.54,0.95,0.92
csk-wtcat_holo_seed-553111_sample-4_model,csk-wtcat_holo/seed-553111_sample-4,model.cif,A,CSK-WT,Active (BLAminus),Unpaired,,,,,,,Broken,Intact,Out,Packed,DFGin,BLAminus,NTin,CTin,64.03,74.73,14.89,10.92,135.79,6.51,14.05,13.17,3.81,2.78,2.56,3.38,3.48,4.04,7.12,10.01,4.06,8.62,3.81,4.08,3.16,3.61,0.93,0.9
csk-wtcat_holo_seed-555075_sample-0_model,csk-wtcat_holo/seed-555075_sample-0,model.cif,A,CSK-WT,Inactive (BLBplus),Unpaired,,,,,,,Intact,Intact,Out,Packed,DFGin,BLBplus,NTout,CTin,59.17,21.31,13.61,10.37,130.53,5.68,13.13,14.09,3.75,1.93,2.7,3.18,3.49,3.99,7.15,10.21,4.1,9.57,3.96,3.6,3.2,3.6,0.94,0.91
csk-wtcat_holo_seed-555075_sample-1_model,csk-wtcat_holo/seed-555075_sample-1,model.cif,A,CSK-WT,Active (BLAminus),Unpaired,,,,,,,Intact,Intact,Out,Packed,DFGin,BLAminus,NTin,CTin,61.57,80.84,14.74,10.78,124.94,7.31,14.17,16.58,4.89,1.87,2.81,2.39,3.54,4.08,7.05,10.06,4.13,8.71,3.79,3.72,3.26,3.6,0.94,0.91
csk-wtcat_holo_seed-555075_sample-2_model,csk-wtcat_holo/seed-555075_sample-2,model.cif,A,CSK-WT,Inactive (BLBplus),Unpaired,,,,,,,Intact,Intact,Out,Packed,DFGin,BLBplus,NTin,CTin,55.54,35.11,15.73,11.55,146.34,5.71,13.8,16.64,3.97,1.97,2.48,3.59,3.52,4.1,7.11,10.15,4.19,8.65,3.93,3.63,3.51,3.55,0.94,0.91
csk-wtcat_holo_seed-555075_sample-3_model,csk-wtcat_holo/seed-555075_sample-3,model.cif,A,CSK-WT,Active (BLAminus),Unpaired,,,,,,,Broken,Intact,Out,Packed,DFGin,BLAminus,NTin,CTin,59.51,87.11,15.26,10.87,135.22,7.04,14.39,16.99,4.7,1.76,2.89,3.25,3.54,4.16,7.06,9.89,4.13,8.52,3.88,3.54,3.48,3.61,0.95,0.91
csk-wtcat_holo_seed-555075_sample-4_model,csk-wtcat_holo/seed-555075_sample-4,model.cif,A,CSK-WT,Inactive (BLAplus),Unpaired,,,,,,,Intact,Intact,Out,Packed,DFGin,BLAplus,NTin,CTin,53.18,45.59,14.49,10.72,130.8,5.66,14.16,16.56,3.34,2.0,2.78,3.28,3.54,4.06,7.08,10.11,3.97,8.73,3.95,3.73,3.38,3.55,0.95,0.91
csk-wtcat_holo_seed-632309_sample-0_model,csk-wtcat_holo/seed-632309_sample-0,model.cif,A,CSK-WT,Inactive (BLBplus),Unpaired,,,,,,,Intact,Intact,Out,Packed,DFGin,BLBplus,NTin,CTin,53.8,42.64,15.22,11.12,134.23,5.87,13.72,17.41,3.72,2.16,3.03,3.42,3.46,3.96,7.22,10.27,4.16,8.76,3.9,3.57,3.23,3.52,0.94,0.92
csk-wtcat_holo_seed-632309_sample-1_model,csk-wtcat_holo/seed-632309_sample-1,model.cif,A,CSK-WT,Inactive (BLAplus),Unpaired,,,,,,,Intact,Intact,Out,Packed,DFGin,BLAplus,NTin,CTin,54.73,50.0,15.24,10.9,129.15,6.07,13.6,17.12,4.98,1.85,2.72,2.77,3.62,4.02,7.17,9.88,4.05,8.54,3.83,3.75,3.45,3.54,0.95,0.92
csk-wtcat_holo_seed-632309_sample-2_model,csk-wtcat_holo/seed-632309_sample-2,model.cif,A,CSK-WT,Inactive (BLBplus),Unpaired,,,,,,,Broken,Intact,Out,Packed,DFGin,BLBplus,NTin,CTin,52.85,47.76,14.86,11.18,130.79,6.09,14.15,16.86,4.63,2.12,3.15,2.71,3.5,4.06,7.16,10.29,4.1,8.8,3.97,3.74,3.82,3.58,0.95,0.92
csk-wtcat_holo_seed-632309_sample-3_model,csk-wtcat_holo/seed-632309_sample-3,model.cif,A,CSK-WT,Inactive (BLAplus),Unpaired,,,,,,,Intact,Intact,Out,Packed,DFGin,BLAplus,NTin,CTin,54.91,48.42,14.85,10.99,133.08,5.63,13.38,17.03,3.4,1.84,2.68,3.28,3.52,4.08,7.1,10.13,4.2,9.65,3.85,3.62,3.48,3.54,0.95,0.92
csk-wtcat_holo_seed-632309_sample-4_model,csk-wtcat_holo/seed-632309_sample-4,model.cif,A,CSK-WT,Inactive (BLAplus),Unpaired,,,,,,,Intact,Intact,Out,Packed,DFGin,BLAplus,NTin,CTin,54.56,46.7,14.43,10.8,135.98,5.91,13.94,17.66,4.04,1.94,2.82,3.08,3.5,4.18,7.02,10.05,4.22,8.75,3.78,3.65,3.32,3.59,0.95,0.92
csk-wtcat_holo_seed-685755_sample-0_model,csk-wtcat_holo/seed-685755_sample-0,model.cif,A,CSK-WT,Inactive (BLBplus),Unpaired,,,,,,,Intact,Intact,Out,Packed,DFGin,BLBplus,NTin,CTin,58.98,19.09,14.18,10.65,131.73,5.65,13.12,14.4,3.14,1.96,2.66,3.32,3.55,4.1,7.13,10.26,4.18,9.57,3.95,3.64,3.18,3.64,0.94,0.91
csk-wtcat_holo_seed-685755_sample-1_model,csk-wtcat_holo/seed-685755_sample-1,model.cif,A,CSK-WT,Inactive (BLBplus),Unpaired,,,,,,,Intact,Intact,Out,Packed,DFGin,BLBplus,NTin,CTin,61.53,19.56,13.68,10.59,125.31,5.61,13.32,14.8,3.24,1.94,2.81,3.2,3.46,4.07,7.1,10.26,4.13,9.49,3.9,3.63,3.24,3.59,0.94,0.91
csk-wtcat_holo_seed-685755_sample-2_model,csk-wtcat_holo/seed-685755_sample-2,model.cif,A,CSK-WT,Inactive (BLAplus),Unpaired,,,,,,,Broken,Intact,Out,Packed,DFGin,BLAplus,NTin,CTin,58.84,26.96,14.2,10.6,124.55,5.78,13.63,15.23,3.84,2.08,2.99,3.26,3.47,4.01,7.14,10.35,4.12,9.36,3.91,3.62,3.42,3.54,0.94,0.92
csk-wtcat_holo_seed-685755_sample-3_model,csk-wtcat_holo/seed-685755_sample-3,model.cif,A,CSK-WT,Active (BLAminus),Unpaired,,,,,,,Broken,Intact,Out,Packed,DFGin,BLAminus,NTin,CTin,59.62,83.6,14.55,11.1,123.36,7.3,13.93,17.72,3.72,1.75,2.69,3.26,3.48,4.02,7.08,10.07,4.12,9.33,3.77,3.5,3.46,3.64,0.94,0.91
csk-wtcat_holo_seed-685755_sample-4_model,csk-wtcat_holo/seed-685755_sample-4,model.cif,A,CSK-WT,Inactive (BLBplus),Unpaired,,,,,,,Intact,Intact,Out,Packed,DFGin,BLBplus,NTout,CTin,57.02,22.11,13.83,10.53,127.68,5.49,13.18,13.69,3.24,1.96,2.71,3.12,3.49,4.12,7.13,10.19,4.12,9.42,3.92,3.71,3.23,3.59,0.94,0.91
csk-wtcat_holo_seed-71467_sample-0_model,csk-wtcat_holo/seed-71467_sample-0,model.cif,A,CSK-WT,Inactive (BLAplus),Unpaired,,,,,,,Intact,Intact,Out,Packed,DFGin,BLAplus,NTin,CTin,53.56,46.89,12.07,8.94,118.65,5.77,12.74,16.89,3.17,1.94,2.63,3.31,3.53,4.06,7.1,10.09,4.24,8.58,3.91,3.62,3.4,3.56,0.94,0.91
csk-wtcat_holo_seed-71467_sample-1_model,csk-wtcat_holo/seed-71467_sample-1,model.cif,A,CSK-WT,Inactive (BLAplus),Unpaired,,,,,,,Intact,Intact,Out,Packed,DFGin,BLAplus,NTin,CTin,54.03,45.73,14.73,10.79,117.82,5.86,13.32,17.22,4.88,1.99,2.82,2.91,3.48,4.13,7.08,10.15,4.17,9.69,3.85,3.68,3.56,3.57,0.94,0.92
csk-wtcat_holo_seed-71467_sample-2_model,csk-wtcat_holo/seed-71467_sample-2,model.cif,A,CSK-WT,Active (BLAminus),Unpaired,,,,,,,Broken,Intact,Out,Packed,DFGin,BLAminus,NTin,CTin,63.09,81.72,14.75,11.4,130.56,6.58,13.98,16.51,4.13,1.88,2.82,3.27,3.51,3.99,7.1,10.05,4.26,9.37,3.89,3.67,3.4,3.58,0.94,0.91
csk-wtcat_holo_seed-71467_sample-3_model,csk-wtcat_holo/seed-71467_sample-3,model.cif,A,CSK-WT,Active (BLAminus),Unpaired,,,,,,,Intact,Intact,Out,Packed,DFGin,BLAminus,NTin,CTin,63.38,75.98,15.54,11.25,134.24,8.08,15.09,15.1,4.45,1.89,2.86,3.14,3.52,4.08,7.09,10.05,4.13,8.43,3.82,3.72,3.4,3.59,0.95,0.92
csk-wtcat_holo_seed-71467_sample-4_model,csk-wtcat_holo/seed-71467_sample-4,model.cif,A,CSK-WT,Inactive (BLAplus),Unpaired,,,,,,,Intact,Intact,Out,Packed,DFGin,BLAplus,NTin,CTin,56.06,36.34,13.95,10.57,131.17,5.66,13.76,17.97,3.07,1.99,2.87,3.15,3.43,4.12,7.11,10.05,3.97,9.16,3.86,3.74,3.37,3.53,0.95,0.91
csk-wtcat_holo_seed-761991_sample-0_model,csk-wtcat_holo/seed-761991_sample-0,model.cif,A,CSK-WT,Inactive (BLAplus),Unpaired,,,,,,,Intact,Intact,Out,Packed,DFGin,BLAplus,NTin,CTin,55.32,60.03,14.95,10.9,133.02,6.1,13.64,17.24,4.61,1.96,2.85,2.74,3.51,4.11,7.07,10.07,4.15,9.42,3.89,3.62,3.41,3.64,0.95,0.92
csk-wtcat_holo_seed-761991_sample-1_model,csk-wtcat_holo/seed-761991_sample-1,model.cif,A,CSK-WT,Inactive (BLAplus),Unpaired,,,,,,,Intact,Intact,Out,Packed,DFGin,BLAplus,NTin,CTin,53.36,50.98,13.21,10.62,111.65,5.78,12.66,12.22,4.39,1.77,2.52,2.84,3.55,4.02,7.11,9.94,4.11,8.74,3.89,3.87,3.43,3.68,0.94,0.91
csk-wtcat_holo_seed-761991_sample-2_model,csk-wtcat_holo/seed-761991_sample-2,model.cif,A,CSK-WT,Inactive (BLBplus),Unpaired,,,,,,,Broken,Intact,Out,Packed,DFGin,BLBplus,NTin,CTin,61.9,23.47,14.23,10.53,127.9,5.96,13.8,17.7,4.12,2.04,2.9,2.82,3.45,4.07,7.12,10.31,4.12,9.2,3.85,3.63,3.48,3.52,0.95,0.92
csk-wtcat_holo_seed-761991_sample-3_model,csk-wtcat_holo/seed-761991_sample-3,model.cif,A,CSK-WT,Inactive (BLAplus),Unpaired,,,,,,,Intact,Intact,Out,Packed,DFGin,BLAplus,NTin,CTin,56.6,39.8,14.23,10.71,131.44,5.4,13.92,15.15,3.12,2.0,2.78,3.32,3.42,4.14,7.01,10.08,3.96,9.0,3.73,3.77,3.45,3.46,0.95,0.92
csk-wtcat_holo_seed-761991_sample-4_model,csk-wtcat_holo/seed-761991_sample-4,model.cif,A,CSK-WT,Active (BLAminus),Unpaired,,,,,,,Broken,Intact,Out,Packed,DFGin,BLAminus,NTin,CTin,66.39,86.8,14.4,10.73,135.15,6.75,13.94,17.28,4.0,1.78,2.69,3.22,3.49,4.18,7.01,10.12,4.08,8.78,3.77,3.7,2.97,3.57,0.95,0.92
csk-wtcat_holo_seed-821904_sample-0_model,csk-wtcat_holo/seed-821904_sample-0,model.cif,A,CSK-WT,Active (BLAminus),Unpaired,,,,,,,Broken,Intact,Out,Packed,DFGin,BLAminus,NTin,CTin,65.92,86.29,14.16,10.81,128.48,6.5,14.2,17.81,4.16,2.08,3.06,2.79,3.51,4.26,7.02,10.13,4.19,8.88,4.38,3.8,3.33,3.55,0.94,0.92
csk-wtcat_holo_seed-821904_sample-1_model,csk-wtcat_holo/seed-821904_sample-1,model.cif,A,CSK-WT,Active (BLAminus),Unpaired,,,,,,,Broken,Intact,Out,Packed,DFGin,BLAminus,NTin,CTin,62.55,79.7,14.43,10.79,124.96,7.29,14.46,17.4,3.89,1.91,2.86,3.3,3.55,4.06,7.19,10.05,4.25,9.16,3.82,3.77,3.33,3.56,0.95,0.92
csk-wtcat_holo_seed-821904_sample-2_model,csk-wtcat_holo/seed-821904_sample-2,model.cif,A,CSK-WT,Inactive (BLAplus),Unpaired,,,,,,,Intact,Intact,Out,Packed,DFGin,BLAplus,NTin,CTin,53.62,48.39,15.06,10.86,138.07,5.94,13.54,15.08,4.74,1.86,2.87,3.3,3.54,4.07,7.13,9.96,4.12,8.29,4.55,3.75,3.33,3.55,0.95,0.92
csk-wtcat_holo_seed-821904_sample-3_model,csk-wtcat_holo/seed-821904_sample-3,model.cif,A,CSK-WT,Inactive (BLAplus),Unpaired,,,,,,,Intact,Intact,Out,Packed,DFGin,BLAplus,NTin,CTin,54.23,46.25,14.91,10.66,120.4,5.99,13.82,17.29,5.08,2.03,2.97,2.81,3.54,4.1,7.11,10.05,4.11,9.33,4.49,3.72,3.43,3.53,0.94,0.92
csk-wtcat_holo_seed-821904_sample-4_model,csk-wtcat_holo/seed-821904_sample-4,model.cif,A,CSK-WT,Inactive (BLAplus),Unpaired,,,,,,,Intact,Intact,Out,Packed,DFGin,BLAplus,NTin,CTin,55.26,52.15,13.85,10.8,119.83,5.69,12.66,15.97,4.01,1.85,2.63,3.37,3.51,4.02,7.05,10.01,4.36,9.1,4.0,3.59,3.46,3.55,0.94,0.91
csk-wtcat_holo_seed-854587_sample-0_model,csk-wtcat_holo/seed-854587_sample-0,model.cif,A,CSK-WT,Inactive (BLAplus),Unpaired,,,,,,,Intact,Intact,Out,Packed,DFGin,BLAplus,NTin,CTin,56.36,45.41,14.44,10.52,132.82,5.76,13.52,16.33,4.1,1.89,2.77,3.01,3.5,4.11,7.03,9.94,4.23,8.78,3.92,3.52,3.45,3.54,0.95,0.91
csk-wtcat_holo_seed-854587_sample-1_model,csk-wtcat_holo/seed-854587_sample-1,model.cif,A,CSK-WT,Inactive (BLAplus),Unpaired,,,,,,,Broken,Intact,Out,Packed,DFGin,BLAplus,NTin,CTin,52.54,45.88,15.13,11.04,131.81,6.13,13.62,16.89,4.63,1.89,2.94,2.95,3.56,4.11,7.1,9.97,4.19,8.63,3.91,3.64,3.42,3.56,0.94,0.92
csk-wtcat_holo_seed-854587_sample-2_model,csk-wtcat_holo/seed-854587_sample-2,model.cif,A,CSK-WT,Active (BLAminus),Unpaired,,,,,,,Broken,Intact,Out,Packed,DFGin,BLAminus,NTin,CTin,69.13,75.64,14.36,10.81,126.54,6.86,14.04,17.16,3.88,2.24,3.12,2.88,3.51,4.12,7.06,10.14,4.2,9.12,3.84,3.57,3.45,3.57,0.94,0.92
csk-wtcat_holo_seed-854587_sample-3_model,csk-wtcat_holo/seed-854587_sample-3,model.cif,A,CSK-WT,Inactive (BLBplus),Unpaired,,,,,,,Broken,Intact,Out,Packed,DFGin,BLBplus,NTin,CTin,56.99,42.85,14.85,10.73,129.18,6.02,14.0,16.69,4.12,2.06,2.98,3.06,3.53,3.97,7.1,10.17,4.14,8.41,3.86,3.61,3.53,3.53,0.95,0.92
csk-wtcat_holo_seed-854587_sample-4_model,csk-wtcat_holo/seed-854587_sample-4,model.cif,A,CSK-WT,Active (BLAminus),Unpaired,,,,,,,Intact,Intact,Out,Packed,DFGin,BLAminus,NTin,CTin,66.03,89.75,14.0,10.87,125.89,7.36,13.93,13.56,3.33,1.96,2.76,3.2,3.51,4.14,7.1,10.0,4.2,8.75,3.88,3.61,3.33,3.62,0.95,0.92
csk-wtcat_holo_seed-865704_sample-0_model,csk-wtcat_holo/seed-865704_sample-0,model.cif,A,CSK-WT,Inactive (BLBplus),Unpaired,,,,,,,Intact,Intact,Out,Packed,DFGin,BLBplus,NTin,CTin,53.72,38.68,14.46,10.7,126.71,5.43,13.15,17.15,4.2,2.13,3.0,2.87,3.45,4.17,7.06,10.07,4.03,9.19,3.82,3.54,3.37,3.49,0.95,0.92
csk-wtcat_holo_seed-865704_sample-1_model,csk-wtcat_holo/seed-865704_sample-1,model.cif,A,CSK-WT,Active (BLAminus),Unpaired,,,,,,,Broken,Intact,Out,Packed,DFGin,BLAminus,NTin,CTin,62.67,79.76,14.72,10.76,130.61,6.97,14.3,16.8,4.33,1.8,2.89,3.25,3.53,4.05,7.14,9.97,4.1,9.34,3.9,3.7,3.48,3.57,0.95,0.91
csk-wtcat_holo_seed-865704_sample-2_model,csk-wtcat_holo/seed-865704_sample-2,model.cif,A,CSK-WT,Inactive (BLAplus),Unpaired,,,,,,,Intact,Intact,Out,Packed,DFGin,BLAplus,NTin,CTin,54.89,53.3,14.94,10.78,128.63,6.24,13.64,16.26,4.64,1.84,2.9,2.81,3.55,4.16,7.04,9.94,4.2,9.17,3.95,3.61,3.36,3.56,0.94,0.91
csk-wtcat_holo_seed-865704_sample-3_model,csk-wtcat_holo/seed-865704_sample-3,model.cif,A,CSK-WT,Inactive (BLAplus),Unpaired,,,,,,,Intact,Intact,Out,Packed,DFGin,BLAplus,NTin,CTin,50.38,45.55,15.46,11.32,140.36,5.48,13.59,16.18,3.65,1.9,2.75,3.42,3.56,4.1,7.11,10.08,3.94,8.62,3.86,3.83,3.17,3.53,0.94,0.92
csk-wtcat_holo_seed-865704_sample-4_model,csk-wtcat_holo/seed-865704_sample-4,model.cif,A,CSK-WT,Inactive (BLBplus),Unpaired,,,,,,,Intact,Intact,Out,Packed,DFGin,BLBplus,NTout,CTin,61.6,20.9,13.99,10.62,130.59,5.68,13.28,15.19,3.77,1.88,2.76,3.16,3.48,4.04,7.22,10.27,4.15,9.45,3.9,3.66,3.21,3.6,0.94,0.91
csk-wtcat_holo_seed-899531_sample-0_model,csk-wtcat_holo/seed-899531_sample-0,model.cif,A,CSK-WT,Inactive (BLBminus),Unpaired,,,,,,,Broken,Intact,Out,Packed,DFGin,BLBminus,NTin,CTin,53.41,72.22,14.8,10.73,133.19,6.54,14.27,16.73,4.8,1.9,2.56,2.89,3.55,4.11,7.09,10.08,4.06,9.3,3.88,3.74,3.41,3.6,0.95,0.92
csk-wtcat_holo_seed-899531_sample-1_model,csk-wtcat_holo/seed-899531_sample-1,model.cif,A,CSK-WT,Inactive (BLAplus),Unpaired,,,,,,,Intact,Intact,Out,Packed,DFGin,BLAplus,NTin,CTin,50.74,48.53,16.69,12.32,138.8,5.39,13.29,17.26,3.57,1.9,2.71,3.53,3.55,4.06,7.08,10.04,3.91,8.61,3.83,3.78,3.32,3.55,0.95,0.92
csk-wtcat_holo_seed-899531_sample-2_model,csk-wtcat_holo/seed-899531_sample-2,model.cif,A,CSK-WT,Inactive (BLBplus),Unpaired,,,,,,,Intact,Intact,Out,Packed,DFGin,BLBplus,NTout,CTin,60.84,22.45,13.77,10.48,126.66,5.43,13.19,14.54,3.92,1.88,2.8,3.2,3.49,4.04,7.1,10.24,4.16,9.47,3.94,3.65,3.31,3.59,0.94,0.91
csk-wtcat_holo_seed-899531_sample-3_model,csk-wtcat_holo/seed-899531_sample-3,model.cif,A,CSK-WT,Active (BLAminus),Unpaired,,,,,,,Broken,Intact,Out,Packed,DFGin,BLAminus,NTin,CTin,64.2,87.19,12.48,9.99,117.4,7.31,13.48,15.81,3.35,3.58,2.94,3.21,3.58,4.07,6.99,9.86,4.29,8.82,3.92,3.6,3.22,3.58,0.94,0.91
csk-wtcat_holo_seed-899531_sample-4_model,csk-wtcat_holo/seed-899531_sample-4,model.cif,A,CSK-WT,Inactive (BLAplus),Unpaired,,,,,,,Intact,Intact,Out,Packed,DFGin,BLAplus,NTin,CTin,57.28,44.33,14.83,10.92,135.74,5.99,13.73,16.86,3.37,1.96,2.78,3.35,3.54,4.03,7.12,10.14,4.08,8.99,4.42,3.77,3.55,3.54,0.95,0.92
csk-wtcat_holo_seed-973489_sample-0_model,csk-wtcat_holo/seed-973489_sample-0,model.cif,A,CSK-WT,Inactive (BLBplus),Unpaired,,,,,,,Intact,Intact,Out,Packed,DFGin,BLBplus,NTout,CTin,62.46,23.61,14.77,10.81,130.15,5.72,13.71,17.41,4.24,2.07,2.96,3.29,3.55,4.1,7.08,10.25,4.22,9.58,3.85,3.67,3.28,3.51,0.94,0.92
csk-wtcat_holo_seed-973489_sample-1_model,csk-wtcat_holo/seed-973489_sample-1,model.cif,A,CSK-WT,Inactive (BLBplus),Unpaired,,,,,,,Intact,Intact,Out,Packed,DFGin,BLBplus,NTin,CTin,60.25,20.78,14.12,11.03,127.23,5.31,13.5,13.76,3.35,1.92,2.85,3.25,3.58,4.03,7.17,10.18,4.11,9.44,3.94,4.02,3.24,3.6,0.94,0.91
csk-wtcat_holo_seed-973489_sample-2_model,csk-wtcat_holo/seed-973489_sample-2,model.cif,A,CSK-WT,Inactive (BLAplus),Unpaired,,,,,,,Intact,Intact,Out,Packed,DFGin,BLAplus,NTin,CTin,55.61,50.54,15.6,11.2,130.93,5.75,13.39,16.82,4.79,1.8,2.65,3.05,3.48,4.08,7.03,9.99,4.13,9.18,3.85,3.56,3.42,3.54,0.95,0.92
csk-wtcat_holo_seed-973489_sample-3_model,csk-wtcat_holo/seed-973489_sample-3,model.cif,A,CSK-WT,Inactive (BLAplus),Unpaired,,,,,,,Broken,Intact,Out,Packed,DFGin,BLAplus,NTin,CTin,55.54,45.3,14.74,10.72,132.37,5.97,14.16,15.29,4.37,1.95,2.89,3.24,3.53,4.05,7.18,10.02,4.19,9.05,3.79,3.76,3.43,3.57,0.95,0.91
csk-wtcat_holo_seed-973489_sample-4_model,csk-wtcat_holo/seed-973489_sample-4,model.cif,A,CSK-WT,Active (BLAminus),Unpaired,,,,,,,Intact,Intact,Out,Packed,DFGin,BLAminus,NTin,CTin,63.08,79.53,15.54,11.01,142.73,7.33,14.65,16.47,5.19,1.72,2.54,3.12,3.6,4.22,6.94,9.96,4.16,8.98,3.94,3.66,3.71,3.61,0.94,0.92
