Simulation_ID,Directory,File,Chain,Type,State,Role,Partner,CoFactor_Name,CoFactor_aC_Dist,CoFactor_ActLoop_Dist,Interface_C_Lobe_Donor_Dist,Interface_N_Lobe_Rec_Dist,R_Spine,C_Spine,C_Helix,Shell_State,Spatial,Dihedral,ActLoop_NT,ActLoop_CT,Phi_D,Psi_D,Cleft_Gape_Dist,Mg_Hijack_Dist,Substrate_Clearance_Angle,D1_Dist,D2_Dist,SB_Dist,HRD_ATP_Dist,DFG_Mg_Dist,DFG_ATP_Dist,PLoop_ATP_Dist,aCb4_aE_Dist,Spine_Bridge_Dist,V104_RS2_Dist,I150_HRD_Dist,Shell_M118_M120_Dist,Y156_N99_Dist,K105_E107_Dist,K105_E121_Dist,K105_N99_Dist,D220_HRD_Dist,ipTM,pTM
csk-wtcat_apo_seed-108409_sample-0_model,csk-wtcat_apo/seed-108409_sample-0,model.cif,A,CSK-WT,Inactive (BLBplus),Unpaired,,,,,,,Intact,No Ligand,Out,Packed,DFGin,BLBplus,NTout,CTin,59.62,17.33,13.91,,,5.43,13.38,11.61,,,,,3.34,7.7,7.03,10.38,4.22,9.78,3.98,3.55,3.3,3.51,N/A,0.91
csk-wtcat_apo_seed-108409_sample-1_model,csk-wtcat_apo/seed-108409_sample-1,model.cif,A,CSK-WT,Inactive (BLBplus),Unpaired,,,,,,,Intact,No Ligand,Out,Packed,DFGin,BLBplus,NTin,CTin,59.26,16.62,13.47,,,5.46,13.46,12.16,,,,,3.23,7.73,6.99,10.45,4.16,9.8,3.99,3.47,3.37,3.54,N/A,0.91
csk-wtcat_apo_seed-108409_sample-2_model,csk-wtcat_apo/seed-108409_sample-2,model.cif,A,CSK-WT,Inactive (BLAplus),Unpaired,,,,,,,Intact,No Ligand,Out,Packed,DFGin,BLAplus,NTin,CTin,56.25,21.51,13.77,,,5.28,13.27,8.95,,,,,3.36,7.84,7.08,10.29,4.2,8.77,4.16,3.39,3.64,3.45,N/A,0.91
csk-wtcat_apo_seed-108409_sample-3_model,csk-wtcat_apo/seed-108409_sample-3,model.cif,A,CSK-WT,Inactive (BLBplus),Unpaired,,,,,,,Intact,No Ligand,Out,Packed,DFGin,BLBplus,NTin,CTin,60.3,17.13,13.69,,,5.49,13.43,12.26,,,,,3.29,7.76,7.02,10.34,4.13,9.76,4.04,3.51,3.29,3.52,N/A,0.91
csk-wtcat_apo_seed-108409_sample-4_model,csk-wtcat_apo/seed-108409_sample-4,model.cif,A,CSK-WT,Inactive (BLBplus),Unpaired,,,,,,,Intact,No Ligand,Out,Packed,DFGin,BLBplus,NTin,CTin,59.1,18.31,14.36,,,5.52,13.48,11.85,,,,,3.26,7.68,6.96,10.37,4.15,9.76,3.91,3.47,3.27,3.53,N/A,0.91
csk-wtcat_apo_seed-111556_sample-0_model,csk-wtcat_apo/seed-111556_sample-0,model.cif,A,CSK-WT,Inactive (BLBplus),Unpaired,,,,,,,Intact,No Ligand,Out,Packed,DFGin,BLBplus,NTout,CTin,58.94,18.78,13.64,,,5.37,13.56,11.72,,,,,3.31,7.76,7.04,10.42,4.16,9.7,4.53,3.46,3.4,3.49,N/A,0.91
csk-wtcat_apo_seed-111556_sample-1_model,csk-wtcat_apo/seed-111556_sample-1,model.cif,A,CSK-WT,Inactive (BLBplus),Unpaired,,,,,,,Intact,No Ligand,Out,Packed,DFGin,BLBplus,NTin,CTin,58.15,18.89,13.51,,,5.54,13.61,12.3,,,,,3.23,7.8,7.08,10.43,4.16,9.76,4.52,3.45,3.42,3.53,N/A,0.91
csk-wtcat_apo_seed-111556_sample-2_model,csk-wtcat_apo/seed-111556_sample-2,model.cif,A,CSK-WT,Inactive (BLBplus),Unpaired,,,,,,,Intact,No Ligand,Out,Packed,DFGin,BLBplus,NTin,CTin,60.51,17.57,13.87,,,5.56,13.71,12.29,,,,,3.21,7.65,7.0,10.53,4.19,8.88,3.95,3.49,3.3,3.52,N/A,0.91
csk-wtcat_apo_seed-111556_sample-3_model,csk-wtcat_apo/seed-111556_sample-3,model.cif,A,CSK-WT,Inactive (BLBplus),Unpaired,,,,,,,Intact,No Ligand,Out,Packed,DFGin,BLBplus,NTin,CTin,65.19,14.71,13.67,,,5.59,13.63,12.89,,,,,3.28,7.72,7.03,10.35,4.19,9.73,4.02,3.48,3.33,3.51,N/A,0.91
csk-wtcat_apo_seed-111556_sample-4_model,csk-wtcat_apo/seed-111556_sample-4,model.cif,A,CSK-WT,Inactive (BLBplus),Unpaired,,,,,,,Intact,No Ligand,Out,Packed,DFGin,BLBplus,NTin,CTin,59.31,18.24,13.36,,,5.45,13.4,11.91,,,,,3.28,7.72,7.01,10.36,4.17,9.78,4.06,3.49,3.27,3.51,N/A,0.9
csk-wtcat_apo_seed-1185465_sample-0_model,csk-wtcat_apo/seed-1185465_sample-0,model.cif,A,CSK-WT,Inactive (BLBplus),Unpaired,,,,,,,Intact,No Ligand,Out,Packed,DFGin,BLBplus,NTin,CTin,60.28,16.45,13.38,,,5.53,13.45,12.17,,,,,3.3,7.75,7.03,10.33,4.15,9.76,4.06,3.5,3.33,3.51,N/A,0.91
csk-wtcat_apo_seed-1185465_sample-1_model,csk-wtcat_apo/seed-1185465_sample-1,model.cif,A,CSK-WT,Inactive (BLBplus),Unpaired,,,,,,,Intact,No Ligand,Out,Packed,DFGin,BLBplus,NTin,CTin,59.87,15.62,13.52,,,5.53,13.58,12.01,,,,,3.24,7.8,7.05,10.29,4.15,9.71,4.52,3.51,3.33,3.49,N/A,0.91
csk-wtcat_apo_seed-1185465_sample-2_model,csk-wtcat_apo/seed-1185465_sample-2,model.cif,A,CSK-WT,Inactive (BLBplus),Unpaired,,,,,,,Intact,No Ligand,Out,Packed,DFGin,BLBplus,NTout,CTin,59.22,18.19,13.76,,,5.46,13.47,12.5,,,,,3.26,7.71,7.0,10.41,4.17,9.73,3.99,3.54,3.29,3.51,N/A,0.91
csk-wtcat_apo_seed-1185465_sample-3_model,csk-wtcat_apo/seed-1185465_sample-3,model.cif,A,CSK-WT,Inactive (BLBplus),Unpaired,,,,,,,Intact,No Ligand,Out,Packed,DFGin,BLBplus,NTout,CTin,59.87,16.99,13.48,,,5.42,13.44,11.94,,,,,3.25,7.73,7.0,10.34,4.2,9.7,4.03,3.45,3.32,3.53,N/A,0.91
csk-wtcat_apo_seed-1185465_sample-4_model,csk-wtcat_apo/seed-1185465_sample-4,model.cif,A,CSK-WT,Inactive (BLBplus),Unpaired,,,,,,,Intact,No Ligand,Out,Packed,DFGin,BLBplus,NTout,CTin,59.08,17.13,13.8,,,5.59,13.61,12.72,,,,,3.26,7.7,7.01,10.31,4.13,9.69,3.98,3.47,3.2,3.52,N/A,0.91
csk-wtcat_apo_seed-1196810_sample-0_model,csk-wtcat_apo/seed-1196810_sample-0,model.cif,A,CSK-WT,Inactive (BLBplus),Unpaired,,,,,,,Intact,No Ligand,Out,Packed,DFGin,BLBplus,NTin,CTin,59.09,17.15,13.56,,,5.44,13.62,12.78,,,,,3.28,7.65,7.01,10.44,4.12,9.68,3.94,3.51,3.21,3.51,N/A,0.9
csk-wtcat_apo_seed-1196810_sample-1_model,csk-wtcat_apo/seed-1196810_sample-1,model.cif,A,CSK-WT,Inactive (BLBplus),Unpaired,,,,,,,Intact,No Ligand,Out,Packed,DFGin,BLBplus,NTin,CTin,58.76,17.12,13.89,,,5.48,13.61,11.91,,,,,3.3,7.83,7.02,10.41,4.15,9.74,4.54,3.39,3.5,3.55,N/A,0.91
csk-wtcat_apo_seed-1196810_sample-2_model,csk-wtcat_apo/seed-1196810_sample-2,model.cif,A,CSK-WT,Inactive (BLBplus),Unpaired,,,,,,,Intact,No Ligand,Out,Packed,DFGin,BLBplus,NTout,CTin,60.86,17.01,13.98,,,5.44,13.68,12.33,,,,,3.32,7.69,7.01,10.38,4.16,9.75,4.0,3.48,3.23,3.54,N/A,0.91
csk-wtcat_apo_seed-1196810_sample-3_model,csk-wtcat_apo/seed-1196810_sample-3,model.cif,A,CSK-WT,Inactive (BLBplus),Unpaired,,,,,,,Intact,No Ligand,Out,Packed,DFGin,BLBplus,NTout,CTin,58.36,17.95,13.66,,,5.33,13.52,11.77,,,,,3.29,7.68,6.98,10.38,4.19,9.66,3.95,3.52,3.26,3.52,N/A,0.91
csk-wtcat_apo_seed-1196810_sample-4_model,csk-wtcat_apo/seed-1196810_sample-4,model.cif,A,CSK-WT,Inactive (BLBplus),Unpaired,,,,,,,Intact,No Ligand,Out,Packed,DFGin,BLBplus,NTout,CTin,59.77,16.84,13.29,,,5.41,13.62,12.51,,,,,3.32,7.71,7.02,10.44,4.19,9.7,3.99,3.54,3.33,3.51,N/A,0.9
csk-wtcat_apo_seed-1209607_sample-0_model,csk-wtcat_apo/seed-1209607_sample-0,model.cif,A,CSK-WT,Inactive (BLBplus),Unpaired,,,,,,,Intact,No Ligand,Out,Packed,DFGin,BLBplus,NTin,CTin,58.81,16.89,13.72,,,5.57,13.53,11.87,,,,,3.32,7.76,7.03,10.46,4.17,9.77,4.05,3.49,3.33,3.53,N/A,0.91
csk-wtcat_apo_seed-1209607_sample-1_model,csk-wtcat_apo/seed-1209607_sample-1,model.cif,A,CSK-WT,Inactive (BLBplus),Unpaired,,,,,,,Intact,No Ligand,Out,Packed,DFGin,BLBplus,NTout,CTin,59.14,17.91,13.75,,,5.37,13.64,12.2,,,,,3.27,7.72,6.97,10.41,4.18,9.72,3.96,3.49,3.28,3.53,N/A,0.91
csk-wtcat_apo_seed-1209607_sample-2_model,csk-wtcat_apo/seed-1209607_sample-2,model.cif,A,CSK-WT,Inactive (BLBplus),Unpaired,,,,,,,Intact,No Ligand,Out,Packed,DFGin,BLBplus,NTin,CTin,59.14,18.8,13.74,,,5.39,13.57,12.53,,,,,3.26,7.74,7.0,10.39,4.16,9.72,4.02,3.52,3.27,3.54,N/A,0.91
csk-wtcat_apo_seed-1209607_sample-3_model,csk-wtcat_apo/seed-1209607_sample-3,model.cif,A,CSK-WT,Inactive (BLBplus),Unpaired,,,,,,,Intact,No Ligand,Out,Packed,DFGin,BLBplus,NTout,CTin,59.0,17.88,13.8,,,5.45,13.5,12.12,,,,,3.31,7.7,6.99,10.42,4.16,9.82,3.98,3.48,3.32,3.52,N/A,0.91
csk-wtcat_apo_seed-1209607_sample-4_model,csk-wtcat_apo/seed-1209607_sample-4,model.cif,A,CSK-WT,Inactive (BLBplus),Unpaired,,,,,,,Intact,No Ligand,Out,Packed,DFGin,BLBplus,NTin,CTin,58.58,19.07,14.3,,,5.58,13.69,12.41,,,,,3.34,7.71,7.03,10.36,4.13,9.68,4.08,3.59,3.43,3.48,N/A,0.9
csk-wtcat_apo_seed-1270458_sample-0_model,csk-wtcat_apo/seed-1270458_sample-0,model.cif,A,CSK-WT,Inactive (BLBplus),Unpaired,,,,,,,Intact,No Ligand,Out,Packed,DFGin,BLBplus,NTout,CTin,59.61,17.27,13.55,,,5.3,13.48,11.62,,,,,3.31,7.75,7.01,10.38,4.14,9.76,3.99,3.48,3.44,3.52,N/A,0.91
csk-wtcat_apo_seed-1270458_sample-1_model,csk-wtcat_apo/seed-1270458_sample-1,model.cif,A,CSK-WT,Inactive (BLBplus),Unpaired,,,,,,,Intact,No Ligand,Out,Packed,DFGin,BLBplus,NTin,CTin,58.97,19.95,13.42,,,5.48,13.63,12.72,,,,,3.25,7.72,7.01,10.37,4.19,9.74,3.97,3.5,3.24,3.55,N/A,0.91
csk-wtcat_apo_seed-1270458_sample-2_model,csk-wtcat_apo/seed-1270458_sample-2,model.cif,A,CSK-WT,Inactive (BLBplus),Unpaired,,,,,,,Intact,No Ligand,Out,Packed,DFGin,BLBplus,NTout,CTin,59.72,16.84,13.4,,,5.54,13.47,12.33,,,,,3.3,7.73,6.98,10.34,4.1,9.69,3.98,3.42,3.32,3.52,N/A,0.9
csk-wtcat_apo_seed-1270458_sample-3_model,csk-wtcat_apo/seed-1270458_sample-3,model.cif,A,CSK-WT,Inactive (BLBplus),Unpaired,,,,,,,Intact,No Ligand,Out,Packed,DFGin,BLBplus,NTin,CTin,58.44,18.88,13.61,,,5.29,13.52,10.51,,,,,3.22,7.83,6.99,10.31,4.19,9.72,4.03,3.42,3.13,3.53,N/A,0.91
csk-wtcat_apo_seed-1270458_sample-4_model,csk-wtcat_apo/seed-1270458_sample-4,model.cif,A,CSK-WT,Inactive (BLBplus),Unpaired,,,,,,,Intact,No Ligand,Out,Packed,DFGin,BLBplus,NTout,CTin,59.25,17.71,13.44,,,5.47,13.66,11.75,,,,,3.27,7.7,6.97,10.35,4.2,9.64,3.98,3.45,3.34,3.5,N/A,0.91
csk-wtcat_apo_seed-1321773_sample-0_model,csk-wtcat_apo/seed-1321773_sample-0,model.cif,A,CSK-WT,Inactive (BLBplus),Unpaired,,,,,,,Intact,No Ligand,Out,Packed,DFGin,BLBplus,NTin,CTin,56.09,16.37,14.68,,,5.42,13.72,9.3,,,,,3.35,7.79,7.03,10.37,4.22,9.76,4.15,3.37,3.5,3.54,N/A,0.91
csk-wtcat_apo_seed-1321773_sample-1_model,csk-wtcat_apo/seed-1321773_sample-1,model.cif,A,CSK-WT,Inactive (BLBplus),Unpaired,,,,,,,Intact,No Ligand,Out,Packed,DFGin,BLBplus,NTin,CTin,57.5,18.37,14.05,,,5.36,13.52,11.2,,,,,3.3,7.74,6.98,10.42,4.18,9.77,3.99,3.39,3.38,3.52,N/A,0.91
csk-wtcat_apo_seed-1321773_sample-2_model,csk-wtcat_apo/seed-1321773_sample-2,model.cif,A,CSK-WT,Inactive (BLBplus),Unpaired,,,,,,,Intact,No Ligand,Out,Packed,DFGin,BLBplus,NTin,CTin,56.42,20.05,14.37,,,5.34,13.76,9.51,,,,,3.31,7.76,7.04,10.41,4.25,9.75,4.09,3.38,3.43,3.52,N/A,0.91
csk-wtcat_apo_seed-1321773_sample-3_model,csk-wtcat_apo/seed-1321773_sample-3,model.cif,A,CSK-WT,Inactive (BLBplus),Unpaired,,,,,,,Intact,No Ligand,Out,Packed,DFGin,BLBplus,NTin,CTin,58.58,18.83,13.84,,,5.46,13.5,12.14,,,,,3.29,7.68,7.0,10.36,4.19,9.8,3.98,3.49,3.23,3.51,N/A,0.91
csk-wtcat_apo_seed-1321773_sample-4_model,csk-wtcat_apo/seed-1321773_sample-4,model.cif,A,CSK-WT,Inactive (BLBplus),Unpaired,,,,,,,Intact,No Ligand,Out,Packed,DFGin,BLBplus,NTout,CTin,57.68,16.94,14.34,,,5.35,13.91,10.9,,,,,3.3,7.7,6.96,10.31,4.19,9.67,4.01,3.53,3.75,3.53,N/A,0.91
csk-wtcat_apo_seed-1328343_sample-0_model,csk-wtcat_apo/seed-1328343_sample-0,model.cif,A,CSK-WT,Inactive (BLAplus),Unpaired,,,,,,,Intact,No Ligand,Out,Packed,DFGin,BLAplus,NTin,CTin,59.88,20.51,13.36,,,5.34,13.58,11.58,,,,,3.25,7.77,7.06,10.31,4.16,9.65,4.01,3.44,3.7,3.5,N/A,0.91
csk-wtcat_apo_seed-1328343_sample-1_model,csk-wtcat_apo/seed-1328343_sample-1,model.cif,A,CSK-WT,Inactive (BLBplus),Unpaired,,,,,,,Intact,No Ligand,Out,Packed,DFGin,BLBplus,NTin,CTin,58.98,17.02,13.78,,,5.46,13.5,11.56,,,,,3.23,7.78,7.0,10.38,4.15,9.74,4.01,3.45,3.44,3.52,N/A,0.91
csk-wtcat_apo_seed-1328343_sample-2_model,csk-wtcat_apo/seed-1328343_sample-2,model.cif,A,CSK-WT,Inactive (BLBplus),Unpaired,,,,,,,Intact,No Ligand,Out,Packed,DFGin,BLBplus,NTin,CTin,58.89,18.21,14.08,,,5.37,13.48,11.74,,,,,3.3,7.79,7.07,10.37,4.18,9.7,4.07,3.47,3.26,3.51,N/A,0.91
csk-wtcat_apo_seed-1328343_sample-3_model,csk-wtcat_apo/seed-1328343_sample-3,model.cif,A,CSK-WT,Inactive (BLBplus),Unpaired,,,,,,,Intact,No Ligand,Out,Packed,DFGin,BLBplus,NTin,CTin,59.06,18.2,13.42,,,5.26,13.56,11.08,,,,,3.33,7.76,7.02,10.39,4.22,9.72,4.06,3.49,3.31,3.53,N/A,0.91
csk-wtcat_apo_seed-1328343_sample-4_model,csk-wtcat_apo/seed-1328343_sample-4,model.cif,A,CSK-WT,Inactive (BLBplus),Unpaired,,,,,,,Intact,No Ligand,Out,Packed,DFGin,BLBplus,NTin,CTin,56.07,18.27,14.19,,,5.26,13.81,9.91,,,,,3.24,7.81,7.0,10.37,4.19,9.76,4.08,3.43,3.22,3.54,N/A,0.91
csk-wtcat_apo_seed-1332499_sample-0_model,csk-wtcat_apo/seed-1332499_sample-0,model.cif,A,CSK-WT,Inactive (BLBplus),Unpaired,,,,,,,Intact,No Ligand,Out,Packed,DFGin,BLBplus,NTin,CTin,59.0,18.11,14.11,,,5.44,13.72,11.82,,,,,3.27,7.77,7.04,10.4,4.16,9.73,4.56,3.53,3.42,3.51,N/A,0.91
csk-wtcat_apo_seed-1332499_sample-1_model,csk-wtcat_apo/seed-1332499_sample-1,model.cif,A,CSK-WT,Inactive (BLBplus),Unpaired,,,,,,,Intact,No Ligand,Out,Packed,DFGin,BLBplus,NTout,CTin,59.45,18.14,13.03,,,5.29,13.51,12.12,,,,,3.25,7.76,7.02,10.43,4.17,9.86,4.05,3.47,3.3,3.51,N/A,0.9
csk-wtcat_apo_seed-1332499_sample-2_model,csk-wtcat_apo/seed-1332499_sample-2,model.cif,A,CSK-WT,Inactive (BLBplus),Unpaired,,,,,,,Intact,No Ligand,Out,Packed,DFGin,BLBplus,NTin,CTin,58.56,18.85,13.79,,,5.62,13.39,12.31,,,,,3.28,7.69,7.03,10.39,4.2,9.8,3.98,3.47,3.24,3.52,N/A,0.91
csk-wtcat_apo_seed-1332499_sample-3_model,csk-wtcat_apo/seed-1332499_sample-3,model.cif,A,CSK-WT,Inactive (BLBplus),Unpaired,,,,,,,Intact,No Ligand,Out,Packed,DFGin,BLBplus,NTin,CTin,58.99,18.49,13.42,,,5.45,13.55,11.62,,,,,3.29,7.82,7.07,10.5,4.18,9.79,4.11,3.45,3.8,3.5,N/A,0.91
csk-wtcat_apo_seed-1332499_sample-4_model,csk-wtcat_apo/seed-1332499_sample-4,model.cif,A,CSK-WT,Inactive (BLBplus),Unpaired,,,,,,,Intact,No Ligand,Out,Packed,DFGin,BLBplus,NTin,CTin,59.16,18.26,14.18,,,5.43,13.7,11.82,,,,,3.29,7.69,7.0,10.42,4.18,9.74,4.0,3.56,3.3,3.53,N/A,0.91
csk-wtcat_apo_seed-1336202_sample-0_model,csk-wtcat_apo/seed-1336202_sample-0,model.cif,A,CSK-WT,Inactive (BLBplus),Unpaired,,,,,,,Intact,No Ligand,Out,Packed,DFGin,BLBplus,NTin,CTin,59.81,17.47,13.36,,,5.55,13.53,12.02,,,,,3.29,7.72,7.05,10.42,4.19,9.65,3.98,3.44,3.34,3.5,N/A,0.9
csk-wtcat_apo_seed-1336202_sample-1_model,csk-wtcat_apo/seed-1336202_sample-1,model.cif,A,CSK-WT,Inactive (BLBplus),Unpaired,,,,,,,Intact,No Ligand,Out,Packed,DFGin,BLBplus,NTin,CTin,59.87,18.16,13.51,,,5.41,13.54,11.75,,,,,3.28,7.75,7.03,10.34,4.2,9.71,4.02,3.52,3.3,3.51,N/A,0.91
csk-wtcat_apo_seed-1336202_sample-2_model,csk-wtcat_apo/seed-1336202_sample-2,model.cif,A,CSK-WT,Inactive (BLBplus),Unpaired,,,,,,,Intact,No Ligand,Out,Packed,DFGin,BLBplus,NTin,CTin,58.96,18.49,13.23,,,5.43,13.51,12.44,,,,,3.24,7.64,6.95,10.34,4.17,8.71,3.89,3.49,3.25,3.5,N/A,0.9
csk-wtcat_apo_seed-1336202_sample-3_model,csk-wtcat_apo/seed-1336202_sample-3,model.cif,A,CSK-WT,Inactive (BLBplus),Unpaired,,,,,,,Intact,No Ligand,Out,Packed,DFGin,BLBplus,NTin,CTin,60.46,15.84,14.27,,,5.55,13.52,12.6,,,,,3.27,7.67,7.0,10.38,4.15,9.81,3.92,3.47,3.19,3.51,N/A,0.9
csk-wtcat_apo_seed-1336202_sample-4_model,csk-wtcat_apo/seed-1336202_sample-4,model.cif,A,CSK-WT,Inactive (BLBplus),Unpaired,,,,,,,Intact,No Ligand,Out,Packed,DFGin,BLBplus,NTout,CTin,58.73,17.93,13.97,,,5.5,13.63,12.05,,,,,3.27,7.72,7.01,10.35,4.16,9.79,3.97,3.48,3.3,3.53,N/A,0.91
csk-wtcat_apo_seed-136750_sample-0_model,csk-wtcat_apo/seed-136750_sample-0,model.cif,A,CSK-WT,Inactive (BLBplus),Unpaired,,,,,,,Intact,No Ligand,Out,Packed,DFGin,BLBplus,NTin,CTin,56.69,18.97,14.61,,,5.34,13.86,11.36,,,,,3.31,7.76,7.03,10.34,4.18,9.69,4.07,3.42,3.44,3.51,N/A,0.91
csk-wtcat_apo_seed-136750_sample-1_model,csk-wtcat_apo/seed-136750_sample-1,model.cif,A,CSK-WT,Inactive (BLBplus),Unpaired,,,,,,,Intact,No Ligand,Out,Packed,DFGin,BLBplus,NTout,CTin,58.47,19.31,13.42,,,5.16,13.55,10.43,,,,,3.25,7.76,6.96,10.37,4.18,9.66,4.01,3.46,3.5,3.52,N/A,0.9
csk-wtcat_apo_seed-136750_sample-2_model,csk-wtcat_apo/seed-136750_sample-2,model.cif,A,CSK-WT,Inactive (BLBplus),Unpaired,,,,,,,Intact,No Ligand,Out,Packed,DFGin,BLBplus,NTout,CTin,60.77,18.21,13.42,,,5.48,13.47,12.78,,,,,3.23,7.7,7.0,10.37,4.18,9.72,3.98,3.53,3.35,3.54,N/A,0.91
csk-wtcat_apo_seed-136750_sample-3_model,csk-wtcat_apo/seed-136750_sample-3,model.cif,A,CSK-WT,Inactive (BLBplus),Unpaired,,,,,,,Intact,No Ligand,Out,Packed,DFGin,BLBplus,NTin,CTin,59.87,17.94,13.58,,,5.32,13.6,12.08,,,,,3.26,7.75,7.0,10.3,4.17,9.74,4.02,3.47,3.33,3.53,N/A,0.91
csk-wtcat_apo_seed-136750_sample-4_model,csk-wtcat_apo/seed-136750_sample-4,model.cif,A,CSK-WT,Inactive (BLBplus),Unpaired,,,,,,,Intact,No Ligand,Out,Packed,DFGin,BLBplus,NTout,CTin,57.05,21.63,13.88,,,5.47,13.79,12.31,,,,,3.22,7.67,7.01,10.45,4.2,8.94,3.96,3.52,3.22,3.52,N/A,0.91
csk-wtcat_apo_seed-1368324_sample-0_model,csk-wtcat_apo/seed-1368324_sample-0,model.cif,A,CSK-WT,Inactive (BLBplus),Unpaired,,,,,,,Intact,No Ligand,Out,Packed,DFGin,BLBplus,NTout,CTin,59.86,17.95,13.17,,,5.61,13.39,12.51,,,,,3.18,7.69,7.01,10.46,4.17,9.81,4.0,3.51,3.22,3.51,N/A,0.9
csk-wtcat_apo_seed-1368324_sample-1_model,csk-wtcat_apo/seed-1368324_sample-1,model.cif,A,CSK-WT,Inactive (BLBplus),Unpaired,,,,,,,Intact,No Ligand,Out,Packed,DFGin,BLBplus,NTin,CTin,59.23,17.44,14.31,,,5.57,13.64,12.94,,,,,3.28,7.69,6.96,10.36,4.14,9.69,3.96,3.48,3.2,3.54,N/A,0.91
csk-wtcat_apo_seed-1368324_sample-2_model,csk-wtcat_apo/seed-1368324_sample-2,model.cif,A,CSK-WT,Inactive (BLAplus),Unpaired,,,,,,,Intact,No Ligand,Out,Packed,DFGin,BLAplus,NTout,CTin,59.35,22.95,14.31,,,5.29,13.44,11.64,,,,,3.25,7.71,7.0,10.32,4.19,9.68,3.99,3.52,3.28,3.5,N/A,0.91
csk-wtcat_apo_seed-1368324_sample-3_model,csk-wtcat_apo/seed-1368324_sample-3,model.cif,A,CSK-WT,Inactive (BLBplus),Unpaired,,,,,,,Intact,No Ligand,Out,Packed,DFGin,BLBplus,NTin,CTin,60.55,16.48,13.45,,,5.74,13.32,12.79,,,,,3.25,7.76,7.0,10.36,4.11,9.7,3.98,3.46,3.43,3.51,N/A,0.9
csk-wtcat_apo_seed-1368324_sample-4_model,csk-wtcat_apo/seed-1368324_sample-4,model.cif,A,CSK-WT,Inactive (BLBplus),Unpaired,,,,,,,Intact,No Ligand,Out,Packed,DFGin,BLBplus,NTin,CTin,59.8,17.54,13.12,,,5.62,13.53,12.5,,,,,3.21,7.79,7.01,10.4,4.18,9.78,3.8,3.51,2.9,3.51,N/A,0.9
csk-wtcat_apo_seed-1390232_sample-0_model,csk-wtcat_apo/seed-1390232_sample-0,model.cif,A,CSK-WT,Inactive (BLBplus),Unpaired,,,,,,,Intact,No Ligand,Out,Packed,DFGin,BLBplus,NTin,CTin,58.78,16.59,13.84,,,5.36,13.65,11.13,,,,,3.29,7.72,7.0,10.33,4.19,9.7,3.99,3.46,3.44,3.51,N/A,0.91
csk-wtcat_apo_seed-1390232_sample-1_model,csk-wtcat_apo/seed-1390232_sample-1,model.cif,A,CSK-WT,Inactive (BLBplus),Unpaired,,,,,,,Intact,No Ligand,Out,Packed,DFGin,BLBplus,NTin,CTin,59.06,16.12,13.58,,,5.52,13.56,12.2,,,,,3.27,7.77,7.04,10.47,4.17,9.84,4.06,3.55,3.31,3.52,N/A,0.91
csk-wtcat_apo_seed-1390232_sample-2_model,csk-wtcat_apo/seed-1390232_sample-2,model.cif,A,CSK-WT,Inactive (BLBplus),Unpaired,,,,,,,Intact,No Ligand,Out,Packed,DFGin,BLBplus,NTin,CTin,59.11,17.32,14.06,,,5.76,13.48,12.43,,,,,3.34,7.7,7.03,10.5,4.23,9.8,3.97,3.58,3.23,3.52,N/A,0.91
csk-wtcat_apo_seed-1390232_sample-3_model,csk-wtcat_apo/seed-1390232_sample-3,model.cif,A,CSK-WT,Inactive (BLBplus),Unpaired,,,,,,,Intact,No Ligand,Out,Packed,DFGin,BLBplus,NTin,CTin,59.92,16.52,13.32,,,5.58,13.27,12.68,,,,,3.28,7.77,7.02,10.41,4.17,9.82,4.04,3.53,3.91,3.52,N/A,0.9
csk-wtcat_apo_seed-1390232_sample-4_model,csk-wtcat_apo/seed-1390232_sample-4,model.cif,A,CSK-WT,Inactive (BLBplus),Unpaired,,,,,,,Intact,No Ligand,Out,Packed,DFGin,BLBplus,NTin,CTin,58.58,17.57,13.5,,,5.42,13.71,11.47,,,,,3.27,7.75,6.99,10.4,4.23,9.75,4.02,3.56,3.3,3.53,N/A,0.91
csk-wtcat_apo_seed-1537969_sample-0_model,csk-wtcat_apo/seed-1537969_sample-0,model.cif,A,CSK-WT,Inactive (BLBplus),Unpaired,,,,,,,Intact,No Ligand,Out,Packed,DFGin,BLBplus,NTin,CTin,60.02,16.64,13.43,,,5.45,13.43,11.93,,,,,3.26,7.69,6.95,10.31,4.13,9.69,3.92,3.47,3.35,3.5,N/A,0.9
csk-wtcat_apo_seed-1537969_sample-1_model,csk-wtcat_apo/seed-1537969_sample-1,model.cif,A,CSK-WT,Inactive (BLBplus),Unpaired,,,,,,,Intact,No Ligand,Out,Packed,DFGin,BLBplus,NTin,CTin,59.76,16.08,13.31,,,5.63,13.56,11.4,,,,,3.3,7.72,7.0,10.4,4.16,9.8,4.01,3.5,3.34,3.49,N/A,0.91
csk-wtcat_apo_seed-1537969_sample-2_model,csk-wtcat_apo/seed-1537969_sample-2,model.cif,A,CSK-WT,Inactive (BLBplus),Unpaired,,,,,,,Intact,No Ligand,Out,Packed,DFGin,BLBplus,NTout,CTin,59.96,17.59,13.48,,,5.59,13.54,12.12,,,,,3.28,7.73,7.03,10.39,4.18,9.73,3.95,3.49,2.96,3.53,N/A,0.91
csk-wtcat_apo_seed-1537969_sample-3_model,csk-wtcat_apo/seed-1537969_sample-3,model.cif,A,CSK-WT,Inactive (BLBplus),Unpaired,,,,,,,Intact,No Ligand,Out,Packed,DFGin,BLBplus,NTout,CTin,60.46,18.09,13.38,,,5.4,13.41,12.19,,,,,3.27,7.78,6.99,10.34,4.17,9.82,3.98,3.49,3.42,3.55,N/A,0.91
csk-wtcat_apo_seed-1537969_sample-4_model,csk-wtcat_apo/seed-1537969_sample-4,model.cif,A,CSK-WT,Inactive (BLBplus),Unpaired,,,,,,,Intact,No Ligand,Out,Packed,DFGin,BLBplus,NTout,CTin,61.68,16.97,13.41,,,5.57,13.41,13.15,,,,,3.26,7.69,6.96,10.4,4.11,9.77,3.95,3.49,3.27,3.5,N/A,0.9
csk-wtcat_apo_seed-1549447_sample-0_model,csk-wtcat_apo/seed-1549447_sample-0,model.cif,A,CSK-WT,Inactive (BLBplus),Unpaired,,,,,,,Intact,No Ligand,Out,Packed,DFGin,BLBplus,NTin,CTin,61.12,18.79,14.15,,,5.37,13.56,11.61,,,,,3.36,7.73,6.99,10.38,4.18,9.76,3.99,3.46,3.32,3.5,N/A,0.91
csk-wtcat_apo_seed-1549447_sample-1_model,csk-wtcat_apo/seed-1549447_sample-1,model.cif,A,CSK-WT,Inactive (BLBplus),Unpaired,,,,,,,Intact,No Ligand,Out,Packed,DFGin,BLBplus,NTout,CTin,60.16,17.48,13.85,,,5.59,13.62,12.4,,,,,3.33,7.64,6.97,10.39,4.18,9.77,3.9,3.51,3.19,3.51,N/A,0.91
csk-wtcat_apo_seed-1549447_sample-2_model,csk-wtcat_apo/seed-1549447_sample-2,model.cif,A,CSK-WT,Inactive (BLBplus),Unpaired,,,,,,,Intact,No Ligand,Out,Packed,DFGin,BLBplus,NTout,CTin,58.08,18.76,13.76,,,5.39,13.79,11.86,,,,,3.33,7.71,7.01,10.35,4.21,9.76,3.99,3.51,3.22,3.49,N/A,0.91
csk-wtcat_apo_seed-1549447_sample-3_model,csk-wtcat_apo/seed-1549447_sample-3,model.cif,A,CSK-WT,Inactive (BLBplus),Unpaired,,,,,,,Intact,No Ligand,Out,Packed,DFGin,BLBplus,NTin,CTin,60.58,17.03,13.43,,,5.56,13.59,12.45,,,,,3.28,7.76,6.98,10.4,4.11,9.07,4.03,3.48,4.09,3.48,N/A,0.91
csk-wtcat_apo_seed-1549447_sample-4_model,csk-wtcat_apo/seed-1549447_sample-4,model.cif,A,CSK-WT,Inactive (BLBplus),Unpaired,,,,,,,Intact,No Ligand,Out,Packed,DFGin,BLBplus,NTin,CTin,59.08,17.48,13.39,,,5.48,13.59,11.86,,,,,3.27,7.74,7.03,10.37,4.19,9.71,4.0,3.43,3.32,3.49,N/A,0.91
csk-wtcat_apo_seed-1583322_sample-0_model,csk-wtcat_apo/seed-1583322_sample-0,model.cif,A,CSK-WT,Inactive (BLBplus),Unpaired,,,,,,,Intact,No Ligand,Out,Packed,DFGin,BLBplus,NTout,CTin,59.63,18.38,14.08,,,5.75,13.46,12.76,,,,,3.3,7.69,6.95,10.4,4.13,9.78,3.93,3.47,3.38,3.51,N/A,0.9
csk-wtcat_apo_seed-1583322_sample-1_model,csk-wtcat_apo/seed-1583322_sample-1,model.cif,A,CSK-WT,Inactive (BLBplus),Unpaired,,,,,,,Intact,No Ligand,Out,Packed,DFGin,BLBplus,NTout,CTin,59.13,19.45,13.13,,,5.41,13.52,11.65,,,,,3.27,7.72,6.99,10.36,4.14,9.72,4.06,3.52,4.41,3.51,N/A,0.9
csk-wtcat_apo_seed-1583322_sample-2_model,csk-wtcat_apo/seed-1583322_sample-2,model.cif,A,CSK-WT,Inactive (BLBplus),Unpaired,,,,,,,Intact,No Ligand,Out,Packed,DFGin,BLBplus,NTin,CTin,58.7,17.06,13.93,,,5.57,13.67,11.63,,,,,3.26,7.7,6.97,10.39,4.22,8.76,3.98,3.5,3.39,3.51,N/A,0.9
csk-wtcat_apo_seed-1583322_sample-3_model,csk-wtcat_apo/seed-1583322_sample-3,model.cif,A,CSK-WT,Inactive (BLBplus),Unpaired,,,,,,,Intact,No Ligand,Out,Packed,DFGin,BLBplus,NTin,CTin,57.88,18.94,14.07,,,5.13,13.72,9.52,,,,,3.25,7.69,7.02,10.34,4.2,9.77,4.12,3.48,3.38,3.5,N/A,0.9
csk-wtcat_apo_seed-1583322_sample-4_model,csk-wtcat_apo/seed-1583322_sample-4,model.cif,A,CSK-WT,Inactive (BLBplus),Unpaired,,,,,,,Intact,No Ligand,Out,Packed,DFGin,BLBplus,NTout,CTin,58.87,18.39,13.92,,,5.63,13.61,11.98,,,,,3.33,7.75,7.02,10.4,4.25,9.86,3.99,3.49,3.34,3.52,N/A,0.9
csk-wtcat_apo_seed-1606512_sample-0_model,csk-wtcat_apo/seed-1606512_sample-0,model.cif,A,CSK-WT,Inactive (BLBplus),Unpaired,,,,,,,Intact,No Ligand,Out,Packed,DFGin,BLBplus,NTin,CTin,59.92,18.23,14.64,,,5.59,13.83,12.72,,,,,3.24,7.7,6.99,10.38,4.07,9.74,3.98,3.5,3.27,3.49,N/A,0.91
csk-wtcat_apo_seed-1606512_sample-1_model,csk-wtcat_apo/seed-1606512_sample-1,model.cif,A,CSK-WT,Active (BLAminus),Unpaired,,,,,,,Broken,No Ligand,In,Packed,DFGin,BLAminus,NTin,CTin,61.44,67.84,14.69,,,6.08,13.81,3.94,,,,,3.29,7.89,7.2,10.26,4.21,8.55,4.85,3.4,3.67,3.55,N/A,0.91
csk-wtcat_apo_seed-1606512_sample-2_model,csk-wtcat_apo/seed-1606512_sample-2,model.cif,A,CSK-WT,Inactive (BLBplus),Unpaired,,,,,,,Intact,No Ligand,Out,Packed,DFGin,BLBplus,NTin,CTin,59.04,18.63,13.73,,,5.62,13.48,11.75,,,,,3.32,7.78,7.03,10.39,4.18,9.74,4.08,3.42,3.37,3.5,N/A,0.91
csk-wtcat_apo_seed-1606512_sample-3_model,csk-wtcat_apo/seed-1606512_sample-3,model.cif,A,CSK-WT,Inactive (BLBplus),Unpaired,,,,,,,Intact,No Ligand,Out,Packed,DFGin,BLBplus,NTout,CTin,59.39,16.22,13.85,,,5.39,13.44,12.09,,,,,3.28,7.73,6.98,10.42,4.16,9.74,4.02,3.51,3.23,3.5,N/A,0.9
csk-wtcat_apo_seed-1606512_sample-4_model,csk-wtcat_apo/seed-1606512_sample-4,model.cif,A,CSK-WT,Inactive (BLBplus),Unpaired,,,,,,,Intact,No Ligand,Out,Packed,DFGin,BLBplus,NTin,CTin,58.65,16.91,14.03,,,5.49,13.52,12.18,,,,,3.24,7.71,6.95,10.39,4.17,9.78,3.99,3.52,3.32,3.49,N/A,0.91
csk-wtcat_apo_seed-1652918_sample-0_model,csk-wtcat_apo/seed-1652918_sample-0,model.cif,A,CSK-WT,Inactive (BLBplus),Unpaired,,,,,,,Intact,No Ligand,Out,Packed,DFGin,BLBplus,NTin,CTin,58.54,16.35,13.53,,,5.69,13.57,11.92,,,,,3.28,7.67,7.04,10.54,4.22,9.07,3.96,3.49,3.2,3.5,N/A,0.91
csk-wtcat_apo_seed-1652918_sample-1_model,csk-wtcat_apo/seed-1652918_sample-1,model.cif,A,CSK-WT,Inactive (BLAplus),Unpaired,,,,,,,Intact,No Ligand,Out,Packed,DFGin,BLAplus,NTin,CTin,59.21,17.77,13.99,,,5.35,13.55,12.11,,,,,3.27,7.72,7.03,10.44,4.15,9.8,4.06,3.47,3.37,3.48,N/A,0.91
csk-wtcat_apo_seed-1652918_sample-2_model,csk-wtcat_apo/seed-1652918_sample-2,model.cif,A,CSK-WT,Inactive (BLBplus),Unpaired,,,,,,,Intact,No Ligand,Out,Packed,DFGin,BLBplus,NTout,CTin,60.64,17.78,13.37,,,5.39,13.59,11.91,,,,,3.31,7.73,6.95,10.37,4.19,9.71,3.98,3.46,3.38,3.5,N/A,0.91
csk-wtcat_apo_seed-1652918_sample-3_model,csk-wtcat_apo/seed-1652918_sample-3,model.cif,A,CSK-WT,Inactive (BLBplus),Unpaired,,,,,,,Intact,No Ligand,Out,Packed,DFGin,BLBplus,NTout,CTin,57.43,18.35,14.24,,,5.42,13.81,11.29,,,,,3.31,7.74,7.02,10.36,4.2,9.79,4.09,3.43,3.32,3.51,N/A,0.91
csk-wtcat_apo_seed-1652918_sample-4_model,csk-wtcat_apo/seed-1652918_sample-4,model.cif,A,CSK-WT,Inactive (BLBplus),Unpaired,,,,,,,Intact,No Ligand,Out,Packed,DFGin,BLBplus,NTin,CTin,59.19,18.05,13.6,,,5.41,13.53,11.89,,,,,3.34,7.73,7.03,10.44,4.18,9.75,4.02,3.46,3.27,3.51,N/A,0.9
csk-wtcat_apo_seed-1682480_sample-0_model,csk-wtcat_apo/seed-1682480_sample-0,model.cif,A,CSK-WT,Inactive (BLBplus),Unpaired,,,,,,,Intact,No Ligand,Out,Packed,DFGin,BLBplus,NTin,CTin,58.99,17.53,14.11,,,5.37,13.65,11.09,,,,,3.31,7.75,7.0,10.38,4.19,9.78,3.98,3.43,3.4,3.52,N/A,0.91
csk-wtcat_apo_seed-1682480_sample-1_model,csk-wtcat_apo/seed-1682480_sample-1,model.cif,A,CSK-WT,Inactive (BLBplus),Unpaired,,,,,,,Intact,No Ligand,Out,Packed,DFGin,BLBplus,NTin,CTin,59.58,16.12,13.72,,,5.56,13.49,12.06,,,,,3.26,7.74,6.99,10.4,4.23,9.75,3.97,3.52,3.29,3.53,N/A,0.9
csk-wtcat_apo_seed-1682480_sample-2_model,csk-wtcat_apo/seed-1682480_sample-2,model.cif,A,CSK-WT,Inactive (BLBplus),Unpaired,,,,,,,Intact,No Ligand,Out,Packed,DFGin,BLBplus,NTout,CTin,59.19,17.83,14.01,,,5.33,13.57,11.29,,,,,3.28,7.8,7.04,10.36,4.2,9.73,4.05,3.42,3.38,3.52,N/A,0.91
csk-wtcat_apo_seed-1682480_sample-3_model,csk-wtcat_apo/seed-1682480_sample-3,model.cif,A,CSK-WT,Inactive (BLBplus),Unpaired,,,,,,,Intact,No Ligand,Out,Packed,DFGin,BLBplus,NTout,CTin,58.79,17.43,13.37,,,5.12,13.37,10.36,,,,,3.24,7.75,6.98,10.39,4.17,9.68,4.05,3.43,3.61,3.54,N/A,0.9
csk-wtcat_apo_seed-1682480_sample-4_model,csk-wtcat_apo/seed-1682480_sample-4,model.cif,A,CSK-WT,Inactive (BLAplus),Unpaired,,,,,,,Intact,No Ligand,Out,Packed,DFGin,BLAplus,NTin,CTin,58.02,18.26,14.32,,,5.05,13.75,11.56,,,,,3.27,7.74,7.04,10.38,4.16,9.7,4.06,3.46,3.27,3.51,N/A,0.91
csk-wtcat_apo_seed-1738973_sample-0_model,csk-wtcat_apo/seed-1738973_sample-0,model.cif,A,CSK-WT,Inactive (BLBplus),Unpaired,,,,,,,Intact,No Ligand,Out,Packed,DFGin,BLBplus,NTout,CTin,57.86,18.45,13.92,,,5.39,13.6,12.0,,,,,3.25,7.7,6.99,10.32,4.19,9.73,3.99,3.51,3.2,3.53,N/A,0.91
csk-wtcat_apo_seed-1738973_sample-1_model,csk-wtcat_apo/seed-1738973_sample-1,model.cif,A,CSK-WT,Inactive (BLBplus),Unpaired,,,,,,,Intact,No Ligand,Out,Packed,DFGin,BLBplus,NTout,CTin,59.33,17.79,13.4,,,5.38,13.41,11.77,,,,,3.25,7.67,6.99,10.37,4.2,9.73,4.0,3.45,3.27,3.52,N/A,0.91
csk-wtcat_apo_seed-1738973_sample-2_model,csk-wtcat_apo/seed-1738973_sample-2,model.cif,A,CSK-WT,Inactive (BLBplus),Unpaired,,,,,,,Intact,No Ligand,Out,Packed,DFGin,BLBplus,NTout,CTin,61.28,18.48,13.82,,,5.32,13.49,12.38,,,,,3.29,7.69,7.03,10.32,4.16,9.74,4.02,3.52,3.25,3.51,N/A,0.91
csk-wtcat_apo_seed-1738973_sample-3_model,csk-wtcat_apo/seed-1738973_sample-3,model.cif,A,CSK-WT,Inactive (BLBplus),Unpaired,,,,,,,Intact,No Ligand,Out,Packed,DFGin,BLBplus,NTin,CTin,59.45,16.71,13.25,,,5.61,13.43,12.59,,,,,3.25,7.75,7.05,10.34,4.14,9.73,4.06,3.49,3.31,3.52,N/A,0.91
csk-wtcat_apo_seed-1738973_sample-4_model,csk-wtcat_apo/seed-1738973_sample-4,model.cif,A,CSK-WT,Inactive (BLBplus),Unpaired,,,,,,,Intact,No Ligand,Out,Packed,DFGin,BLBplus,NTin,CTin,58.48,17.33,13.81,,,5.41,13.54,11.85,,,,,3.26,7.68,7.0,10.33,4.2,9.7,4.03,3.54,3.21,3.52,N/A,0.91
csk-wtcat_apo_seed-1762199_sample-0_model,csk-wtcat_apo/seed-1762199_sample-0,model.cif,A,CSK-WT,Inactive (BLBplus),Unpaired,,,,,,,Intact,No Ligand,Out,Packed,DFGin,BLBplus,NTin,CTin,60.0,16.99,13.87,,,5.53,13.44,12.44,,,,,3.29,7.75,7.0,10.37,4.09,9.85,4.03,3.47,3.25,3.52,N/A,0.91
csk-wtcat_apo_seed-1762199_sample-1_model,csk-wtcat_apo/seed-1762199_sample-1,model.cif,A,CSK-WT,Inactive (BLBplus),Unpaired,,,,,,,Intact,No Ligand,Out,Packed,DFGin,BLBplus,NTout,CTin,58.89,18.97,14.03,,,5.38,13.62,12.42,,,,,3.33,7.65,7.01,10.47,4.15,9.71,3.99,3.53,3.19,3.53,N/A,0.91
csk-wtcat_apo_seed-1762199_sample-2_model,csk-wtcat_apo/seed-1762199_sample-2,model.cif,A,CSK-WT,Inactive (BLBplus),Unpaired,,,,,,,Intact,No Ligand,Out,Packed,DFGin,BLBplus,NTout,CTin,58.22,18.2,13.74,,,5.37,13.43,12.12,,,,,3.32,7.68,7.01,10.48,4.19,9.78,3.99,3.49,3.28,3.54,N/A,0.91
csk-wtcat_apo_seed-1762199_sample-3_model,csk-wtcat_apo/seed-1762199_sample-3,model.cif,A,CSK-WT,Inactive (BLBplus),Unpaired,,,,,,,Intact,No Ligand,Out,Packed,DFGin,BLBplus,NTin,CTin,59.61,17.04,13.2,,,5.33,13.46,12.51,,,,,3.3,7.74,7.0,10.41,4.11,9.82,4.0,3.48,3.21,3.52,N/A,0.9
csk-wtcat_apo_seed-1762199_sample-4_model,csk-wtcat_apo/seed-1762199_sample-4,model.cif,A,CSK-WT,Inactive (BLBplus),Unpaired,,,,,,,Intact,No Ligand,Out,Packed,DFGin,BLBplus,NTout,CTin,59.02,18.08,13.4,,,5.33,13.54,12.7,,,,,3.31,7.7,6.96,10.36,4.1,9.74,3.73,3.53,2.9,3.51,N/A,0.91
csk-wtcat_apo_seed-1781551_sample-0_model,csk-wtcat_apo/seed-1781551_sample-0,model.cif,A,CSK-WT,Inactive (BLBplus),Unpaired,,,,,,,Intact,No Ligand,Out,Packed,DFGin,BLBplus,NTin,CTin,60.0,16.95,13.3,,,5.5,13.67,12.46,,,,,3.27,7.71,6.95,10.47,4.14,8.97,3.96,3.51,3.29,3.5,N/A,0.91
csk-wtcat_apo_seed-1781551_sample-1_model,csk-wtcat_apo/seed-1781551_sample-1,model.cif,A,CSK-WT,Inactive (BLBplus),Unpaired,,,,,,,Intact,No Ligand,Out,Packed,DFGin,BLBplus,NTout,CTin,58.98,18.2,13.44,,,5.57,13.42,12.07,,,,,3.3,7.69,6.97,10.43,4.15,9.73,3.83,3.54,2.96,3.51,N/A,0.9
csk-wtcat_apo_seed-1781551_sample-2_model,csk-wtcat_apo/seed-1781551_sample-2,model.cif,A,CSK-WT,Inactive (BLAplus),Unpaired,,,,,,,Intact,No Ligand,Out,Packed,DFGin,BLAplus,NTin,CTin,60.11,18.94,13.95,,,5.39,13.48,11.72,,,,,3.26,7.73,6.99,10.38,4.17,9.74,3.97,3.39,3.32,3.5,N/A,0.91
csk-wtcat_apo_seed-1781551_sample-3_model,csk-wtcat_apo/seed-1781551_sample-3,model.cif,A,CSK-WT,Inactive (BLBplus),Unpaired,,,,,,,Intact,No Ligand,Out,Packed,DFGin,BLBplus,NTin,CTin,58.75,17.0,14.14,,,5.64,13.63,11.73,,,,,3.31,7.75,7.02,10.32,4.16,9.74,4.0,3.44,3.35,3.5,N/A,0.91
csk-wtcat_apo_seed-1781551_sample-4_model,csk-wtcat_apo/seed-1781551_sample-4,model.cif,A,CSK-WT,Inactive (BLBplus),Unpaired,,,,,,,Intact,No Ligand,Out,Packed,DFGin,BLBplus,NTout,CTin,59.52,18.36,13.86,,,5.58,13.5,12.65,,,,,3.26,7.7,6.98,10.4,4.04,9.74,3.97,3.53,4.03,3.51,N/A,0.91
csk-wtcat_apo_seed-1795617_sample-0_model,csk-wtcat_apo/seed-1795617_sample-0,model.cif,A,CSK-WT,Inactive (BLBplus),Unpaired,,,,,,,Intact,No Ligand,Out,Packed,DFGin,BLBplus,NTout,CTin,58.51,16.66,13.33,,,5.45,13.46,12.46,,,,,3.29,7.73,7.0,10.35,4.19,9.72,3.95,3.54,3.18,3.51,N/A,0.9
csk-wtcat_apo_seed-1795617_sample-1_model,csk-wtcat_apo/seed-1795617_sample-1,model.cif,A,CSK-WT,Inactive (BLBplus),Unpaired,,,,,,,Intact,No Ligand,Out,Packed,DFGin,BLBplus,NTout,CTin,59.3,18.74,13.21,,,5.39,13.58,12.72,,,,,3.21,7.71,6.96,10.43,4.14,9.81,3.93,3.52,3.23,3.54,N/A,0.91
csk-wtcat_apo_seed-1795617_sample-2_model,csk-wtcat_apo/seed-1795617_sample-2,model.cif,A,CSK-WT,Inactive (BLBplus),Unpaired,,,,,,,Intact,No Ligand,Out,Packed,DFGin,BLBplus,NTout,CTin,60.08,18.48,13.32,,,5.36,13.4,12.17,,,,,3.24,7.64,6.95,10.43,4.13,9.74,3.94,3.53,3.29,3.5,N/A,0.9
csk-wtcat_apo_seed-1795617_sample-3_model,csk-wtcat_apo/seed-1795617_sample-3,model.cif,A,CSK-WT,Inactive (BLBplus),Unpaired,,,,,,,Intact,No Ligand,Out,Packed,DFGin,BLBplus,NTout,CTin,61.13,18.93,13.21,,,5.48,13.67,12.71,,,,,3.26,7.68,6.96,10.48,4.23,8.86,3.94,3.56,3.25,3.53,N/A,0.91
csk-wtcat_apo_seed-1795617_sample-4_model,csk-wtcat_apo/seed-1795617_sample-4,model.cif,A,CSK-WT,Inactive (BLBplus),Unpaired,,,,,,,Intact,No Ligand,Out,Packed,DFGin,BLBplus,NTin,CTin,59.79,17.5,13.47,,,5.68,13.36,12.6,,,,,3.24,7.71,6.97,10.38,4.2,8.87,3.95,3.45,3.25,3.51,N/A,0.91
csk-wtcat_apo_seed-1810084_sample-0_model,csk-wtcat_apo/seed-1810084_sample-0,model.cif,A,CSK-WT,Inactive (BLBplus),Unpaired,,,,,,,Intact,No Ligand,Out,Packed,DFGin,BLBplus,NTin,CTin,57.76,18.61,13.74,,,5.27,13.55,11.57,,,,,3.25,7.67,6.98,10.36,4.22,9.77,3.96,3.51,3.18,3.51,N/A,0.91
csk-wtcat_apo_seed-1810084_sample-1_model,csk-wtcat_apo/seed-1810084_sample-1,model.cif,A,CSK-WT,Inactive (BLBplus),Unpaired,,,,,,,Intact,No Ligand,Out,Packed,DFGin,BLBplus,NTout,CTin,59.87,17.16,13.89,,,5.52,13.48,12.46,,,,,3.32,7.8,7.04,10.4,4.16,9.73,4.49,3.47,3.34,3.5,N/A,0.91
csk-wtcat_apo_seed-1810084_sample-2_model,csk-wtcat_apo/seed-1810084_sample-2,model.cif,A,CSK-WT,Inactive (BLBplus),Unpaired,,,,,,,Intact,No Ligand,Out,Packed,DFGin,BLBplus,NTin,CTin,57.47,18.43,13.9,,,5.4,13.54,11.41,,,,,3.27,7.71,7.0,10.38,4.23,9.75,3.98,3.45,4.09,3.53,N/A,0.91
csk-wtcat_apo_seed-1810084_sample-3_model,csk-wtcat_apo/seed-1810084_sample-3,model.cif,A,CSK-WT,Inactive (BLBplus),Unpaired,,,,,,,Intact,No Ligand,Out,Packed,DFGin,BLBplus,NTin,CTin,60.31,16.47,13.63,,,5.48,13.55,11.64,,,,,3.25,7.8,7.01,10.41,4.2,9.78,4.06,3.46,3.33,3.53,N/A,0.91
csk-wtcat_apo_seed-1810084_sample-4_model,csk-wtcat_apo/seed-1810084_sample-4,model.cif,A,CSK-WT,Inactive (BLBplus),Unpaired,,,,,,,Intact,No Ligand,Out,Packed,DFGin,BLBplus,NTin,CTin,57.82,18.71,14.15,,,5.45,13.69,11.9,,,,,3.28,7.79,6.99,10.37,4.16,9.7,4.04,3.45,3.38,3.53,N/A,0.91
csk-wtcat_apo_seed-1819584_sample-0_model,csk-wtcat_apo/seed-1819584_sample-0,model.cif,A,CSK-WT,Inactive (BLBplus),Unpaired,,,,,,,Intact,No Ligand,Out,Packed,DFGin,BLBplus,NTin,CTin,58.77,16.79,13.94,,,5.51,13.55,11.97,,,,,3.35,7.73,7.04,10.34,4.19,9.69,4.02,3.49,3.34,3.48,N/A,0.91
csk-wtcat_apo_seed-1819584_sample-1_model,csk-wtcat_apo/seed-1819584_sample-1,model.cif,A,CSK-WT,Inactive (BLBplus),Unpaired,,,,,,,Intact,No Ligand,Out,Packed,DFGin,BLBplus,NTin,CTin,58.08,18.48,13.84,,,5.5,13.67,12.8,,,,,3.3,7.75,6.98,10.34,4.16,9.73,3.97,3.5,3.28,3.52,N/A,0.91
csk-wtcat_apo_seed-1819584_sample-2_model,csk-wtcat_apo/seed-1819584_sample-2,model.cif,A,CSK-WT,Inactive (BLBplus),Unpaired,,,,,,,Intact,No Ligand,Out,Packed,DFGin,BLBplus,NTout,CTin,58.26,18.29,13.85,,,5.43,13.65,11.55,,,,,3.32,7.71,6.99,10.4,4.18,9.78,3.98,3.48,3.34,3.51,N/A,0.91
csk-wtcat_apo_seed-1819584_sample-3_model,csk-wtcat_apo/seed-1819584_sample-3,model.cif,A,CSK-WT,Inactive (BLBplus),Unpaired,,,,,,,Intact,No Ligand,Out,Packed,DFGin,BLBplus,NTout,CTin,58.71,18.58,13.86,,,5.41,13.52,11.83,,,,,3.28,7.65,6.97,10.38,4.16,9.68,3.93,3.54,3.17,3.49,N/A,0.91
csk-wtcat_apo_seed-1819584_sample-4_model,csk-wtcat_apo/seed-1819584_sample-4,model.cif,A,CSK-WT,Inactive (BLBplus),Unpaired,,,,,,,Intact,No Ligand,Out,Packed,DFGin,BLBplus,NTout,CTin,59.24,18.99,13.8,,,5.49,13.42,12.64,,,,,3.25,7.67,7.0,10.34,4.16,9.77,4.4,3.41,3.29,3.51,N/A,0.91
csk-wtcat_apo_seed-185542_sample-0_model,csk-wtcat_apo/seed-185542_sample-0,model.cif,A,CSK-WT,Inactive (BLBplus),Unpaired,,,,,,,Intact,No Ligand,Out,Packed,DFGin,BLBplus,NTout,CTin,59.18,18.02,13.44,,,5.42,13.36,12.47,,,,,3.26,7.7,7.01,10.35,4.15,9.75,4.0,3.6,3.2,3.49,N/A,0.9
csk-wtcat_apo_seed-185542_sample-1_model,csk-wtcat_apo/seed-185542_sample-1,model.cif,A,CSK-WT,Inactive (BLBplus),Unpaired,,,,,,,Intact,No Ligand,Out,Packed,DFGin,BLBplus,NTout,CTin,61.17,16.83,13.17,,,5.38,13.44,12.66,,,,,3.31,7.75,7.02,10.37,4.2,9.69,3.98,3.46,3.29,3.5,N/A,0.9
csk-wtcat_apo_seed-185542_sample-2_model,csk-wtcat_apo/seed-185542_sample-2,model.cif,A,CSK-WT,Inactive (BLBplus),Unpaired,,,,,,,Intact,No Ligand,Out,Packed,DFGin,BLBplus,NTin,CTin,59.32,18.1,13.83,,,5.58,13.63,12.99,,,,,3.22,7.71,7.0,10.38,4.14,9.76,4.02,3.5,3.18,3.51,N/A,0.91
csk-wtcat_apo_seed-185542_sample-3_model,csk-wtcat_apo/seed-185542_sample-3,model.cif,A,CSK-WT,Inactive (BLBplus),Unpaired,,,,,,,Intact,No Ligand,Out,Packed,DFGin,BLBplus,NTin,CTin,60.26,17.25,13.93,,,5.59,13.75,13.11,,,,,3.27,7.71,6.98,10.34,4.21,9.79,3.98,3.55,3.25,3.48,N/A,0.91
csk-wtcat_apo_seed-185542_sample-4_model,csk-wtcat_apo/seed-185542_sample-4,model.cif,A,CSK-WT,Inactive (BLBplus),Unpaired,,,,,,,Intact,No Ligand,Out,Packed,DFGin,BLBplus,NTout,CTin,59.0,17.43,13.7,,,5.29,13.46,11.87,,,,,3.23,7.72,6.98,10.31,4.17,9.72,4.45,3.42,3.41,3.49,N/A,0.91
csk-wtcat_apo_seed-1871819_sample-0_model,csk-wtcat_apo/seed-1871819_sample-0,model.cif,A,CSK-WT,Inactive (BLBplus),Unpaired,,,,,,,Intact,No Ligand,Out,Packed,DFGin,BLBplus,NTin,CTin,59.7,17.64,13.66,,,5.52,13.61,11.92,,,,,3.29,7.78,7.01,10.42,4.13,9.77,3.98,3.48,3.01,3.52,N/A,0.91
csk-wtcat_apo_seed-1871819_sample-1_model,csk-wtcat_apo/seed-1871819_sample-1,model.cif,A,CSK-WT,Inactive (BLBplus),Unpaired,,,,,,,Intact,No Ligand,Out,Packed,DFGin,BLBplus,NTin,CTin,59.33,18.1,13.75,,,5.3,13.49,11.44,,,,,3.3,7.74,6.99,10.43,4.17,9.88,3.97,3.44,3.39,3.5,N/A,0.91
csk-wtcat_apo_seed-1871819_sample-2_model,csk-wtcat_apo/seed-1871819_sample-2,model.cif,A,CSK-WT,Inactive (BLBplus),Unpaired,,,,,,,Intact,No Ligand,Out,Packed,DFGin,BLBplus,NTin,CTin,59.67,16.1,13.61,,,5.56,13.55,11.82,,,,,3.31,7.8,7.06,10.4,4.14,9.8,4.13,3.47,3.99,3.54,N/A,0.91
csk-wtcat_apo_seed-1871819_sample-3_model,csk-wtcat_apo/seed-1871819_sample-3,model.cif,A,CSK-WT,Inactive (BLBplus),Unpaired,,,,,,,Intact,No Ligand,Out,Packed,DFGin,BLBplus,NTin,CTin,56.9,19.9,14.13,,,5.49,13.68,11.87,,,,,3.29,7.71,7.02,10.41,4.23,9.76,3.94,3.55,3.64,3.52,N/A,0.91
csk-wtcat_apo_seed-1871819_sample-4_model,csk-wtcat_apo/seed-1871819_sample-4,model.cif,A,CSK-WT,Inactive (BLBplus),Unpaired,,,,,,,Intact,No Ligand,Out,Packed,DFGin,BLBplus,NTin,CTin,59.41,17.81,13.46,,,5.58,13.47,12.34,,,,,3.24,7.72,7.01,10.46,4.18,9.82,3.99,3.48,3.28,3.51,N/A,0.91
csk-wtcat_apo_seed-1911650_sample-0_model,csk-wtcat_apo/seed-1911650_sample-0,model.cif,A,CSK-WT,Inactive (BLBplus),Unpaired,,,,,,,Intact,No Ligand,Out,Packed,DFGin,BLBplus,NTout,CTin,61.02,17.44,13.61,,,5.61,13.4,13.17,,,,,3.31,7.69,6.98,10.38,4.16,9.82,3.96,3.46,3.27,3.49,N/A,0.91
csk-wtcat_apo_seed-1911650_sample-1_model,csk-wtcat_apo/seed-1911650_sample-1,model.cif,A,CSK-WT,Inactive (BLBplus),Unpaired,,,,,,,Intact,No Ligand,Out,Packed,DFGin,BLBplus,NTin,CTin,57.96,16.38,13.84,,,5.38,13.76,11.55,,,,,3.28,7.75,7.03,10.41,4.21,9.7,4.03,3.47,3.34,3.54,N/A,0.91
csk-wtcat_apo_seed-1911650_sample-2_model,csk-wtcat_apo/seed-1911650_sample-2,model.cif,A,CSK-WT,Inactive (BLBplus),Unpaired,,,,,,,Intact,No Ligand,Out,Packed,DFGin,BLBplus,NTout,CTin,60.04,17.09,13.22,,,5.41,13.59,12.43,,,,,3.31,7.74,6.98,10.37,4.16,9.69,3.98,3.47,3.22,3.5,N/A,0.9
csk-wtcat_apo_seed-1911650_sample-3_model,csk-wtcat_apo/seed-1911650_sample-3,model.cif,A,CSK-WT,Inactive (BLBplus),Unpaired,,,,,,,Intact,No Ligand,Out,Packed,DFGin,BLBplus,NTin,CTin,59.2,17.98,13.26,,,5.59,13.59,12.26,,,,,3.29,7.77,7.0,10.35,4.16,9.64,3.95,3.47,2.91,3.53,N/A,0.9
csk-wtcat_apo_seed-1911650_sample-4_model,csk-wtcat_apo/seed-1911650_sample-4,model.cif,A,CSK-WT,Inactive (BLBplus),Unpaired,,,,,,,Intact,No Ligand,Out,Packed,DFGin,BLBplus,NTin,CTin,64.29,15.2,14.06,,,5.75,13.53,13.58,,,,,3.23,7.65,6.97,10.44,4.15,9.74,3.95,3.49,3.18,3.51,N/A,0.9
csk-wtcat_apo_seed-1927465_sample-0_model,csk-wtcat_apo/seed-1927465_sample-0,model.cif,A,CSK-WT,Inactive (BLBplus),Unpaired,,,,,,,Intact,No Ligand,Out,Packed,DFGin,BLBplus,NTin,CTin,59.27,17.04,13.9,,,5.66,13.51,12.0,,,,,3.27,7.74,7.01,10.37,4.15,9.81,4.01,3.45,3.37,3.53,N/A,0.91
csk-wtcat_apo_seed-1927465_sample-1_model,csk-wtcat_apo/seed-1927465_sample-1,model.cif,A,CSK-WT,Inactive (BLBplus),Unpaired,,,,,,,Intact,No Ligand,Out,Packed,DFGin,BLBplus,NTout,CTin,59.69,18.71,13.45,,,5.59,13.81,12.15,,,,,3.26,7.75,7.03,10.38,4.15,9.7,4.05,3.49,3.26,3.53,N/A,0.91
csk-wtcat_apo_seed-1927465_sample-2_model,csk-wtcat_apo/seed-1927465_sample-2,model.cif,A,CSK-WT,Inactive (BLBplus),Unpaired,,,,,,,Intact,No Ligand,Out,Packed,DFGin,BLBplus,NTin,CTin,59.06,18.73,13.54,,,5.38,13.64,12.14,,,,,3.22,7.71,6.99,10.35,4.13,9.79,3.99,3.53,3.22,3.51,N/A,0.91
csk-wtcat_apo_seed-1927465_sample-3_model,csk-wtcat_apo/seed-1927465_sample-3,model.cif,A,CSK-WT,Inactive (BLBplus),Unpaired,,,,,,,Intact,No Ligand,Out,Packed,DFGin,BLBplus,NTin,CTin,57.54,17.97,13.7,,,5.33,13.82,10.78,,,,,3.24,7.72,6.97,10.39,4.2,9.75,4.01,3.46,3.3,3.51,N/A,0.91
csk-wtcat_apo_seed-1927465_sample-4_model,csk-wtcat_apo/seed-1927465_sample-4,model.cif,A,CSK-WT,Inactive (BLBplus),Unpaired,,,,,,,Intact,No Ligand,Out,Packed,DFGin,BLBplus,NTin,CTin,59.25,18.77,13.87,,,5.43,13.66,12.5,,,,,3.26,7.66,6.97,10.41,4.18,9.74,3.95,3.49,3.19,3.51,N/A,0.91
csk-wtcat_apo_seed-1987653_sample-0_model,csk-wtcat_apo/seed-1987653_sample-0,model.cif,A,CSK-WT,Inactive (BLBplus),Unpaired,,,,,,,Intact,No Ligand,Out,Packed,DFGin,BLBplus,NTout,CTin,59.2,16.7,13.16,,,5.4,13.59,12.19,,,,,3.3,7.68,6.98,10.4,4.13,9.72,3.97,3.49,3.34,3.51,N/A,0.9
csk-wtcat_apo_seed-1987653_sample-1_model,csk-wtcat_apo/seed-1987653_sample-1,model.cif,A,CSK-WT,Inactive (BLBplus),Unpaired,,,,,,,Intact,No Ligand,Out,Packed,DFGin,BLBplus,NTin,CTin,61.23,17.7,13.61,,,5.57,13.55,12.69,,,,,3.26,7.8,7.04,10.49,4.15,9.83,4.06,3.47,3.38,3.55,N/A,0.9
csk-wtcat_apo_seed-1987653_sample-2_model,csk-wtcat_apo/seed-1987653_sample-2,model.cif,A,CSK-WT,Inactive (BLBplus),Unpaired,,,,,,,Intact,No Ligand,Out,Packed,DFGin,BLBplus,NTin,CTin,60.0,17.39,13.91,,,5.58,13.56,12.58,,,,,3.28,7.71,7.02,10.47,4.13,9.46,3.96,3.56,3.24,3.53,N/A,0.91
csk-wtcat_apo_seed-1987653_sample-3_model,csk-wtcat_apo/seed-1987653_sample-3,model.cif,A,CSK-WT,Inactive (BLBplus),Unpaired,,,,,,,Intact,No Ligand,Out,Packed,DFGin,BLBplus,NTin,CTin,59.16,17.45,14.24,,,5.53,13.67,12.49,,,,,3.33,7.65,6.96,10.33,4.07,9.76,3.92,3.58,3.31,3.51,N/A,0.9
csk-wtcat_apo_seed-1987653_sample-4_model,csk-wtcat_apo/seed-1987653_sample-4,model.cif,A,CSK-WT,Inactive (BLBplus),Unpaired,,,,,,,Intact,No Ligand,Out,Packed,DFGin,BLBplus,NTin,CTin,59.08,16.62,13.52,,,5.63,13.56,12.27,,,,,3.24,7.7,7.03,10.35,4.14,9.75,4.42,3.52,3.33,3.49,N/A,0.9
csk-wtcat_apo_seed-25902_sample-0_model,csk-wtcat_apo/seed-25902_sample-0,model.cif,A,CSK-WT,Inactive (BLBplus),Unpaired,,,,,,,Intact,No Ligand,Out,Packed,DFGin,BLBplus,NTout,CTin,57.65,19.2,13.9,,,5.34,13.69,11.28,,,,,3.27,7.73,7.0,10.45,4.22,9.75,4.02,3.47,3.37,3.54,N/A,0.91
csk-wtcat_apo_seed-25902_sample-1_model,csk-wtcat_apo/seed-25902_sample-1,model.cif,A,CSK-WT,Inactive (BLBplus),Unpaired,,,,,,,Intact,No Ligand,Out,Packed,DFGin,BLBplus,NTin,CTin,57.46,19.4,14.05,,,5.38,13.64,10.79,,,,,3.31,7.77,7.05,10.39,4.17,9.74,3.99,3.52,2.91,3.53,N/A,0.91
csk-wtcat_apo_seed-25902_sample-2_model,csk-wtcat_apo/seed-25902_sample-2,model.cif,A,CSK-WT,Inactive (BLBplus),Unpaired,,,,,,,Intact,No Ligand,Out,Packed,DFGin,BLBplus,NTout,CTin,57.86,18.66,14.48,,,5.52,13.77,11.49,,,,,3.37,7.75,7.0,10.38,4.25,9.72,3.98,3.53,3.31,3.53,N/A,0.91
csk-wtcat_apo_seed-25902_sample-3_model,csk-wtcat_apo/seed-25902_sample-3,model.cif,A,CSK-WT,Inactive (BLBplus),Unpaired,,,,,,,Intact,No Ligand,Out,Packed,DFGin,BLBplus,NTout,CTin,63.64,15.89,13.67,,,5.33,13.57,11.26,,,,,3.31,7.82,7.07,10.35,4.19,9.79,4.16,3.45,3.47,3.53,N/A,0.91
csk-wtcat_apo_seed-25902_sample-4_model,csk-wtcat_apo/seed-25902_sample-4,model.cif,A,CSK-WT,Inactive (BLBplus),Unpaired,,,,,,,Intact,No Ligand,Out,Packed,DFGin,BLBplus,NTout,CTin,59.57,18.56,13.51,,,5.37,13.44,12.2,,,,,3.23,7.75,7.05,10.36,4.19,9.73,4.04,3.42,3.33,3.5,N/A,0.91
csk-wtcat_apo_seed-449594_sample-0_model,csk-wtcat_apo/seed-449594_sample-0,model.cif,A,CSK-WT,Inactive (BLBplus),Unpaired,,,,,,,Intact,No Ligand,Out,Packed,DFGin,BLBplus,NTout,CTin,60.23,17.39,13.81,,,5.46,13.62,12.32,,,,,3.2,7.71,6.97,10.27,4.12,9.66,3.97,3.57,3.15,3.51,N/A,0.91
csk-wtcat_apo_seed-449594_sample-1_model,csk-wtcat_apo/seed-449594_sample-1,model.cif,A,CSK-WT,Inactive (BLBplus),Unpaired,,,,,,,Intact,No Ligand,Out,Packed,DFGin,BLBplus,NTin,CTin,60.41,17.48,13.92,,,5.79,13.5,12.65,,,,,3.19,7.69,6.98,10.38,4.18,9.72,3.94,3.52,3.33,3.52,N/A,0.91
csk-wtcat_apo_seed-449594_sample-2_model,csk-wtcat_apo/seed-449594_sample-2,model.cif,A,CSK-WT,Inactive (BLBplus),Unpaired,,,,,,,Intact,No Ligand,Out,Packed,DFGin,BLBplus,NTout,CTin,59.33,17.83,13.31,,,5.57,13.4,12.54,,,,,3.29,7.78,7.02,10.39,4.11,9.83,3.94,3.53,2.97,3.53,N/A,0.91
csk-wtcat_apo_seed-449594_sample-3_model,csk-wtcat_apo/seed-449594_sample-3,model.cif,A,CSK-WT,Inactive (BLBplus),Unpaired,,,,,,,Intact,No Ligand,Out,Packed,DFGin,BLBplus,NTin,CTin,60.59,18.36,13.97,,,5.58,13.61,12.75,,,,,3.32,7.71,7.02,10.34,4.17,9.7,3.97,3.53,3.21,3.54,N/A,0.91
csk-wtcat_apo_seed-449594_sample-4_model,csk-wtcat_apo/seed-449594_sample-4,model.cif,A,CSK-WT,Inactive (BLBplus),Unpaired,,,,,,,Intact,No Ligand,Out,Packed,DFGin,BLBplus,NTin,CTin,58.59,17.5,14.1,,,5.6,13.47,12.34,,,,,3.22,7.74,6.99,10.41,4.2,9.86,3.99,3.5,3.22,3.53,N/A,0.91
csk-wtcat_apo_seed-567525_sample-0_model,csk-wtcat_apo/seed-567525_sample-0,model.cif,A,CSK-WT,Inactive (BLBplus),Unpaired,,,,,,,Intact,No Ligand,Out,Packed,DFGin,BLBplus,NTin,CTin,57.81,18.25,14.38,,,5.47,13.56,11.91,,,,,3.21,7.68,6.98,10.37,4.2,9.79,3.98,3.5,3.32,3.52,N/A,0.91
csk-wtcat_apo_seed-567525_sample-1_model,csk-wtcat_apo/seed-567525_sample-1,model.cif,A,CSK-WT,Inactive (BLBplus),Unpaired,,,,,,,Intact,No Ligand,Out,Packed,DFGin,BLBplus,NTin,CTin,58.74,18.01,13.86,,,5.65,13.65,11.93,,,,,3.31,7.71,7.05,10.31,4.2,9.75,4.03,3.46,3.27,3.5,N/A,0.91
csk-wtcat_apo_seed-567525_sample-2_model,csk-wtcat_apo/seed-567525_sample-2,model.cif,A,CSK-WT,Inactive (BLBplus),Unpaired,,,,,,,Intact,No Ligand,Out,Packed,DFGin,BLBplus,NTout,CTin,57.0,20.27,14.22,,,5.41,13.65,12.93,,,,,3.28,7.64,6.89,10.38,4.12,9.76,3.89,3.52,3.28,3.51,N/A,0.91
csk-wtcat_apo_seed-567525_sample-3_model,csk-wtcat_apo/seed-567525_sample-3,model.cif,A,CSK-WT,Inactive (BLBplus),Unpaired,,,,,,,Intact,No Ligand,Out,Packed,DFGin,BLBplus,NTout,CTin,59.21,17.58,13.42,,,5.51,13.46,12.17,,,,,3.29,7.72,6.98,10.31,4.22,9.73,4.01,3.49,3.31,3.5,N/A,0.91
csk-wtcat_apo_seed-567525_sample-4_model,csk-wtcat_apo/seed-567525_sample-4,model.cif,A,CSK-WT,Inactive (BLBplus),Unpaired,,,,,,,Intact,No Ligand,Out,Packed,DFGin,BLBplus,NTin,CTin,57.41,18.58,13.78,,,5.39,13.44,11.58,,,,,3.28,7.73,7.02,10.38,4.16,9.7,4.02,3.42,3.46,3.53,N/A,0.91
csk-wtcat_apo_seed-587175_sample-0_model,csk-wtcat_apo/seed-587175_sample-0,model.cif,A,CSK-WT,Inactive (BLBplus),Unpaired,,,,,,,Intact,No Ligand,Out,Packed,DFGin,BLBplus,NTout,CTin,59.56,18.11,13.37,,,5.44,13.49,11.85,,,,,3.24,7.74,6.99,10.31,4.17,9.63,3.99,3.47,3.23,3.51,N/A,0.91
csk-wtcat_apo_seed-587175_sample-1_model,csk-wtcat_apo/seed-587175_sample-1,model.cif,A,CSK-WT,Inactive (BLBplus),Unpaired,,,,,,,Intact,No Ligand,Out,Packed,DFGin,BLBplus,NTin,CTin,58.88,18.48,13.2,,,5.73,13.5,12.71,,,,,3.28,7.73,7.01,10.45,4.18,9.73,4.01,3.45,3.23,3.5,N/A,0.91
csk-wtcat_apo_seed-587175_sample-2_model,csk-wtcat_apo/seed-587175_sample-2,model.cif,A,CSK-WT,Inactive (BLBplus),Unpaired,,,,,,,Intact,No Ligand,Out,Packed,DFGin,BLBplus,NTout,CTin,59.62,16.5,13.18,,,5.53,13.47,12.05,,,,,3.23,7.77,7.01,10.39,4.15,9.66,4.03,3.5,3.27,3.51,N/A,0.91
csk-wtcat_apo_seed-587175_sample-3_model,csk-wtcat_apo/seed-587175_sample-3,model.cif,A,CSK-WT,Inactive (BLBplus),Unpaired,,,,,,,Intact,No Ligand,Out,Packed,DFGin,BLBplus,NTout,CTin,58.09,17.91,13.69,,,5.31,13.56,10.76,,,,,3.3,7.75,7.0,10.39,4.19,9.72,4.01,3.46,3.25,3.51,N/A,0.91
csk-wtcat_apo_seed-587175_sample-4_model,csk-wtcat_apo/seed-587175_sample-4,model.cif,A,CSK-WT,Inactive (BLBplus),Unpaired,,,,,,,Intact,No Ligand,Out,Packed,DFGin,BLBplus,NTin,CTin,60.3,16.28,13.31,,,5.73,13.57,13.32,,,,,3.26,7.74,7.01,10.3,4.13,9.68,3.99,3.57,3.2,3.52,N/A,0.91
csk-wtcat_apo_seed-649741_sample-0_model,csk-wtcat_apo/seed-649741_sample-0,model.cif,A,CSK-WT,Inactive (BLBplus),Unpaired,,,,,,,Intact,No Ligand,Out,Packed,DFGin,BLBplus,NTin,CTin,58.9,18.84,14.18,,,5.76,13.66,13.18,,,,,3.28,7.67,7.03,10.45,4.12,8.94,3.96,3.47,3.29,3.51,N/A,0.91
csk-wtcat_apo_seed-649741_sample-1_model,csk-wtcat_apo/seed-649741_sample-1,model.cif,A,CSK-WT,Inactive (BLBplus),Unpaired,,,,,,,Intact,No Ligand,Out,Packed,DFGin,BLBplus,NTin,CTin,62.96,17.29,13.94,,,5.54,13.71,12.96,,,,,3.36,7.74,7.01,10.34,4.18,9.68,3.96,3.5,3.29,3.52,N/A,0.91
csk-wtcat_apo_seed-649741_sample-2_model,csk-wtcat_apo/seed-649741_sample-2,model.cif,A,CSK-WT,Inactive (BLBplus),Unpaired,,,,,,,Intact,No Ligand,Out,Packed,DFGin,BLBplus,NTin,CTin,58.58,16.36,13.87,,,5.8,13.59,11.78,,,,,3.3,7.77,7.02,10.37,4.23,9.83,4.0,3.39,3.41,3.52,N/A,0.9
csk-wtcat_apo_seed-649741_sample-3_model,csk-wtcat_apo/seed-649741_sample-3,model.cif,A,CSK-WT,Inactive (BLBplus),Unpaired,,,,,,,Intact,No Ligand,Out,Packed,DFGin,BLBplus,NTin,CTin,59.21,17.81,13.6,,,5.67,13.52,12.51,,,,,3.29,7.7,6.99,10.4,4.21,9.82,3.97,3.54,3.2,3.53,N/A,0.91
csk-wtcat_apo_seed-649741_sample-4_model,csk-wtcat_apo/seed-649741_sample-4,model.cif,A,CSK-WT,Inactive (BLBplus),Unpaired,,,,,,,Intact,No Ligand,Out,Packed,DFGin,BLBplus,NTin,CTin,60.22,17.65,13.55,,,5.72,13.51,12.79,,,,,3.26,7.73,7.02,10.46,4.24,8.92,3.94,3.53,3.32,3.51,N/A,0.9
csk-wtcat_apo_seed-670992_sample-0_model,csk-wtcat_apo/seed-670992_sample-0,model.cif,A,CSK-WT,Inactive (BLBplus),Unpaired,,,,,,,Intact,No Ligand,Out,Packed,DFGin,BLBplus,NTin,CTin,58.4,19.76,13.9,,,5.38,13.73,11.87,,,,,3.29,7.69,6.97,10.44,4.16,8.91,3.94,3.49,3.25,3.53,N/A,0.91
csk-wtcat_apo_seed-670992_sample-1_model,csk-wtcat_apo/seed-670992_sample-1,model.cif,A,CSK-WT,Inactive (BLBplus),Unpaired,,,,,,,Intact,No Ligand,Out,Packed,DFGin,BLBplus,NTout,CTin,58.75,17.83,13.9,,,5.47,13.61,11.82,,,,,3.31,7.76,7.03,10.39,4.21,9.74,4.01,3.47,3.34,3.53,N/A,0.91
csk-wtcat_apo_seed-670992_sample-2_model,csk-wtcat_apo/seed-670992_sample-2,model.cif,A,CSK-WT,Inactive (BLBplus),Unpaired,,,,,,,Intact,No Ligand,Out,Packed,DFGin,BLBplus,NTin,CTin,59.36,17.77,13.93,,,5.49,13.6,13.04,,,,,3.32,7.72,7.01,10.41,4.19,9.72,4.0,3.54,3.19,3.54,N/A,0.9
csk-wtcat_apo_seed-670992_sample-3_model,csk-wtcat_apo/seed-670992_sample-3,model.cif,A,CSK-WT,Inactive (BLBplus),Unpaired,,,,,,,Intact,No Ligand,Out,Packed,DFGin,BLBplus,NTin,CTin,64.61,15.43,14.0,,,5.35,13.71,12.57,,,,,3.29,7.66,6.97,10.32,4.2,9.67,3.93,3.51,3.26,3.49,N/A,0.91
csk-wtcat_apo_seed-670992_sample-4_model,csk-wtcat_apo/seed-670992_sample-4,model.cif,A,CSK-WT,Inactive (BLBplus),Unpaired,,,,,,,Intact,No Ligand,Out,Packed,DFGin,BLBplus,NTout,CTin,58.54,18.52,13.65,,,5.53,13.53,11.77,,,,,3.27,7.67,7.0,10.43,4.25,9.69,3.94,3.51,3.25,3.5,N/A,0.91
csk-wtcat_apo_seed-765635_sample-0_model,csk-wtcat_apo/seed-765635_sample-0,model.cif,A,CSK-WT,Inactive (BLBplus),Unpaired,,,,,,,Intact,No Ligand,Out,Packed,DFGin,BLBplus,NTin,CTin,58.94,17.64,13.69,,,5.57,13.51,12.38,,,,,3.29,7.7,7.03,10.35,4.2,9.73,3.94,3.48,3.18,3.51,N/A,0.91
csk-wtcat_apo_seed-765635_sample-1_model,csk-wtcat_apo/seed-765635_sample-1,model.cif,A,CSK-WT,Inactive (BLBplus),Unpaired,,,,,,,Intact,No Ligand,Out,Packed,DFGin,BLBplus,NTin,CTin,58.75,16.74,14.14,,,5.61,13.58,11.97,,,,,3.31,7.72,7.05,10.35,4.22,9.75,3.99,3.49,3.27,3.52,N/A,0.91
csk-wtcat_apo_seed-765635_sample-2_model,csk-wtcat_apo/seed-765635_sample-2,model.cif,A,CSK-WT,Inactive (BLBplus),Unpaired,,,,,,,Intact,No Ligand,Out,Packed,DFGin,BLBplus,NTout,CTin,63.12,16.48,14.18,,,5.44,13.81,12.66,,,,,3.31,7.73,7.05,10.39,4.19,9.75,4.03,3.48,3.32,3.5,N/A,0.91
csk-wtcat_apo_seed-765635_sample-3_model,csk-wtcat_apo/seed-765635_sample-3,model.cif,A,CSK-WT,Inactive (BLBplus),Unpaired,,,,,,,Intact,No Ligand,Out,Packed,DFGin,BLBplus,NTout,CTin,58.6,17.43,13.64,,,5.53,13.53,12.3,,,,,3.26,7.69,7.01,10.41,4.16,9.84,4.0,3.54,3.31,3.51,N/A,0.91
csk-wtcat_apo_seed-765635_sample-4_model,csk-wtcat_apo/seed-765635_sample-4,model.cif,A,CSK-WT,Inactive (BLBplus),Unpaired,,,,,,,Intact,No Ligand,Out,Packed,DFGin,BLBplus,NTout,CTin,58.1,18.84,13.86,,,5.24,13.84,11.91,,,,,3.32,7.7,6.99,10.33,4.2,9.74,3.99,3.54,3.21,3.5,N/A,0.91
csk-wtcat_apo_seed-778739_sample-0_model,csk-wtcat_apo/seed-778739_sample-0,model.cif,A,CSK-WT,Inactive (BLBplus),Unpaired,,,,,,,Intact,No Ligand,Out,Packed,DFGin,BLBplus,NTout,CTin,56.65,18.39,14.23,,,5.33,13.74,11.97,,,,,3.26,7.66,6.96,10.33,4.21,9.66,3.91,3.52,3.19,3.52,N/A,0.91
csk-wtcat_apo_seed-778739_sample-1_model,csk-wtcat_apo/seed-778739_sample-1,model.cif,A,CSK-WT,Inactive (BLBplus),Unpaired,,,,,,,Intact,No Ligand,Out,Packed,DFGin,BLBplus,NTout,CTin,61.45,17.02,13.5,,,5.52,13.47,13.06,,,,,3.3,7.75,6.99,10.35,4.17,9.77,3.95,3.46,3.25,3.52,N/A,0.91
csk-wtcat_apo_seed-778739_sample-2_model,csk-wtcat_apo/seed-778739_sample-2,model.cif,A,CSK-WT,Inactive (BLBplus),Unpaired,,,,,,,Intact,No Ligand,Out,Packed,DFGin,BLBplus,NTin,CTin,59.0,16.86,13.68,,,5.49,13.53,12.11,,,,,3.28,7.72,7.01,10.35,4.17,9.72,3.98,3.47,3.29,3.52,N/A,0.91
csk-wtcat_apo_seed-778739_sample-3_model,csk-wtcat_apo/seed-778739_sample-3,model.cif,A,CSK-WT,Inactive (BLBplus),Unpaired,,,,,,,Intact,No Ligand,Out,Packed,DFGin,BLBplus,NTin,CTin,59.25,16.67,13.96,,,5.42,13.58,11.48,,,,,3.28,7.73,6.98,10.33,4.22,9.71,3.98,3.47,3.35,3.51,N/A,0.91
csk-wtcat_apo_seed-778739_sample-4_model,csk-wtcat_apo/seed-778739_sample-4,model.cif,A,CSK-WT,Inactive (BLBplus),Unpaired,,,,,,,Intact,No Ligand,Out,Packed,DFGin,BLBplus,NTin,CTin,58.61,18.14,13.26,,,5.41,13.37,12.31,,,,,3.27,7.73,6.99,10.35,4.19,9.69,3.98,3.44,3.24,3.51,N/A,0.9
csk-wtcat_apo_seed-787765_sample-0_model,csk-wtcat_apo/seed-787765_sample-0,model.cif,A,CSK-WT,Inactive (BLBplus),Unpaired,,,,,,,Intact,No Ligand,Out,Packed,DFGin,BLBplus,NTin,CTin,58.07,16.69,13.92,,,5.56,13.65,11.87,,,,,3.23,7.72,7.02,10.51,4.19,9.05,4.01,3.53,3.33,3.5,N/A,0.91
csk-wtcat_apo_seed-787765_sample-1_model,csk-wtcat_apo/seed-787765_sample-1,model.cif,A,CSK-WT,Inactive (BLBplus),Unpaired,,,,,,,Intact,No Ligand,Out,Packed,DFGin,BLBplus,NTout,CTin,58.73,18.96,13.79,,,5.46,13.5,12.67,,,,,3.27,7.66,7.05,10.43,4.17,9.75,3.99,3.46,3.26,3.51,N/A,0.91
csk-wtcat_apo_seed-787765_sample-2_model,csk-wtcat_apo/seed-787765_sample-2,model.cif,A,CSK-WT,Inactive (BLBplus),Unpaired,,,,,,,Intact,No Ligand,Out,Packed,DFGin,BLBplus,NTin,CTin,59.37,17.29,13.8,,,5.51,13.51,12.45,,,,,3.25,7.66,6.98,10.32,4.17,9.7,3.88,3.54,3.17,3.48,N/A,0.9
csk-wtcat_apo_seed-787765_sample-3_model,csk-wtcat_apo/seed-787765_sample-3,model.cif,A,CSK-WT,Inactive (BLBplus),Unpaired,,,,,,,Intact,No Ligand,Out,Packed,DFGin,BLBplus,NTin,CTin,57.82,19.04,13.84,,,5.33,13.65,12.28,,,,,3.31,7.78,7.04,10.27,4.18,9.68,3.98,3.52,3.16,3.49,N/A,0.91
csk-wtcat_apo_seed-787765_sample-4_model,csk-wtcat_apo/seed-787765_sample-4,model.cif,A,CSK-WT,Inactive (BLBplus),Unpaired,,,,,,,Intact,No Ligand,Out,Packed,DFGin,BLBplus,NTout,CTin,58.75,18.23,13.54,,,5.48,13.45,12.74,,,,,3.25,7.68,7.0,10.34,4.18,9.75,3.97,3.54,3.21,3.5,N/A,0.9
csk-wtcat_apo_seed-8269_sample-0_model,csk-wtcat_apo/seed-8269_sample-0,model.cif,A,CSK-WT,Inactive (BLAplus),Unpaired,,,,,,,Intact,No Ligand,Out,Packed,DFGin,BLAplus,NTin,CTin,59.59,17.1,13.28,,,5.21,13.61,12.03,,,,,3.28,7.8,7.06,10.36,4.14,9.75,4.07,3.44,3.4,3.51,N/A,0.9
csk-wtcat_apo_seed-8269_sample-1_model,csk-wtcat_apo/seed-8269_sample-1,model.cif,A,CSK-WT,Inactive (BLBplus),Unpaired,,,,,,,Intact,No Ligand,Out,Packed,DFGin,BLBplus,NTout,CTin,60.41,17.45,13.34,,,5.58,13.59,13.62,,,,,3.28,7.69,6.98,10.35,4.12,9.67,3.72,3.49,2.55,3.5,N/A,0.9
csk-wtcat_apo_seed-8269_sample-2_model,csk-wtcat_apo/seed-8269_sample-2,model.cif,A,CSK-WT,Inactive (BLBplus),Unpaired,,,,,,,Intact,No Ligand,Out,Packed,DFGin,BLBplus,NTout,CTin,59.19,19.48,13.16,,,5.46,13.49,12.97,,,,,3.3,7.7,7.03,10.47,4.17,9.66,3.99,3.54,3.17,3.52,N/A,0.9
csk-wtcat_apo_seed-8269_sample-3_model,csk-wtcat_apo/seed-8269_sample-3,model.cif,A,CSK-WT,Inactive (BLBplus),Unpaired,,,,,,,Intact,No Ligand,Out,Packed,DFGin,BLBplus,NTout,CTin,58.84,19.72,14.01,,,5.4,13.62,12.72,,,,,3.29,7.64,6.97,10.29,4.04,9.67,3.99,3.51,3.26,3.51,N/A,0.9
csk-wtcat_apo_seed-8269_sample-4_model,csk-wtcat_apo/seed-8269_sample-4,model.cif,A,CSK-WT,Inactive (BLBplus),Unpaired,,,,,,,Intact,No Ligand,Out,Packed,DFGin,BLBplus,NTin,CTin,59.29,17.12,13.75,,,5.66,13.5,12.4,,,,,3.28,7.71,7.03,10.43,4.17,9.79,3.99,3.55,3.27,3.55,N/A,0.9
csk-wtcat_holo_seed-1010778_sample-0_model,csk-wtcat_holo/seed-1010778_sample-0,model.cif,A,CSK-WT,Inactive (BLBplus),Unpaired,,,,,,,Intact,Intact,Out,Packed,DFGin,BLBplus,NTin,CTin,56.38,40.23,14.88,11.92,135.51,5.85,13.2,17.16,2.91,2.11,2.96,3.71,3.52,4.01,7.13,10.16,3.98,8.27,3.82,3.71,3.36,3.44,0.95,0.92
csk-wtcat_holo_seed-1010778_sample-1_model,csk-wtcat_holo/seed-1010778_sample-1,model.cif,A,CSK-WT,Inactive (BLBplus),Unpaired,,,,,,,Intact,Intact,Out,Packed,DFGin,BLBplus,NTout,CTin,58.34,23.16,13.86,10.7,130.48,5.45,13.21,13.82,3.33,1.98,2.65,3.2,3.5,4.08,7.09,10.21,4.07,9.4,3.98,3.75,3.2,3.56,0.94,0.9
csk-wtcat_holo_seed-1010778_sample-2_model,csk-wtcat_holo/seed-1010778_sample-2,model.cif,A,CSK-WT,Inactive (BLAplus),Unpaired,,,,,,,Broken,Intact,Out,Packed,DFGin,BLAplus,NTin,CTin,57.6,41.32,15.69,11.57,129.63,6.2,13.44,17.28,3.91,1.98,2.92,3.54,3.47,4.07,7.09,10.39,4.0,8.95,3.85,3.71,3.34,3.63,0.94,0.91
csk-wtcat_holo_seed-1010778_sample-3_model,csk-wtcat_holo/seed-1010778_sample-3,model.cif,A,CSK-WT,Inactive (BLBplus),Unpaired,,,,,,,Intact,Intact,Out,Packed,DFGin,BLBplus,NTin,CTin,59.61,22.81,12.88,10.46,125.93,5.92,12.87,15.66,2.92,1.96,2.65,3.34,3.58,4.0,7.13,10.28,4.2,9.55,3.86,3.3,3.33,3.55,0.94,0.9
csk-wtcat_holo_seed-1010778_sample-4_model,csk-wtcat_holo/seed-1010778_sample-4,model.cif,A,CSK-WT,Inactive (BLAplus),Unpaired,,,,,,,Intact,Intact,Out,Packed,DFGin,BLAplus,NTin,CTin,59.42,37.15,14.44,10.91,127.84,5.87,13.3,16.96,4.06,1.99,3.06,3.0,3.55,4.12,7.08,10.09,4.2,8.69,4.45,3.59,3.36,3.5,0.94,0.91
csk-wtcat_holo_seed-1036017_sample-0_model,csk-wtcat_holo/seed-1036017_sample-0,model.cif,A,CSK-WT,Inactive (BLAplus),Unpaired,,,,,,,Broken,Intact,Out,Packed,DFGin,BLAplus,NTin,CTin,54.02,43.85,14.4,10.75,130.09,6.03,13.45,16.83,4.26,1.94,2.71,2.72,3.27,4.0,7.15,10.12,3.93,8.7,3.85,3.76,3.39,3.47,0.95,0.92
csk-wtcat_holo_seed-1036017_sample-1_model,csk-wtcat_holo/seed-1036017_sample-1,model.cif,A,CSK-WT,Inactive (BLBplus),Unpaired,,,,,,,Intact,Intact,Out,Packed,DFGin,BLBplus,NTout,CTin,60.78,19.67,13.85,10.52,127.03,5.67,13.03,14.74,3.38,1.95,2.64,3.27,3.31,4.07,7.13,10.26,4.11,9.51,3.91,3.75,3.16,3.59,0.93,0.91
csk-wtcat_holo_seed-1036017_sample-2_model,csk-wtcat_holo/seed-1036017_sample-2,model.cif,A,CSK-WT,Inactive (BLAplus),Unpaired,,,,,,,Intact,Intact,Out,Packed,DFGin,BLAplus,NTin,CTin,55.65,43.17,14.88,11.07,136.25,6.29,13.58,16.76,3.24,2.02,2.59,3.25,3.5,4.15,7.1,10.21,4.0,9.29,3.86,3.78,3.41,3.49,0.94,0.91
csk-wtcat_holo_seed-1036017_sample-3_model,csk-wtcat_holo/seed-1036017_sample-3,model.cif,A,CSK-WT,Inactive (BLBplus),Unpaired,,,,,,,Intact,Intact,Out,Packed,DFGin,BLBplus,NTout,CTin,57.97,21.15,13.72,10.61,133.12,5.66,13.29,16.65,3.36,1.81,2.3,3.22,3.39,4.18,7.1,10.33,4.18,9.52,3.91,3.66,3.3,3.62,0.93,0.9
csk-wtcat_holo_seed-1036017_sample-4_model,csk-wtcat_holo/seed-1036017_sample-4,model.cif,A,CSK-WT,Inactive (BLBplus),Unpaired,,,,,,,Broken,Intact,Out,Packed,DFGin,BLBplus,NTin,CTin,55.13,45.59,13.88,10.87,130.73,5.87,13.71,17.2,3.23,2.1,3.05,3.33,3.5,4.13,7.05,10.41,4.16,8.73,3.91,3.65,3.33,3.5,0.95,0.92
csk-wtcat_holo_seed-1063242_sample-0_model,csk-wtcat_holo/seed-1063242_sample-0,model.cif,A,CSK-WT,Inactive (BLBplus),Unpaired,,,,,,,Intact,Intact,Out,Packed,DFGin,BLBplus,NTout,CTin,58.93,19.66,14.06,10.61,131.09,5.6,13.16,13.67,3.43,1.87,2.7,3.07,3.5,4.13,7.14,10.27,4.2,9.47,3.93,3.6,3.21,3.62,0.94,0.91
csk-wtcat_holo_seed-1063242_sample-1_model,csk-wtcat_holo/seed-1063242_sample-1,model.cif,A,CSK-WT,Inactive (BLBplus),Unpaired,,,,,,,Intact,Intact,Out,Packed,DFGin,BLBplus,NTout,CTin,58.14,22.5,13.34,10.38,127.21,5.47,13.01,14.08,3.15,1.88,2.5,3.3,3.44,3.93,7.11,10.25,4.13,9.5,3.91,3.61,3.14,3.59,0.94,0.9
csk-wtcat_holo_seed-1063242_sample-2_model,csk-wtcat_holo/seed-1063242_sample-2,model.cif,A,CSK-WT,Inactive (BLBplus),Unpaired,,,,,,,Broken,Intact,Out,Packed,DFGin,BLBplus,NTin,CTin,57.16,48.07,13.64,10.71,124.14,6.25,13.93,16.97,3.15,2.2,3.05,3.39,3.56,4.08,7.11,10.44,4.41,8.96,3.88,3.61,3.31,3.53,0.95,0.92
csk-wtcat_holo_seed-1063242_sample-3_model,csk-wtcat_holo/seed-1063242_sample-3,model.cif,A,CSK-WT,Inactive (BLBplus),Unpaired,,,,,,,Intact,Intact,Out,Packed,DFGin,BLBplus,NTout,CTin,58.85,20.09,13.91,10.67,133.04,5.53,13.29,14.26,3.09,2.0,2.65,3.27,3.5,4.14,7.11,10.25,4.13,9.54,3.93,3.72,3.16,3.58,0.94,0.9
csk-wtcat_holo_seed-1063242_sample-4_model,csk-wtcat_holo/seed-1063242_sample-4,model.cif,A,CSK-WT,Inactive (BLAplus),Unpaired,,,,,,,Broken,Intact,Out,Packed,DFGin,BLAplus,NTin,CTin,56.84,42.86,13.93,10.29,125.59,6.13,13.65,17.35,3.96,2.03,2.9,3.26,3.57,4.01,7.14,10.13,4.15,9.06,3.83,3.74,3.36,3.5,0.95,0.92
csk-wtcat_holo_seed-1077057_sample-0_model,csk-wtcat_holo/seed-1077057_sample-0,model.cif,A,CSK-WT,Inactive (BLBplus),Unpaired,,,,,,,Intact,Intact,Out,Packed,DFGin,BLBplus,NTout,CTin,59.42,19.94,14.1,10.69,126.54,5.48,13.17,12.86,3.74,2.13,2.9,3.16,3.45,4.22,7.1,10.25,4.08,9.48,3.97,3.64,3.3,3.62,0.93,0.9
csk-wtcat_holo_seed-1077057_sample-1_model,csk-wtcat_holo/seed-1077057_sample-1,model.cif,A,CSK-WT,Inactive (BLBplus),Unpaired,,,,,,,Intact,Intact,Out,Packed,DFGin,BLBplus,NTout,CTin,59.74,21.64,13.65,10.49,130.43,5.37,12.84,13.42,3.13,1.89,2.54,3.23,3.44,4.17,7.08,10.12,4.07,9.48,3.95,3.63,3.13,3.62,0.94,0.91
csk-wtcat_holo_seed-1077057_sample-2_model,csk-wtcat_holo/seed-1077057_sample-2,model.cif,A,CSK-WT,Inactive (BLBplus),Unpaired,,,,,,,Intact,Intact,Out,Packed,DFGin,BLBplus,NTout,CTin,60.34,19.08,14.26,11.2,125.51,5.81,12.96,13.83,3.35,1.8,2.76,3.29,3.49,4.09,7.14,10.3,4.06,9.48,3.87,4.04,3.26,3.6,0.93,0.91
csk-wtcat_holo_seed-1077057_sample-3_model,csk-wtcat_holo/seed-1077057_sample-3,model.cif,A,CSK-WT,Inactive (BLBplus),Unpaired,,,,,,,Intact,Intact,Out,Packed,DFGin,BLBplus,NTout,CTin,60.44,18.81,14.05,10.8,133.1,5.76,13.22,13.62,2.97,2.04,2.41,3.19,3.5,4.0,7.16,10.23,4.1,9.45,3.97,3.73,3.21,3.59,0.94,0.91
csk-wtcat_holo_seed-1077057_sample-4_model,csk-wtcat_holo/seed-1077057_sample-4,model.cif,A,CSK-WT,Inactive (BLBplus),Unpaired,,,,,,,Intact,Intact,Out,Packed,DFGin,BLBplus,NTout,CTin,61.78,19.03,13.81,10.87,128.73,5.64,13.08,13.91,3.07,1.75,2.63,3.16,3.41,3.98,7.1,10.12,4.15,9.46,3.94,3.71,3.21,3.57,0.94,0.91
csk-wtcat_holo_seed-1105652_sample-0_model,csk-wtcat_holo/seed-1105652_sample-0,model.cif,A,CSK-WT,Inactive (BLBplus),Unpaired,,,,,,,Intact,Intact,Out,Packed,DFGin,BLBplus,NTout,CTin,60.02,20.33,13.38,10.63,124.36,5.62,13.06,13.58,3.24,2.04,2.68,3.11,3.49,4.07,7.07,10.32,4.13,9.49,3.89,3.66,3.22,3.59,0.94,0.9
csk-wtcat_holo_seed-1105652_sample-1_model,csk-wtcat_holo/seed-1105652_sample-1,model.cif,A,CSK-WT,Inactive (BLBplus),Unpaired,,,,,,,Broken,Intact,Out,Packed,DFGin,BLBplus,NTout,CTin,63.42,28.53,14.27,10.7,126.86,6.18,13.45,17.77,4.41,1.96,2.85,2.85,3.54,4.0,7.19,10.17,3.96,9.63,3.91,3.79,3.64,3.52,0.94,0.92
csk-wtcat_holo_seed-1105652_sample-2_model,csk-wtcat_holo/seed-1105652_sample-2,model.cif,A,CSK-WT,Inactive (BLBplus),Unpaired,,,,,,,Intact,Intact,Out,Packed,DFGin,BLBplus,NTout,CTin,59.09,20.32,13.59,10.33,125.7,5.56,13.15,16.85,3.28,2.13,2.73,3.15,3.44,4.06,7.13,10.19,4.16,9.42,3.93,3.7,3.14,3.59,0.93,0.91
csk-wtcat_holo_seed-1105652_sample-3_model,csk-wtcat_holo/seed-1105652_sample-3,model.cif,A,CSK-WT,Inactive (BLBplus),Unpaired,,,,,,,Intact,Intact,Out,Packed,DFGin,BLBplus,NTin,CTin,62.54,28.45,13.44,10.48,124.88,5.86,13.07,16.86,3.91,1.96,2.78,2.89,3.36,4.23,6.92,10.17,4.18,9.63,3.74,3.54,3.44,3.54,0.94,0.91
csk-wtcat_holo_seed-1105652_sample-4_model,csk-wtcat_holo/seed-1105652_sample-4,model.cif,A,CSK-WT,Inactive (BLBplus),Unpaired,,,,,,,Intact,Intact,Out,Packed,DFGin,BLBplus,NTout,CTin,59.18,20.49,13.74,10.76,126.4,5.72,13.01,13.96,3.07,1.88,2.61,3.14,3.47,4.03,7.14,10.3,4.11,9.49,3.92,3.66,3.18,3.59,0.94,0.91
csk-wtcat_holo_seed-1132066_sample-0_model,csk-wtcat_holo/seed-1132066_sample-0,model.cif,A,CSK-WT,Inactive (BLBplus),Unpaired,,,,,,,Broken,Intact,Out,Packed,DFGin,BLBplus,NTin,CTin,51.94,44.59,15.06,11.67,134.18,5.78,13.72,16.98,2.95,2.09,2.92,3.3,3.57,4.09,7.09,10.34,4.07,9.16,3.86,3.6,3.43,3.53,0.95,0.92
csk-wtcat_holo_seed-1132066_sample-1_model,csk-wtcat_holo/seed-1132066_sample-1,model.cif,A,CSK-WT,Inactive (BLBplus),Unpaired,,,,,,,Intact,Intact,Out,Packed,DFGin,BLBplus,NTin,CTin,55.11,38.07,14.49,11.11,133.16,4.66,13.61,17.15,3.38,2.18,2.98,3.2,3.48,4.12,7.1,10.23,4.14,8.76,3.89,3.61,3.2,3.54,0.93,0.91
csk-wtcat_holo_seed-1132066_sample-2_model,csk-wtcat_holo/seed-1132066_sample-2,model.cif,A,CSK-WT,Inactive (BLBplus),Unpaired,,,,,,,Intact,Intact,Out,Packed,DFGin,BLBplus,NTout,CTin,59.28,20.31,13.83,10.54,123.12,5.43,13.08,15.95,4.25,1.92,2.65,2.62,3.46,4.03,7.12,10.28,4.2,9.46,3.96,3.64,3.17,3.6,0.93,0.9
csk-wtcat_holo_seed-1132066_sample-3_model,csk-wtcat_holo/seed-1132066_sample-3,model.cif,A,CSK-WT,Inactive (BLBplus),Unpaired,,,,,,,Intact,Intact,Out,Packed,DFGin,BLBplus,NTout,CTin,58.93,21.93,13.26,10.22,126.04,5.6,12.95,13.71,4.04,1.89,2.64,3.0,3.41,4.04,7.12,10.15,4.2,9.47,3.9,3.69,3.24,3.59,0.93,0.9
csk-wtcat_holo_seed-1132066_sample-4_model,csk-wtcat_holo/seed-1132066_sample-4,model.cif,A,CSK-WT,Inactive (BLBplus),Unpaired,,,,,,,Intact,Intact,Out,Packed,DFGin,BLBplus,NTout,CTin,60.09,21.75,13.73,10.82,122.57,5.58,12.93,16.26,3.42,1.9,2.69,3.27,3.43,4.05,7.1,10.19,4.18,9.51,3.87,3.61,3.17,3.59,0.93,0.9
csk-wtcat_holo_seed-1199691_sample-0_model,csk-wtcat_holo/seed-1199691_sample-0,model.cif,A,CSK-WT,Inactive (BLBplus),Unpaired,,,,,,,Intact,Intact,Out,Packed,DFGin,BLBplus,NTout,CTin,59.37,23.16,13.34,10.51,128.57,5.4,13.08,14.14,3.19,1.93,2.34,3.3,3.44,4.06,7.03,10.21,4.2,9.49,3.95,3.57,3.28,3.61,0.93,0.91
csk-wtcat_holo_seed-1199691_sample-1_model,csk-wtcat_holo/seed-1199691_sample-1,model.cif,A,CSK-WT,Inactive (BLBplus),Unpaired,,,,,,,Intact,Intact,Out,Packed,DFGin,BLBplus,NTout,CTin,59.62,20.49,13.92,10.82,126.67,5.51,13.14,16.5,3.15,1.97,2.69,3.18,3.45,4.07,7.13,10.19,4.32,9.47,3.86,3.64,3.14,3.62,0.94,0.91
csk-wtcat_holo_seed-1199691_sample-2_model,csk-wtcat_holo/seed-1199691_sample-2,model.cif,A,CSK-WT,Inactive (BLBplus),Unpaired,,,,,,,Intact,Intact,Out,Packed,DFGin,BLBplus,NTin,CTin,60.5,19.4,13.73,10.8,127.67,5.64,12.9,14.22,3.61,1.99,2.71,3.22,3.46,4.09,7.14,10.29,4.16,9.54,3.93,3.58,3.22,3.62,0.93,0.91
csk-wtcat_holo_seed-1199691_sample-3_model,csk-wtcat_holo/seed-1199691_sample-3,model.cif,A,CSK-WT,Inactive (BLBplus),Unpaired,,,,,,,Intact,Intact,Out,Packed,DFGin,BLBplus,NTout,CTin,59.46,20.93,14.19,10.78,130.95,5.73,13.12,13.96,3.74,1.94,2.69,3.24,3.47,4.13,7.08,10.33,4.11,9.57,3.93,3.69,3.25,3.59,0.93,0.91
csk-wtcat_holo_seed-1199691_sample-4_model,csk-wtcat_holo/seed-1199691_sample-4,model.cif,A,CSK-WT,Inactive (BLBplus),Unpaired,,,,,,,Intact,Intact,Out,Packed,DFGin,BLBplus,NTin,CTout,63.78,25.75,16.52,12.44,139.95,6.04,13.52,17.72,3.8,1.97,2.92,4.89,3.55,4.14,7.1,10.18,4.07,9.48,3.91,3.56,3.35,3.53,0.95,0.92
csk-wtcat_holo_seed-1397207_sample-0_model,csk-wtcat_holo/seed-1397207_sample-0,model.cif,A,CSK-WT,Inactive (BLBplus),Unpaired,,,,,,,Intact,Intact,Out,Packed,DFGin,BLBplus,NTout,CTin,59.98,19.22,13.84,10.67,129.02,5.5,13.25,14.65,3.26,2.05,2.46,3.33,3.52,4.1,7.11,10.23,4.14,9.45,3.95,3.71,3.13,3.59,0.94,0.91
csk-wtcat_holo_seed-1397207_sample-1_model,csk-wtcat_holo/seed-1397207_sample-1,model.cif,A,CSK-WT,Inactive (BLBplus),Unpaired,,,,,,,Intact,Intact,Out,Packed,DFGin,BLBplus,NTout,CTin,61.2,19.47,13.86,10.81,128.62,5.55,13.06,16.2,3.11,2.0,2.55,3.3,3.42,4.01,7.08,10.26,4.14,9.48,3.93,3.7,3.23,3.6,0.94,0.91
csk-wtcat_holo_seed-1397207_sample-2_model,csk-wtcat_holo/seed-1397207_sample-2,model.cif,A,CSK-WT,Inactive (BLBplus),Unpaired,,,,,,,Intact,Intact,Out,Packed,DFGin,BLBplus,NTin,CTin,59.61,20.78,13.85,10.79,128.72,5.46,12.99,14.31,3.16,1.97,2.67,3.13,3.47,4.15,7.1,10.29,4.14,9.49,3.91,3.58,3.11,3.61,0.94,0.91
csk-wtcat_holo_seed-1397207_sample-3_model,csk-wtcat_holo/seed-1397207_sample-3,model.cif,A,CSK-WT,Inactive (BLBplus),Unpaired,,,,,,,Intact,Intact,Out,Packed,DFGin,BLBplus,NTout,CTin,59.35,21.9,14.07,10.87,128.43,5.6,13.17,14.18,3.32,1.94,2.69,3.27,3.5,4.16,7.12,10.3,4.11,9.45,3.93,3.66,3.25,3.6,0.93,0.91
csk-wtcat_holo_seed-1397207_sample-4_model,csk-wtcat_holo/seed-1397207_sample-4,model.cif,A,CSK-WT,Inactive (BLBplus),Unpaired,,,,,,,Intact,Intact,Out,Packed,DFGin,BLBplus,NTout,CTin,59.5,20.62,14.34,11.17,124.42,5.49,13.03,16.28,3.62,2.17,2.78,3.12,3.47,4.12,7.13,10.32,4.13,9.42,3.91,3.69,3.17,3.59,0.94,0.91
csk-wtcat_holo_seed-1446321_sample-0_model,csk-wtcat_holo/seed-1446321_sample-0,model.cif,A,CSK-WT,Inactive (BLBplus),Unpaired,,,,,,,Intact,Intact,Out,Packed,DFGin,BLBplus,NTin,CTin,60.66,26.88,13.69,10.6,129.56,5.69,13.24,17.07,3.02,2.04,2.84,3.35,3.48,4.24,6.98,10.29,4.05,9.72,4.44,3.74,2.69,3.47,0.95,0.91
csk-wtcat_holo_seed-1446321_sample-1_model,csk-wtcat_holo/seed-1446321_sample-1,model.cif,A,CSK-WT,Inactive (BLBplus),Unpaired,,,,,,,Intact,Intact,Out,Packed,DFGin,BLBplus,NTin,CTin,60.4,19.46,13.18,10.51,123.86,5.66,12.9,14.08,2.98,1.93,2.62,3.41,3.34,4.06,7.11,10.22,4.22,9.54,3.99,3.6,3.2,3.62,0.94,0.9
csk-wtcat_holo_seed-1446321_sample-2_model,csk-wtcat_holo/seed-1446321_sample-2,model.cif,A,CSK-WT,Inactive (BLBplus),Unpaired,,,,,,,Intact,Intact,Out,Packed,DFGin,BLBplus,NTin,CTin,61.5,20.25,13.96,10.57,128.5,5.63,13.17,17.3,3.31,1.96,2.88,3.25,3.38,4.1,7.1,10.18,4.16,9.47,3.9,3.75,3.19,3.58,0.93,0.9
csk-wtcat_holo_seed-1446321_sample-3_model,csk-wtcat_holo/seed-1446321_sample-3,model.cif,A,CSK-WT,Inactive (BLAplus),Unpaired,,,,,,,Broken,Intact,Out,Packed,DFGin,BLAplus,NTin,CTin,55.77,46.19,14.46,10.8,127.84,6.27,13.42,17.19,3.83,1.97,2.82,3.33,3.58,4.11,7.09,10.14,4.2,9.23,4.43,3.63,3.29,3.54,0.94,0.91
csk-wtcat_holo_seed-1446321_sample-4_model,csk-wtcat_holo/seed-1446321_sample-4,model.cif,A,CSK-WT,Inactive (BLBplus),Unpaired,,,,,,,Intact,Intact,Out,Packed,DFGin,BLBplus,NTout,CTin,59.6,17.27,13.15,10.41,121.7,5.78,13.18,16.98,3.53,2.01,2.75,3.14,3.51,4.07,7.13,10.15,4.22,9.41,3.93,3.63,3.18,3.58,0.93,0.9
csk-wtcat_holo_seed-1457711_sample-0_model,csk-wtcat_holo/seed-1457711_sample-0,model.cif,A,CSK-WT,Inactive (BLBplus),Unpaired,,,,,,,Intact,Intact,Out,Packed,DFGin,BLBplus,NTin,CTin,53.37,44.18,14.92,11.51,130.34,5.32,13.06,16.57,3.09,2.13,2.9,3.28,3.47,4.15,7.05,10.26,4.15,8.87,3.82,3.66,3.41,3.53,0.95,0.92
csk-wtcat_holo_seed-1457711_sample-1_model,csk-wtcat_holo/seed-1457711_sample-1,model.cif,A,CSK-WT,Inactive (BLBplus),Unpaired,,,,,,,Intact,Intact,Out,Packed,DFGin,BLBplus,NTout,CTin,58.61,21.91,13.76,10.84,128.52,5.37,12.95,14.35,3.15,1.81,2.54,3.31,3.36,4.13,7.08,10.28,4.16,9.49,3.9,3.7,3.19,3.6,0.94,0.91
csk-wtcat_holo_seed-1457711_sample-2_model,csk-wtcat_holo/seed-1457711_sample-2,model.cif,A,CSK-WT,Inactive (BLBplus),Unpaired,,,,,,,Intact,Intact,Out,Packed,DFGin,BLBplus,NTin,CTin,55.45,39.93,13.42,10.43,125.92,5.39,13.26,16.5,3.75,2.15,3.05,3.01,3.53,4.05,7.05,10.22,4.16,8.88,3.86,3.69,3.53,3.5,0.95,0.92
csk-wtcat_holo_seed-1457711_sample-3_model,csk-wtcat_holo/seed-1457711_sample-3,model.cif,A,CSK-WT,Inactive (BLBplus),Unpaired,,,,,,,Intact,Intact,Out,Packed,DFGin,BLBplus,NTout,CTin,59.77,20.71,13.66,10.64,125.16,5.6,13.15,13.9,3.51,1.98,2.67,3.24,3.46,4.03,7.11,10.34,4.21,9.53,3.88,3.61,3.25,3.6,0.93,0.9
csk-wtcat_holo_seed-1457711_sample-4_model,csk-wtcat_holo/seed-1457711_sample-4,model.cif,A,CSK-WT,Inactive (BLAplus),Unpaired,,,,,,,Broken,Intact,Out,Packed,DFGin,BLAplus,NTin,CTin,53.26,46.08,15.32,11.21,135.05,6.08,13.63,17.53,4.32,1.96,3.03,3.38,3.55,4.09,7.05,10.0,4.04,8.77,4.38,3.79,3.38,3.55,0.94,0.91
csk-wtcat_holo_seed-1510744_sample-0_model,csk-wtcat_holo/seed-1510744_sample-0,model.cif,A,CSK-WT,Inactive (BLAplus),Unpaired,,,,,,,Intact,Intact,Out,Packed,DFGin,BLAplus,NTin,CTin,53.8,44.25,13.63,10.98,121.1,6.11,12.89,16.76,3.39,1.99,2.76,3.26,3.52,4.05,7.12,10.09,4.15,8.68,3.94,3.67,3.41,3.51,0.94,0.91
csk-wtcat_holo_seed-1510744_sample-1_model,csk-wtcat_holo/seed-1510744_sample-1,model.cif,A,CSK-WT,Inactive (BLBplus),Unpaired,,,,,,,Broken,Intact,Out,Packed,DFGin,BLBplus,NTin,CTin,52.55,41.43,14.02,11.17,123.79,6.1,13.44,17.53,3.0,2.12,2.98,3.38,3.53,4.04,7.2,10.34,4.08,8.89,3.95,3.71,3.25,3.5,0.95,0.92
csk-wtcat_holo_seed-1510744_sample-2_model,csk-wtcat_holo/seed-1510744_sample-2,model.cif,A,CSK-WT,Inactive (BLBplus),Unpaired,,,,,,,Intact,Intact,Out,Packed,DFGin,BLBplus,NTout,CTin,58.7,19.87,13.46,10.38,122.02,5.62,13.13,14.7,4.26,1.98,2.69,2.87,3.44,4.07,7.16,10.27,4.1,9.53,3.99,3.62,3.21,3.64,0.93,0.9
csk-wtcat_holo_seed-1510744_sample-3_model,csk-wtcat_holo/seed-1510744_sample-3,model.cif,A,CSK-WT,Inactive (BLBplus),Unpaired,,,,,,,Intact,Intact,Out,Packed,DFGin,BLBplus,NTin,CTin,59.36,22.69,14.04,10.68,128.99,5.53,13.03,14.88,3.36,1.96,2.65,3.32,3.4,4.06,7.14,10.25,4.1,9.44,3.94,3.67,3.18,3.62,0.94,0.91
csk-wtcat_holo_seed-1510744_sample-4_model,csk-wtcat_holo/seed-1510744_sample-4,model.cif,A,CSK-WT,Inactive (BLBplus),Unpaired,,,,,,,Intact,Intact,Out,Packed,DFGin,BLBplus,NTin,CTin,58.51,21.37,13.52,10.76,127.31,5.61,12.77,13.46,2.83,1.75,2.42,3.11,3.33,4.08,7.09,10.26,4.19,9.46,3.91,3.74,3.15,3.56,0.94,0.91
csk-wtcat_holo_seed-1582125_sample-0_model,csk-wtcat_holo/seed-1582125_sample-0,model.cif,A,CSK-WT,Inactive (BLBplus),Unpaired,,,,,,,Intact,Intact,Out,Packed,DFGin,BLBplus,NTout,CTin,59.7,20.33,13.4,10.49,121.15,5.47,12.73,13.78,4.11,1.86,2.72,3.06,3.35,4.21,7.04,10.28,4.15,9.49,3.9,3.69,3.18,3.61,0.93,0.9
csk-wtcat_holo_seed-1582125_sample-1_model,csk-wtcat_holo/seed-1582125_sample-1,model.cif,A,CSK-WT,Inactive (BLBplus),Unpaired,,,,,,,Broken,Intact,Out,Packed,DFGin,BLBplus,NTin,CTin,52.23,49.97,14.75,11.58,129.04,6.18,13.84,17.37,2.99,2.04,2.93,3.48,3.57,4.06,7.13,10.35,4.14,9.07,3.91,3.67,3.37,3.53,0.94,0.92
csk-wtcat_holo_seed-1582125_sample-2_model,csk-wtcat_holo/seed-1582125_sample-2,model.cif,A,CSK-WT,Inactive (BLBplus),Unpaired,,,,,,,Intact,Intact,Out,Packed,DFGin,BLBplus,NTout,CTin,58.46,21.06,13.69,10.54,125.8,5.65,13.16,13.82,3.45,1.92,2.72,3.17,3.38,4.08,7.11,10.22,4.09,9.49,3.89,3.66,3.09,3.58,0.93,0.9
csk-wtcat_holo_seed-1582125_sample-3_model,csk-wtcat_holo/seed-1582125_sample-3,model.cif,A,CSK-WT,Inactive (BLBplus),Unpaired,,,,,,,Intact,Intact,Out,Packed,DFGin,BLBplus,NTout,CTin,59.89,18.79,13.59,10.61,127.47,5.75,12.91,16.23,3.17,1.86,2.57,3.18,3.44,4.02,7.18,10.31,4.22,9.52,3.95,3.73,3.2,3.63,0.93,0.91
csk-wtcat_holo_seed-1582125_sample-4_model,csk-wtcat_holo/seed-1582125_sample-4,model.cif,A,CSK-WT,Inactive (BLAplus),Unpaired,,,,,,,Broken,Intact,Out,Packed,DFGin,BLAplus,NTin,CTin,57.49,37.95,14.59,11.1,132.55,5.98,13.34,16.81,3.68,1.94,2.75,3.35,3.48,4.1,7.06,10.19,4.11,8.78,3.81,3.77,3.38,3.55,0.94,0.91
csk-wtcat_holo_seed-1603459_sample-0_model,csk-wtcat_holo/seed-1603459_sample-0,model.cif,A,CSK-WT,Inactive (BLBplus),Unpaired,,,,,,,Intact,Intact,Out,Packed,DFGin,BLBplus,NTout,CTin,59.64,18.81,14.27,10.77,124.38,5.71,13.11,16.36,4.35,2.05,2.86,2.94,3.45,4.11,7.11,10.25,4.19,9.5,3.99,3.64,3.18,3.6,0.94,0.91
csk-wtcat_holo_seed-1603459_sample-1_model,csk-wtcat_holo/seed-1603459_sample-1,model.cif,A,CSK-WT,Inactive (BLAplus),Unpaired,,,,,,,Intact,Intact,Out,Packed,DFGin,BLAplus,NTin,CTin,55.99,45.31,15.05,11.31,127.83,6.08,13.27,16.53,4.53,2.01,2.87,3.23,3.42,4.05,7.07,10.05,4.21,8.67,3.91,3.74,3.42,3.52,0.94,0.92
csk-wtcat_holo_seed-1603459_sample-2_model,csk-wtcat_holo/seed-1603459_sample-2,model.cif,A,CSK-WT,Inactive (BLAplus),Unpaired,,,,,,,Intact,Intact,Out,Packed,DFGin,BLAplus,NTin,CTin,53.25,43.43,15.12,11.76,119.03,5.97,12.68,17.01,3.16,2.0,2.77,4.65,3.49,4.03,7.09,10.24,4.24,9.39,3.95,3.68,3.35,3.52,0.95,0.92
csk-wtcat_holo_seed-1603459_sample-3_model,csk-wtcat_holo/seed-1603459_sample-3,model.cif,A,CSK-WT,Inactive (BLBplus),Unpaired,,,,,,,Intact,Intact,Out,Packed,DFGin,BLBplus,NTin,CTin,54.82,39.24,14.28,11.09,128.11,5.88,13.4,17.3,3.12,2.18,2.91,3.28,3.47,4.03,7.15,10.19,3.95,8.55,4.55,3.72,3.38,3.47,0.95,0.92
csk-wtcat_holo_seed-1603459_sample-4_model,csk-wtcat_holo/seed-1603459_sample-4,model.cif,A,CSK-WT,Inactive (BLBplus),Unpaired,,,,,,,Intact,Intact,Out,Packed,DFGin,BLBplus,NTin,CTin,58.26,20.66,14.59,11.15,133.99,5.59,13.2,16.63,3.3,2.06,2.67,3.17,3.47,4.03,7.12,10.24,4.16,9.4,3.91,3.71,3.2,3.62,0.94,0.91
csk-wtcat_holo_seed-1607507_sample-0_model,csk-wtcat_holo/seed-1607507_sample-0,model.cif,A,CSK-WT,Inactive (BLBplus),Unpaired,,,,,,,Intact,Intact,Out,Packed,DFGin,BLBplus,NTout,CTin,60.74,25.09,14.77,11.2,132.71,5.84,13.21,16.93,3.74,1.99,2.88,3.33,3.56,4.13,7.01,10.22,4.03,9.57,3.81,3.82,3.44,3.52,0.94,0.92
csk-wtcat_holo_seed-1607507_sample-1_model,csk-wtcat_holo/seed-1607507_sample-1,model.cif,A,CSK-WT,Inactive (BLBplus),Unpaired,,,,,,,Intact,Intact,Out,Packed,DFGin,BLBplus,NTout,CTin,58.77,22.3,13.57,10.8,127.23,5.41,12.85,13.89,3.31,1.9,2.37,3.3,3.42,4.11,7.04,10.19,4.07,9.43,4.02,3.73,3.14,3.58,0.94,0.91
csk-wtcat_holo_seed-1607507_sample-2_model,csk-wtcat_holo/seed-1607507_sample-2,model.cif,A,CSK-WT,Inactive (BLAplus),Unpaired,,,,,,,Broken,Intact,Out,Packed,DFGin,BLAplus,NTin,CTin,62.59,20.27,12.51,10.08,117.6,6.07,13.0,17.62,3.72,2.07,2.94,2.73,3.5,4.01,7.11,10.35,4.15,9.19,3.97,3.52,3.34,3.51,0.95,0.92
csk-wtcat_holo_seed-1607507_sample-3_model,csk-wtcat_holo/seed-1607507_sample-3,model.cif,A,CSK-WT,Inactive (BLBplus),Unpaired,,,,,,,Intact,Intact,Out,Packed,DFGin,BLBplus,NTin,CTin,61.98,24.87,13.78,10.38,131.44,6.22,13.36,17.26,3.84,1.97,2.78,2.87,3.48,4.06,7.04,10.39,4.06,8.93,3.92,3.59,3.52,3.5,0.95,0.92
csk-wtcat_holo_seed-1607507_sample-4_model,csk-wtcat_holo/seed-1607507_sample-4,model.cif,A,CSK-WT,Inactive (BLAplus),Unpaired,,,,,,,Intact,Intact,Out,Packed,DFGin,BLAplus,NTin,CTin,52.97,47.33,14.14,10.75,129.44,5.91,13.81,17.17,3.18,1.99,2.76,3.29,3.55,4.11,7.08,10.16,4.11,9.08,4.0,3.66,3.46,3.52,0.94,0.91
csk-wtcat_holo_seed-162796_sample-0_model,csk-wtcat_holo/seed-162796_sample-0,model.cif,A,CSK-WT,Inactive (BLBplus),Unpaired,,,,,,,Intact,Intact,Out,Packed,DFGin,BLBplus,NTout,CTin,59.76,19.36,13.97,10.74,130.83,5.6,13.2,13.97,3.19,1.88,2.45,3.35,3.39,3.99,7.16,10.25,4.11,9.5,3.92,3.64,3.09,3.62,0.94,0.91
csk-wtcat_holo_seed-162796_sample-1_model,csk-wtcat_holo/seed-162796_sample-1,model.cif,A,CSK-WT,Inactive (BLBplus),Unpaired,,,,,,,Intact,Intact,Out,Packed,DFGin,BLBplus,NTout,CTin,61.38,18.42,13.9,10.83,129.57,5.71,12.95,16.35,3.29,1.93,2.65,3.35,3.4,4.02,7.13,10.21,4.1,9.46,3.87,4.07,3.24,3.6,0.93,0.91
csk-wtcat_holo_seed-162796_sample-2_model,csk-wtcat_holo/seed-162796_sample-2,model.cif,A,CSK-WT,Inactive (BLBplus),Unpaired,,,,,,,Intact,Intact,Out,Packed,DFGin,BLBplus,NTout,CTin,59.43,21.57,13.53,10.5,128.19,5.44,12.86,16.66,3.07,1.86,2.56,3.09,3.38,4.06,7.17,10.06,4.02,9.41,3.87,4.04,3.12,3.57,0.94,0.9
csk-wtcat_holo_seed-162796_sample-3_model,csk-wtcat_holo/seed-162796_sample-3,model.cif,A,CSK-WT,Inactive (BLAplus),Unpaired,,,,,,,Intact,Intact,Out,Packed,DFGin,BLAplus,NTin,CTin,55.74,50.22,13.8,10.89,115.8,5.65,12.71,16.07,4.36,2.0,2.76,3.31,3.42,4.21,6.99,10.0,4.0,9.67,3.91,3.77,3.41,3.55,0.94,0.91
csk-wtcat_holo_seed-162796_sample-4_model,csk-wtcat_holo/seed-162796_sample-4,model.cif,A,CSK-WT,Inactive (BLBplus),Unpaired,,,,,,,Intact,Intact,Out,Packed,DFGin,BLBplus,NTout,CTin,59.14,21.48,13.34,10.77,125.89,5.56,12.95,16.74,2.88,1.93,2.5,3.24,3.51,4.08,7.09,10.25,4.16,9.48,3.89,3.63,3.28,3.59,0.93,0.9
csk-wtcat_holo_seed-1633166_sample-0_model,csk-wtcat_holo/seed-1633166_sample-0,model.cif,A,CSK-WT,Inactive (BLBplus),Unpaired,,,,,,,Intact,Intact,Out,Packed,DFGin,BLBplus,NTout,CTin,59.67,19.6,13.34,10.53,121.35,5.6,13.04,14.1,3.94,2.05,2.72,3.09,3.47,4.16,7.06,10.34,4.13,9.43,3.93,3.59,3.27,3.61,0.93,0.91
csk-wtcat_holo_seed-1633166_sample-1_model,csk-wtcat_holo/seed-1633166_sample-1,model.cif,A,CSK-WT,Inactive (BLBplus),Unpaired,,,,,,,Intact,Intact,Out,Packed,DFGin,BLBplus,NTout,CTin,58.86,21.02,13.81,10.9,128.25,5.57,13.26,13.76,2.9,1.98,2.51,3.42,3.52,3.98,7.11,10.25,4.19,9.47,4.01,3.75,3.26,3.6,0.94,0.91
csk-wtcat_holo_seed-1633166_sample-2_model,csk-wtcat_holo/seed-1633166_sample-2,model.cif,A,CSK-WT,Inactive (BLBplus),Unpaired,,,,,,,Intact,Intact,Out,Packed,DFGin,BLBplus,NTin,CTin,56.91,38.15,15.1,11.14,135.32,5.83,13.43,16.69,3.13,2.12,3.01,3.36,3.54,4.11,7.07,10.24,4.12,8.75,3.82,3.69,3.44,3.5,0.95,0.92
csk-wtcat_holo_seed-1633166_sample-3_model,csk-wtcat_holo/seed-1633166_sample-3,model.cif,A,CSK-WT,Inactive (BLBplus),Unpaired,,,,,,,Intact,Intact,Out,Packed,DFGin,BLBplus,NTin,CTin,60.09,19.53,12.89,10.39,122.16,5.59,12.84,13.76,3.27,1.94,2.56,3.12,3.44,4.1,7.06,10.33,4.12,9.5,4.62,3.71,3.28,3.59,0.93,0.9
csk-wtcat_holo_seed-1633166_sample-4_model,csk-wtcat_holo/seed-1633166_sample-4,model.cif,A,CSK-WT,Inactive (BLAplus),Unpaired,,,,,,,Intact,Intact,Out,Packed,DFGin,BLAplus,NTin,CTin,57.82,37.35,14.7,11.59,128.67,6.35,13.13,17.28,3.18,1.84,2.66,3.36,3.43,4.04,7.14,10.2,4.16,8.81,3.94,3.63,3.54,3.51,0.95,0.92
csk-wtcat_holo_seed-1637554_sample-0_model,csk-wtcat_holo/seed-1637554_sample-0,model.cif,A,CSK-WT,Inactive (BLBplus),Unpaired,,,,,,,Intact,Intact,Out,Packed,DFGin,BLBplus,NTout,CTin,57.8,21.99,13.53,10.69,123.85,5.38,12.77,16.66,3.41,1.85,2.56,3.24,3.38,4.13,7.01,10.3,4.16,9.44,3.85,3.66,3.19,3.58,0.94,0.9
csk-wtcat_holo_seed-1637554_sample-1_model,csk-wtcat_holo/seed-1637554_sample-1,model.cif,A,CSK-WT,Inactive (BLBplus),Unpaired,,,,,,,Intact,Intact,Out,Packed,DFGin,BLBplus,NTout,CTin,59.01,20.42,13.66,10.69,124.97,5.56,13.05,16.76,3.23,1.83,2.59,3.2,3.37,3.99,7.11,10.27,4.06,9.49,3.92,3.63,2.91,3.59,0.94,0.9
csk-wtcat_holo_seed-1637554_sample-2_model,csk-wtcat_holo/seed-1637554_sample-2,model.cif,A,CSK-WT,Inactive (BLBplus),Unpaired,,,,,,,Intact,Intact,Out,Packed,DFGin,BLBplus,NTout,CTin,62.8,25.13,13.94,10.5,127.49,5.97,13.36,17.02,4.25,2.01,2.88,2.86,3.63,4.11,7.13,10.15,4.2,9.55,3.92,3.58,3.5,3.53,0.94,0.91
csk-wtcat_holo_seed-1637554_sample-3_model,csk-wtcat_holo/seed-1637554_sample-3,model.cif,A,CSK-WT,Inactive (BLBplus),Unpaired,,,,,,,Intact,Intact,Out,Packed,DFGin,BLBplus,NTout,CTin,58.31,22.69,13.52,10.73,127.85,5.41,13.13,13.56,3.46,1.83,2.55,3.29,3.41,4.06,7.07,10.2,4.18,9.51,3.94,3.65,3.21,3.57,0.94,0.9
csk-wtcat_holo_seed-1637554_sample-4_model,csk-wtcat_holo/seed-1637554_sample-4,model.cif,A,CSK-WT,Inactive (BLBplus),Unpaired,,,,,,,Intact,Intact,Out,Packed,DFGin,BLBplus,NTin,CTin,63.43,24.07,14.99,11.21,133.7,5.83,13.66,17.17,3.23,2.04,2.96,3.37,3.52,4.07,7.13,10.38,3.95,8.91,3.79,3.72,3.4,3.53,0.95,0.92
csk-wtcat_holo_seed-1660026_sample-0_model,csk-wtcat_holo/seed-1660026_sample-0,model.cif,A,CSK-WT,Inactive (BLBplus),Unpaired,,,,,,,Intact,Intact,Out,Packed,DFGin,BLBplus,NTout,CTin,59.82,19.73,13.87,10.79,126.88,5.49,13.14,14.76,3.37,1.98,2.56,3.16,3.38,4.05,7.13,10.22,4.09,9.4,3.88,4.02,3.18,3.59,0.94,0.91
csk-wtcat_holo_seed-1660026_sample-1_model,csk-wtcat_holo/seed-1660026_sample-1,model.cif,A,CSK-WT,Inactive (BLBplus),Unpaired,,,,,,,Intact,Intact,Out,Packed,DFGin,BLBplus,NTout,CTin,58.74,20.61,13.62,10.49,129.55,5.37,12.92,16.93,3.32,1.83,2.65,3.17,3.4,4.24,7.06,10.23,4.17,9.42,3.86,3.66,3.09,3.56,0.94,0.91
csk-wtcat_holo_seed-1660026_sample-2_model,csk-wtcat_holo/seed-1660026_sample-2,model.cif,A,CSK-WT,Inactive (BLBplus),Unpaired,,,,,,,Intact,Intact,Out,Packed,DFGin,BLBplus,NTout,CTin,59.6,20.66,13.55,10.74,125.28,5.62,12.85,15.67,3.21,1.97,2.62,3.19,3.38,4.05,7.14,10.2,4.2,9.46,3.96,3.68,3.27,3.57,0.94,0.91
csk-wtcat_holo_seed-1660026_sample-3_model,csk-wtcat_holo/seed-1660026_sample-3,model.cif,A,CSK-WT,Inactive (BLBplus),Unpaired,,,,,,,Intact,Intact,Out,Packed,DFGin,BLBplus,NTout,CTin,59.31,19.09,13.69,10.52,126.83,5.55,13.13,17.05,4.05,1.93,2.71,2.69,3.46,4.16,7.07,10.26,4.2,9.47,3.94,3.75,3.22,3.62,0.93,0.91
csk-wtcat_holo_seed-1660026_sample-4_model,csk-wtcat_holo/seed-1660026_sample-4,model.cif,A,CSK-WT,Inactive (BLBplus),Unpaired,,,,,,,Intact,Intact,Out,Packed,DFGin,BLBplus,NTout,CTin,59.85,20.59,13.3,10.4,129.75,5.56,13.03,13.28,2.98,1.86,2.55,3.19,3.41,4.06,7.11,10.24,4.21,9.54,4.01,3.67,3.26,3.6,0.94,0.91
csk-wtcat_holo_seed-1832619_sample-0_model,csk-wtcat_holo/seed-1832619_sample-0,model.cif,A,CSK-WT,Inactive (BLBplus),Unpaired,,,,,,,Intact,Intact,Out,Packed,DFGin,BLBplus,NTin,CTin,53.95,33.94,14.05,10.56,131.33,5.62,13.31,17.35,3.45,1.98,2.75,2.85,3.46,4.03,7.21,10.4,4.12,9.18,3.91,3.63,3.33,3.56,0.94,0.91
csk-wtcat_holo_seed-1832619_sample-1_model,csk-wtcat_holo/seed-1832619_sample-1,model.cif,A,CSK-WT,Inactive (BLBplus),Unpaired,,,,,,,Intact,Intact,Out,Packed,DFGin,BLBplus,NTout,CTin,58.74,21.89,13.47,10.59,128.08,5.55,13.14,13.67,3.12,1.94,2.64,3.14,3.33,4.05,7.15,10.25,4.12,9.43,3.92,3.7,3.12,3.58,0.94,0.9
csk-wtcat_holo_seed-1832619_sample-2_model,csk-wtcat_holo/seed-1832619_sample-2,model.cif,A,CSK-WT,Inactive (BLBplus),Unpaired,,,,,,,Intact,Intact,Out,Packed,DFGin,BLBplus,NTout,CTin,59.64,19.6,13.75,10.58,133.24,5.64,13.22,14.32,3.63,1.89,2.69,3.28,3.49,4.14,7.08,10.22,4.08,9.48,3.92,3.65,3.17,3.6,0.93,0.9
csk-wtcat_holo_seed-1832619_sample-3_model,csk-wtcat_holo/seed-1832619_sample-3,model.cif,A,CSK-WT,Inactive (BLBplus),Unpaired,,,,,,,Intact,Intact,Out,Packed,DFGin,BLBplus,NTin,CTin,59.0,20.31,13.45,10.46,127.81,5.6,12.94,13.68,3.12,1.85,2.63,3.24,3.38,4.08,7.09,10.26,4.12,9.48,3.93,3.68,3.24,3.61,0.93,0.9
csk-wtcat_holo_seed-1832619_sample-4_model,csk-wtcat_holo/seed-1832619_sample-4,model.cif,A,CSK-WT,Inactive (BLBplus),Unpaired,,,,,,,Intact,Intact,Out,Packed,DFGin,BLBplus,NTin,CTin,59.05,20.96,13.81,10.56,131.0,5.51,13.05,14.55,3.17,1.87,2.67,3.46,3.41,4.09,7.08,10.19,4.15,9.42,3.91,3.64,3.23,3.57,0.93,0.9
csk-wtcat_holo_seed-189567_sample-0_model,csk-wtcat_holo/seed-189567_sample-0,model.cif,A,CSK-WT,Inactive (BLBplus),Unpaired,,,,,,,Intact,Intact,Out,Packed,DFGin,BLBplus,NTout,CTin,57.97,22.38,13.2,10.58,122.84,5.62,12.95,14.25,3.76,1.93,2.7,3.01,3.46,3.94,7.14,10.33,4.06,9.48,3.93,4.06,3.3,3.61,0.93,0.9
csk-wtcat_holo_seed-189567_sample-1_model,csk-wtcat_holo/seed-189567_sample-1,model.cif,A,CSK-WT,Inactive (BLBplus),Unpaired,,,,,,,Intact,Intact,Out,Packed,DFGin,BLBplus,NTin,CTin,61.33,17.15,12.59,10.43,115.35,5.87,13.04,16.88,2.9,2.09,2.76,3.19,3.39,3.99,7.14,10.35,4.18,8.94,3.95,3.54,3.19,3.59,0.94,0.91
csk-wtcat_holo_seed-189567_sample-2_model,csk-wtcat_holo/seed-189567_sample-2,model.cif,A,CSK-WT,Inactive (BLBplus),Unpaired,,,,,,,Intact,Intact,Out,Packed,DFGin,BLBplus,NTout,CTin,59.58,19.57,13.03,10.55,120.78,5.58,13.18,14.76,3.1,2.05,2.66,3.13,3.46,4.09,7.15,10.25,4.06,9.39,3.93,4.05,3.04,3.56,0.94,0.9
csk-wtcat_holo_seed-189567_sample-3_model,csk-wtcat_holo/seed-189567_sample-3,model.cif,A,CSK-WT,Inactive (BLBplus),Unpaired,,,,,,,Intact,Intact,Out,Packed,DFGin,BLBplus,NTout,CTin,62.69,25.04,15.01,10.84,130.22,5.91,13.86,17.56,4.25,1.95,2.87,3.41,3.54,4.08,7.05,10.26,4.09,9.56,3.86,3.71,3.52,3.5,0.94,0.91
csk-wtcat_holo_seed-189567_sample-4_model,csk-wtcat_holo/seed-189567_sample-4,model.cif,A,CSK-WT,Inactive (BLBplus),Unpaired,,,,,,,Intact,Intact,Out,Packed,DFGin,BLBplus,NTout,CTin,58.41,19.98,13.63,10.61,125.37,5.59,13.09,16.48,3.5,1.9,2.72,2.99,3.46,4.13,7.1,10.22,4.11,9.47,3.97,3.72,3.29,3.59,0.93,0.9
csk-wtcat_holo_seed-1961992_sample-0_model,csk-wtcat_holo/seed-1961992_sample-0,model.cif,A,CSK-WT,Inactive (BLBplus),Unpaired,,,,,,,Intact,Intact,Out,Packed,DFGin,BLBplus,NTin,CTin,55.63,39.4,14.78,11.73,122.49,5.79,13.09,17.06,3.59,2.12,2.96,3.24,3.52,4.1,7.09,10.29,4.23,8.65,3.85,3.67,3.51,3.5,0.95,0.92
csk-wtcat_holo_seed-1961992_sample-1_model,csk-wtcat_holo/seed-1961992_sample-1,model.cif,A,CSK-WT,Inactive (BLAplus),Unpaired,,,,,,,Broken,Intact,Out,Packed,DFGin,BLAplus,NTin,CTin,57.46,40.91,14.25,10.61,126.58,6.15,13.41,17.27,3.75,1.95,2.78,3.36,3.48,4.03,7.11,10.36,4.11,9.47,3.91,3.65,3.47,3.47,0.94,0.91
csk-wtcat_holo_seed-1961992_sample-2_model,csk-wtcat_holo/seed-1961992_sample-2,model.cif,A,CSK-WT,Inactive (BLBplus),Unpaired,,,,,,,Intact,Intact,Out,Packed,DFGin,BLBplus,NTout,CTin,58.49,21.04,13.93,10.72,126.0,5.62,13.04,14.26,3.81,1.9,2.72,3.01,3.5,4.07,7.1,10.29,4.12,9.49,3.9,3.63,3.24,3.65,0.94,0.9
csk-wtcat_holo_seed-1961992_sample-3_model,csk-wtcat_holo/seed-1961992_sample-3,model.cif,A,CSK-WT,Inactive (BLBplus),Unpaired,,,,,,,Intact,Intact,Out,Packed,DFGin,BLBplus,NTin,CTin,55.83,41.98,13.16,10.35,131.06,5.47,13.38,17.31,3.13,2.15,2.96,3.31,3.54,4.12,7.09,10.41,3.99,9.0,3.91,3.59,3.5,3.52,0.94,0.91
csk-wtcat_holo_seed-1961992_sample-4_model,csk-wtcat_holo/seed-1961992_sample-4,model.cif,A,CSK-WT,Inactive (BLBplus),Unpaired,,,,,,,Intact,Intact,Out,Packed,DFGin,BLBplus,NTout,CTin,58.79,21.6,13.23,10.73,124.02,5.68,13.01,13.79,3.3,1.91,2.27,3.27,3.43,4.12,7.1,10.23,4.14,9.5,3.93,3.6,3.25,3.61,0.93,0.9
csk-wtcat_holo_seed-1998199_sample-0_model,csk-wtcat_holo/seed-1998199_sample-0,model.cif,A,CSK-WT,Inactive (BLAplus),Unpaired,,,,,,,Broken,Intact,Out,Packed,DFGin,BLAplus,NTin,CTin,53.46,44.61,15.81,11.69,134.22,6.11,13.36,16.89,3.6,1.88,2.82,3.29,3.53,4.04,7.14,10.19,3.88,9.55,5.79,3.81,3.33,3.51,0.95,0.91
csk-wtcat_holo_seed-1998199_sample-1_model,csk-wtcat_holo/seed-1998199_sample-1,model.cif,A,CSK-WT,Inactive (BLBplus),Unpaired,,,,,,,Intact,Intact,Out,Packed,DFGin,BLBplus,NTout,CTin,59.31,32.79,13.07,10.34,117.84,5.85,12.95,18.17,3.66,1.95,2.72,3.17,3.54,4.14,7.04,10.12,4.02,9.58,3.8,3.78,3.22,3.53,0.94,0.91
csk-wtcat_holo_seed-1998199_sample-2_model,csk-wtcat_holo/seed-1998199_sample-2,model.cif,A,CSK-WT,Inactive (BLBplus),Unpaired,,,,,,,Intact,Intact,Out,Packed,DFGin,BLBplus,NTin,CTin,60.12,21.43,13.66,10.7,129.87,5.49,13.03,13.91,3.24,2.03,2.56,3.21,3.46,4.05,7.13,10.19,4.17,9.42,3.92,3.7,3.18,3.59,0.94,0.9
csk-wtcat_holo_seed-1998199_sample-3_model,csk-wtcat_holo/seed-1998199_sample-3,model.cif,A,CSK-WT,Inactive (BLBplus),Unpaired,,,,,,,Intact,Intact,Out,Packed,DFGin,BLBplus,NTin,CTin,58.01,21.9,13.72,10.66,130.39,5.63,13.14,13.55,3.12,1.94,2.65,3.21,3.5,4.07,7.11,10.24,4.2,9.51,3.91,3.76,3.25,3.58,0.94,0.91
csk-wtcat_holo_seed-1998199_sample-4_model,csk-wtcat_holo/seed-1998199_sample-4,model.cif,A,CSK-WT,Inactive (BLBplus),Unpaired,,,,,,,Intact,Intact,Out,Packed,DFGin,BLBplus,NTin,CTin,54.19,40.6,15.02,11.05,132.68,5.86,13.38,17.86,3.08,2.23,2.9,3.33,3.5,4.05,7.14,10.42,4.07,8.66,3.92,3.59,3.44,3.49,0.95,0.92
csk-wtcat_holo_seed-204844_sample-0_model,csk-wtcat_holo/seed-204844_sample-0,model.cif,A,CSK-WT,Inactive (BLBplus),Unpaired,,,,,,,Intact,Intact,Out,Packed,DFGin,BLBplus,NTout,CTin,59.66,19.72,13.56,10.58,120.15,5.82,13.08,13.89,4.18,2.1,2.92,3.02,3.42,4.19,7.08,10.3,4.12,9.56,3.97,3.67,3.83,3.6,0.94,0.9
csk-wtcat_holo_seed-204844_sample-1_model,csk-wtcat_holo/seed-204844_sample-1,model.cif,A,CSK-WT,Inactive (BLAplus),Unpaired,,,,,,,Intact,Intact,Out,Packed,DFGin,BLAplus,NTin,CTin,54.78,47.38,14.15,10.33,123.74,5.9,12.86,16.86,3.44,1.82,2.65,4.81,3.45,4.1,7.07,10.02,4.17,9.01,3.9,3.59,3.29,3.52,0.95,0.92
csk-wtcat_holo_seed-204844_sample-2_model,csk-wtcat_holo/seed-204844_sample-2,model.cif,A,CSK-WT,Inactive (BLAplus),Unpaired,,,,,,,Broken,Intact,Out,Packed,DFGin,BLAplus,NTin,CTin,54.19,47.44,14.13,10.87,126.67,5.82,13.29,15.75,4.71,1.88,2.86,2.83,3.55,4.11,7.11,10.12,4.17,9.41,4.09,3.58,3.33,3.52,0.94,0.91
csk-wtcat_holo_seed-204844_sample-3_model,csk-wtcat_holo/seed-204844_sample-3,model.cif,A,CSK-WT,Inactive (BLAplus),Unpaired,,,,,,,Intact,Intact,Out,Packed,DFGin,BLAplus,NTin,CTin,52.19,44.87,13.66,10.79,124.69,5.71,13.44,17.0,3.73,1.87,2.6,3.06,3.45,4.05,7.18,10.25,4.05,9.05,3.89,3.75,3.34,3.56,0.94,0.91
csk-wtcat_holo_seed-204844_sample-4_model,csk-wtcat_holo/seed-204844_sample-4,model.cif,A,CSK-WT,Inactive (BLBplus),Unpaired,,,,,,,Intact,Intact,Out,Packed,DFGin,BLBplus,NTout,CTin,58.32,22.54,13.95,10.82,128.69,5.57,13.17,13.68,3.47,2.11,2.8,3.2,3.46,4.13,7.14,10.23,4.19,9.41,3.93,3.7,3.18,3.58,0.93,0.9
csk-wtcat_holo_seed-234294_sample-0_model,csk-wtcat_holo/seed-234294_sample-0,model.cif,A,CSK-WT,Inactive (BLBplus),Unpaired,,,,,,,Intact,Intact,Out,Packed,DFGin,BLBplus,NTin,CTin,56.43,24.05,13.7,10.61,134.15,5.42,13.28,16.28,3.96,1.8,2.5,3.32,3.43,3.96,7.16,10.22,4.08,9.46,3.91,4.1,3.18,3.62,0.94,0.9
csk-wtcat_holo_seed-234294_sample-1_model,csk-wtcat_holo/seed-234294_sample-1,model.cif,A,CSK-WT,Inactive (BLAplus),Unpaired,,,,,,,Broken,Intact,Out,Packed,DFGin,BLAplus,NTin,CTin,58.58,23.52,13.69,10.85,122.22,6.02,13.26,16.99,3.72,2.12,3.05,3.21,3.51,4.03,7.04,10.22,4.12,9.48,3.92,3.57,3.39,3.51,0.94,0.91
csk-wtcat_holo_seed-234294_sample-2_model,csk-wtcat_holo/seed-234294_sample-2,model.cif,A,CSK-WT,Inactive (BLBplus),Unpaired,,,,,,,Intact,Intact,Out,Packed,DFGin,BLBplus,NTin,CTin,54.25,42.95,14.18,11.59,115.78,5.44,13.06,16.84,4.33,2.02,2.9,3.24,3.44,4.0,7.09,10.36,4.22,9.23,3.92,3.56,3.36,3.49,0.94,0.91
csk-wtcat_holo_seed-234294_sample-3_model,csk-wtcat_holo/seed-234294_sample-3,model.cif,A,CSK-WT,Inactive (BLAplus),Unpaired,,,,,,,Broken,Intact,Out,Packed,DFGin,BLAplus,NTin,CTin,61.36,22.58,14.03,10.55,132.0,5.95,13.55,17.32,3.4,2.15,3.03,3.33,3.51,4.06,7.18,10.3,4.14,9.1,3.94,3.66,3.44,3.53,0.94,0.91
csk-wtcat_holo_seed-234294_sample-4_model,csk-wtcat_holo/seed-234294_sample-4,model.cif,A,CSK-WT,Inactive (BLBplus),Unpaired,,,,,,,Intact,Intact,Out,Packed,DFGin,BLBplus,NTin,CTin,60.17,19.22,13.46,10.36,127.54,5.45,12.82,16.27,3.75,1.9,2.64,3.2,3.41,4.15,7.09,10.24,4.2,9.5,3.97,3.65,3.16,3.6,0.93,0.9
csk-wtcat_holo_seed-268466_sample-0_model,csk-wtcat_holo/seed-268466_sample-0,model.cif,A,CSK-WT,Inactive (BLBplus),Unpaired,,,,,,,Intact,Intact,Out,Packed,DFGin,BLBplus,NTout,CTin,60.56,21.12,13.33,10.69,124.91,5.64,12.99,16.24,2.95,2.02,2.54,3.29,3.49,4.05,7.11,10.24,4.2,9.46,3.98,3.59,3.16,3.57,0.94,0.91
csk-wtcat_holo_seed-268466_sample-1_model,csk-wtcat_holo/seed-268466_sample-1,model.cif,A,CSK-WT,Inactive (BLBplus),Unpaired,,,,,,,Intact,Intact,Out,Packed,DFGin,BLBplus,NTin,CTin,50.82,37.05,14.0,11.16,126.47,5.91,12.68,15.76,3.09,1.93,2.65,3.23,3.55,4.03,7.12,10.16,4.21,8.69,3.93,3.37,3.43,3.54,0.94,0.91
csk-wtcat_holo_seed-268466_sample-2_model,csk-wtcat_holo/seed-268466_sample-2,model.cif,A,CSK-WT,Inactive (BLBplus),Unpaired,,,,,,,Intact,Intact,Out,Packed,DFGin,BLBplus,NTout,CTin,62.74,18.66,13.94,11.0,123.45,5.76,13.18,14.43,3.16,2.0,2.83,3.19,3.49,4.09,7.13,10.3,4.21,9.57,3.94,3.65,3.27,3.61,0.94,0.91
csk-wtcat_holo_seed-268466_sample-3_model,csk-wtcat_holo/seed-268466_sample-3,model.cif,A,CSK-WT,Inactive (BLBplus),Unpaired,,,,,,,Intact,Intact,Out,Packed,DFGin,BLBplus,NTout,CTin,59.33,20.97,13.42,10.46,129.23,5.37,12.85,13.71,2.99,1.84,2.5,3.26,3.43,4.17,7.04,10.12,4.13,9.51,3.93,3.59,3.14,3.58,0.94,0.9
csk-wtcat_holo_seed-268466_sample-4_model,csk-wtcat_holo/seed-268466_sample-4,model.cif,A,CSK-WT,Inactive (BLBplus),Unpaired,,,,,,,Intact,Intact,Out,Packed,DFGin,BLBplus,NTout,CTin,59.25,20.14,13.8,10.66,131.01,5.51,13.12,16.31,2.95,1.91,2.52,3.17,3.41,4.1,7.05,10.3,4.14,9.53,3.92,3.71,3.24,3.59,0.94,0.9
csk-wtcat_holo_seed-274658_sample-0_model,csk-wtcat_holo/seed-274658_sample-0,model.cif,A,CSK-WT,Inactive (BLBplus),Unpaired,,,,,,,Intact,Intact,Out,Packed,DFGin,BLBplus,NTin,CTin,51.89,43.24,14.0,10.5,133.96,5.67,13.44,16.74,3.74,1.99,2.99,3.24,3.5,4.05,7.09,10.38,4.02,8.87,3.82,3.67,3.34,3.48,0.94,0.92
csk-wtcat_holo_seed-274658_sample-1_model,csk-wtcat_holo/seed-274658_sample-1,model.cif,A,CSK-WT,Inactive (BLBplus),Unpaired,,,,,,,Intact,Intact,Out,Packed,DFGin,BLBplus,NTin,CTin,59.02,21.4,13.7,10.54,130.49,5.6,13.12,14.13,3.28,2.02,2.62,3.2,3.49,4.06,7.09,10.14,3.97,9.41,3.88,3.99,3.2,3.55,0.93,0.91
csk-wtcat_holo_seed-274658_sample-2_model,csk-wtcat_holo/seed-274658_sample-2,model.cif,A,CSK-WT,Inactive (BLBplus),Unpaired,,,,,,,Intact,Intact,Out,Packed,DFGin,BLBplus,NTin,CTin,60.46,19.43,13.26,10.42,125.47,5.83,13.06,14.44,3.07,1.93,2.61,3.1,3.44,4.04,7.16,10.34,4.16,9.49,3.91,3.72,3.18,3.58,0.94,0.91
csk-wtcat_holo_seed-274658_sample-3_model,csk-wtcat_holo/seed-274658_sample-3,model.cif,A,CSK-WT,Inactive (BLBplus),Unpaired,,,,,,,Intact,Intact,Out,Packed,DFGin,BLBplus,NTin,CTin,60.0,21.55,13.7,10.52,133.43,5.5,12.89,16.5,3.36,1.76,2.55,3.05,3.36,4.03,7.11,10.19,4.11,9.41,3.9,3.64,3.09,3.61,0.93,0.9
csk-wtcat_holo_seed-274658_sample-4_model,csk-wtcat_holo/seed-274658_sample-4,model.cif,A,CSK-WT,Inactive (BLBplus),Unpaired,,,,,,,Intact,Intact,Out,Packed,DFGin,BLBplus,NTout,CTin,57.32,21.89,13.74,10.67,127.0,5.36,13.15,16.3,3.42,1.92,2.65,3.19,3.41,4.11,7.13,10.34,4.1,9.51,3.95,3.75,3.23,3.6,0.93,0.9
csk-wtcat_holo_seed-368208_sample-0_model,csk-wtcat_holo/seed-368208_sample-0,model.cif,A,CSK-WT,Inactive (BLAplus),Unpaired,,,,,,,Intact,Intact,Out,Packed,DFGin,BLAplus,NTin,CTin,52.83,45.66,15.4,12.14,124.07,6.24,13.22,17.22,3.48,2.01,2.8,3.85,3.5,4.1,7.08,10.1,4.1,9.29,3.92,3.61,3.44,3.55,0.95,0.92
csk-wtcat_holo_seed-368208_sample-1_model,csk-wtcat_holo/seed-368208_sample-1,model.cif,A,CSK-WT,Inactive (BLBplus),Unpaired,,,,,,,Broken,Intact,Out,Packed,DFGin,BLBplus,NTin,CTin,55.98,26.85,13.59,10.77,129.69,5.71,13.57,16.53,2.91,2.11,2.76,3.37,3.37,4.06,7.14,10.29,4.07,8.68,3.96,3.65,3.37,3.58,0.94,0.9
csk-wtcat_holo_seed-368208_sample-2_model,csk-wtcat_holo/seed-368208_sample-2,model.cif,A,CSK-WT,Inactive (BLBplus),Unpaired,,,,,,,Intact,Intact,Out,Packed,DFGin,BLBplus,NTin,CTin,58.22,21.24,13.12,10.11,118.36,5.27,12.9,14.73,4.82,2.03,2.86,2.77,3.25,4.34,7.05,10.23,4.17,9.46,3.92,3.58,3.14,3.6,0.93,0.9
csk-wtcat_holo_seed-368208_sample-3_model,csk-wtcat_holo/seed-368208_sample-3,model.cif,A,CSK-WT,Inactive (BLBplus),Unpaired,,,,,,,Intact,Intact,Out,Packed,DFGin,BLBplus,NTout,CTin,58.83,22.44,13.47,10.64,125.34,5.48,12.98,13.92,3.1,1.94,2.65,3.25,3.43,4.1,7.1,10.23,4.11,9.51,3.95,3.63,3.24,3.59,0.94,0.9
csk-wtcat_holo_seed-368208_sample-4_model,csk-wtcat_holo/seed-368208_sample-4,model.cif,A,CSK-WT,Inactive (BLBplus),Unpaired,,,,,,,Intact,Intact,Out,Packed,DFGin,BLBplus,NTin,CTin,57.63,22.38,13.62,10.61,128.99,5.67,13.01,13.71,3.09,1.92,2.6,3.19,3.38,3.95,7.18,10.32,4.18,9.47,3.96,3.64,3.21,3.59,0.94,0.9
csk-wtcat_holo_seed-397855_sample-0_model,csk-wtcat_holo/seed-397855_sample-0,model.cif,A,CSK-WT,Inactive (BLBplus),Unpaired,,,,,,,Intact,Intact,Out,Packed,DFGin,BLBplus,NTin,CTin,60.61,28.58,13.69,11.03,119.36,6.22,13.51,16.63,3.26,2.02,2.7,3.29,3.46,4.01,7.18,10.22,4.26,9.03,3.87,3.41,3.37,3.51,0.95,0.91
csk-wtcat_holo_seed-397855_sample-1_model,csk-wtcat_holo/seed-397855_sample-1,model.cif,A,CSK-WT,Inactive (BLAplus),Unpaired,,,,,,,Intact,Intact,Out,Packed,DFGin,BLAplus,NTin,CTin,56.73,37.41,14.52,11.05,129.64,5.79,13.36,17.06,3.13,2.08,2.89,3.24,3.54,4.08,7.13,10.25,4.11,9.26,3.89,3.64,3.42,3.42,0.94,0.91
csk-wtcat_holo_seed-397855_sample-2_model,csk-wtcat_holo/seed-397855_sample-2,model.cif,A,CSK-WT,Inactive (BLBplus),Unpaired,,,,,,,Intact,Intact,Out,Packed,DFGin,BLBplus,NTout,CTin,60.08,20.47,12.95,10.14,128.69,5.59,12.98,13.64,2.8,1.81,2.19,3.17,3.46,4.03,7.1,10.23,4.15,9.43,3.92,3.62,3.14,3.58,0.93,0.9
csk-wtcat_holo_seed-397855_sample-3_model,csk-wtcat_holo/seed-397855_sample-3,model.cif,A,CSK-WT,Inactive (BLBplus),Unpaired,,,,,,,Broken,Intact,Out,Packed,DFGin,BLBplus,NTin,CTin,60.51,28.01,13.79,10.84,123.06,6.21,13.61,17.51,3.54,2.0,2.85,3.29,3.56,4.07,7.17,10.26,4.16,8.86,3.95,3.59,3.35,3.55,0.94,0.91
csk-wtcat_holo_seed-397855_sample-4_model,csk-wtcat_holo/seed-397855_sample-4,model.cif,A,CSK-WT,Inactive (BLBplus),Unpaired,,,,,,,Intact,Intact,Out,Packed,DFGin,BLBplus,NTout,CTin,58.51,22.1,13.44,10.5,131.83,5.68,13.16,14.17,2.85,1.93,2.54,3.19,3.45,4.02,7.1,10.23,4.13,9.41,3.9,3.68,3.11,3.58,0.94,0.9
csk-wtcat_holo_seed-440440_sample-0_model,csk-wtcat_holo/seed-440440_sample-0,model.cif,A,CSK-WT,Inactive (BLAplus),Unpaired,,,,,,,Intact,Intact,Out,Packed,DFGin,BLAplus,NTin,CTin,55.91,44.69,16.5,11.77,122.18,6.1,12.93,16.24,4.51,1.95,2.75,4.74,3.49,3.94,7.11,10.19,4.24,9.35,3.93,3.66,3.33,3.51,0.94,0.92
csk-wtcat_holo_seed-440440_sample-1_model,csk-wtcat_holo/seed-440440_sample-1,model.cif,A,CSK-WT,Inactive (BLBplus),Unpaired,,,,,,,Intact,Intact,Out,Packed,DFGin,BLBplus,NTin,CTin,61.4,20.78,13.97,10.78,130.71,5.45,13.12,16.08,3.22,1.94,2.83,3.33,3.43,4.1,7.1,10.25,4.1,9.47,3.97,3.72,3.26,3.59,0.93,0.91
csk-wtcat_holo_seed-440440_sample-2_model,csk-wtcat_holo/seed-440440_sample-2,model.cif,A,CSK-WT,Inactive (BLBplus),Unpaired,,,,,,,Intact,Intact,Out,Packed,DFGin,BLBplus,NTin,CTin,53.04,40.66,13.23,9.87,120.97,5.63,13.03,16.52,4.34,2.06,2.95,3.03,3.58,4.03,7.04,10.31,4.1,8.7,3.88,3.59,3.34,3.46,0.95,0.92
csk-wtcat_holo_seed-440440_sample-3_model,csk-wtcat_holo/seed-440440_sample-3,model.cif,A,CSK-WT,Inactive (BLBplus),Unpaired,,,,,,,Intact,Intact,Out,Packed,DFGin,BLBplus,NTin,CTin,64.18,16.76,13.52,10.45,121.24,5.69,13.06,16.55,4.19,1.9,2.87,2.86,3.43,4.04,7.12,10.24,4.22,9.42,3.89,3.75,3.19,3.58,0.93,0.91
csk-wtcat_holo_seed-440440_sample-4_model,csk-wtcat_holo/seed-440440_sample-4,model.cif,A,CSK-WT,Inactive (BLBplus),Unpaired,,,,,,,Intact,Intact,Out,Packed,DFGin,BLBplus,NTout,CTin,59.01,19.97,13.62,10.69,126.09,5.4,12.92,16.58,3.54,1.94,2.68,3.26,3.41,4.16,7.06,10.29,4.13,9.39,3.88,3.67,2.91,3.57,0.94,0.9
csk-wtcat_holo_seed-553111_sample-0_model,csk-wtcat_holo/seed-553111_sample-0,model.cif,A,CSK-WT,Inactive (BLBplus),Unpaired,,,,,,,Broken,Intact,Out,Packed,DFGin,BLBplus,NTout,CTout,60.7,24.76,14.75,11.02,130.76,5.96,13.59,17.41,3.61,2.05,2.82,3.3,3.62,4.04,7.16,10.3,4.16,9.45,3.8,3.63,3.23,3.52,0.94,0.92
csk-wtcat_holo_seed-553111_sample-1_model,csk-wtcat_holo/seed-553111_sample-1,model.cif,A,CSK-WT,Inactive (BLBplus),Unpaired,,,,,,,Intact,Intact,Out,Packed,DFGin,BLBplus,NTout,CTin,59.45,20.67,13.54,10.58,119.95,5.65,13.06,13.78,4.21,2.16,2.73,2.83,3.43,4.18,7.1,10.32,4.21,9.57,3.93,3.65,3.2,3.64,0.93,0.91
csk-wtcat_holo_seed-553111_sample-2_model,csk-wtcat_holo/seed-553111_sample-2,model.cif,A,CSK-WT,Inactive (BLBplus),Unpaired,,,,,,,Intact,Intact,Out,Packed,DFGin,BLBplus,NTout,CTin,58.77,21.38,13.68,10.6,122.13,5.83,13.07,14.11,4.09,1.86,2.76,2.81,3.49,4.09,7.15,10.1,4.06,9.41,3.88,4.02,3.2,3.61,0.93,0.91
csk-wtcat_holo_seed-553111_sample-3_model,csk-wtcat_holo/seed-553111_sample-3,model.cif,A,CSK-WT,Inactive (BLBplus),Unpaired,,,,,,,Intact,Intact,Out,Packed,DFGin,BLBplus,NTout,CTin,59.64,18.88,13.54,10.52,123.33,5.65,12.97,16.46,3.35,2.02,2.69,3.19,3.44,4.01,7.14,10.16,4.08,9.4,3.89,4.08,3.18,3.58,0.93,0.9
csk-wtcat_holo_seed-553111_sample-4_model,csk-wtcat_holo/seed-553111_sample-4,model.cif,A,CSK-WT,Inactive (BLBplus),Unpaired,,,,,,,Intact,Intact,Out,Packed,DFGin,BLBplus,NTout,CTin,59.53,20.37,13.97,10.78,125.7,5.63,13.15,16.45,3.37,2.04,2.6,3.18,3.33,4.03,7.12,10.2,4.12,9.46,3.92,3.76,3.21,3.59,0.94,0.91
csk-wtcat_holo_seed-555075_sample-0_model,csk-wtcat_holo/seed-555075_sample-0,model.cif,A,CSK-WT,Inactive (BLBplus),Unpaired,,,,,,,Intact,Intact,Out,Packed,DFGin,BLBplus,NTout,CTin,58.93,20.22,13.92,10.4,125.33,5.48,13.23,16.36,4.61,1.91,2.78,2.48,3.43,4.07,7.07,10.18,4.11,9.5,3.92,3.78,3.14,3.64,0.93,0.91
csk-wtcat_holo_seed-555075_sample-1_model,csk-wtcat_holo/seed-555075_sample-1,model.cif,A,CSK-WT,Inactive (BLBplus),Unpaired,,,,,,,Intact,Intact,Out,Packed,DFGin,BLBplus,NTin,CTin,58.84,35.81,13.98,10.97,128.25,6.21,13.22,17.04,3.26,2.06,2.89,3.22,3.54,4.02,7.16,10.19,4.07,8.51,3.93,3.75,3.43,3.49,0.94,0.91
csk-wtcat_holo_seed-555075_sample-2_model,csk-wtcat_holo/seed-555075_sample-2,model.cif,A,CSK-WT,Inactive (BLBplus),Unpaired,,,,,,,Intact,Intact,Out,Packed,DFGin,BLBplus,NTin,CTin,58.07,22.33,13.92,10.71,128.24,5.51,13.27,13.64,3.95,2.1,2.75,3.12,3.36,4.1,7.07,10.29,4.15,9.45,3.89,3.74,3.15,3.61,0.94,0.91
csk-wtcat_holo_seed-555075_sample-3_model,csk-wtcat_holo/seed-555075_sample-3,model.cif,A,CSK-WT,Inactive (BLBplus),Unpaired,,,,,,,Broken,Intact,Out,Packed,DFGin,BLBplus,NTin,CTin,57.49,43.09,14.66,10.96,132.29,5.85,13.87,17.14,3.1,2.0,2.78,3.37,3.42,4.2,7.08,10.26,4.08,8.8,3.81,3.82,3.64,3.53,0.95,0.92
csk-wtcat_holo_seed-555075_sample-4_model,csk-wtcat_holo/seed-555075_sample-4,model.cif,A,CSK-WT,Active (BLAminus),Unpaired,,,,,,,Intact,Intact,Out,Packed,DFGin,BLAminus,NTin,CTin,64.14,81.71,15.08,11.16,139.32,7.38,14.33,16.28,3.91,1.79,2.44,3.34,3.51,4.16,6.99,10.16,4.16,9.35,3.83,3.66,3.47,3.57,0.94,0.91
csk-wtcat_holo_seed-632309_sample-0_model,csk-wtcat_holo/seed-632309_sample-0,model.cif,A,CSK-WT,Inactive (BLBplus),Unpaired,,,,,,,Intact,Intact,Out,Packed,DFGin,BLBplus,NTin,CTin,58.34,21.95,13.57,10.62,129.23,5.56,12.81,14.34,2.86,1.98,2.42,3.17,3.44,4.12,7.07,10.17,4.19,9.42,3.9,3.73,3.16,3.6,0.94,0.91
csk-wtcat_holo_seed-632309_sample-1_model,csk-wtcat_holo/seed-632309_sample-1,model.cif,A,CSK-WT,Inactive (BLBplus),Unpaired,,,,,,,Broken,Intact,Out,Packed,DFGin,BLBplus,NTin,CTin,58.4,48.9,13.53,10.77,129.47,6.18,13.61,16.39,2.66,2.09,2.72,3.38,3.33,3.95,7.1,10.25,4.23,8.92,3.87,3.53,3.45,3.52,0.95,0.91
csk-wtcat_holo_seed-632309_sample-2_model,csk-wtcat_holo/seed-632309_sample-2,model.cif,A,CSK-WT,Inactive (BLAplus),Unpaired,,,,,,,Intact,Intact,Out,Packed,DFGin,BLAplus,NTin,CTin,57.13,39.47,16.13,12.07,126.21,5.91,12.97,14.84,3.55,2.11,2.85,4.91,3.54,3.98,7.12,10.11,4.21,8.75,3.93,3.65,3.39,3.55,0.94,0.91
csk-wtcat_holo_seed-632309_sample-3_model,csk-wtcat_holo/seed-632309_sample-3,model.cif,A,CSK-WT,Inactive (BLAplus),Unpaired,,,,,,,Intact,Intact,Out,Packed,DFGin,BLAplus,NTin,CTin,60.19,21.37,13.58,10.65,123.51,5.68,13.11,17.57,3.22,1.99,2.85,3.58,3.5,4.01,7.14,10.17,4.24,9.57,3.93,3.59,3.26,3.59,0.94,0.91
csk-wtcat_holo_seed-632309_sample-4_model,csk-wtcat_holo/seed-632309_sample-4,model.cif,A,CSK-WT,Inactive (BLBplus),Unpaired,,,,,,,Broken,Intact,Out,Packed,DFGin,BLBplus,NTin,CTout,57.28,46.4,13.92,10.71,125.01,5.98,13.77,17.05,4.04,2.32,3.22,2.95,3.53,4.12,7.12,10.35,4.11,8.93,3.9,3.6,3.29,3.51,0.95,0.91
csk-wtcat_holo_seed-685755_sample-0_model,csk-wtcat_holo/seed-685755_sample-0,model.cif,A,CSK-WT,Inactive (BLBplus),Unpaired,,,,,,,Intact,Intact,Out,Packed,DFGin,BLBplus,NTin,CTin,58.5,19.83,14.39,11.09,130.17,5.5,13.11,15.92,3.44,2.0,2.68,3.24,3.46,4.21,7.1,10.25,4.0,9.51,3.95,4.06,3.34,3.63,0.93,0.9
csk-wtcat_holo_seed-685755_sample-1_model,csk-wtcat_holo/seed-685755_sample-1,model.cif,A,CSK-WT,Inactive (BLBplus),Unpaired,,,,,,,Intact,Intact,Out,Packed,DFGin,BLBplus,NTin,CTin,58.39,21.55,13.46,10.51,128.92,5.53,12.98,16.51,3.85,1.78,2.63,3.08,3.36,4.2,7.06,10.16,4.22,9.36,3.89,3.69,2.97,3.57,0.93,0.9
csk-wtcat_holo_seed-685755_sample-2_model,csk-wtcat_holo/seed-685755_sample-2,model.cif,A,CSK-WT,Inactive (BLBplus),Unpaired,,,,,,,Intact,Intact,Out,Packed,DFGin,BLBplus,NTin,CTin,55.01,38.05,14.34,11.35,128.62,5.5,13.28,16.74,2.79,2.18,2.93,3.28,3.52,4.03,7.11,10.46,4.09,8.99,3.86,3.62,3.64,3.51,0.95,0.91
csk-wtcat_holo_seed-685755_sample-3_model,csk-wtcat_holo/seed-685755_sample-3,model.cif,A,CSK-WT,Inactive (BLBplus),Unpaired,,,,,,,Intact,Intact,Out,Packed,DFGin,BLBplus,NTout,CTin,60.68,18.98,13.09,10.46,123.76,5.61,12.79,15.99,2.94,1.99,2.59,3.31,3.43,3.98,7.12,10.12,4.17,9.45,3.95,3.61,3.26,3.57,0.93,0.9
csk-wtcat_holo_seed-685755_sample-4_model,csk-wtcat_holo/seed-685755_sample-4,model.cif,A,CSK-WT,Inactive (BLBplus),Unpaired,,,,,,,Intact,Intact,Out,Packed,DFGin,BLBplus,NTin,CTin,62.0,27.02,12.97,10.56,115.11,6.08,12.87,18.17,3.53,2.06,2.94,3.2,3.54,4.23,6.92,10.21,4.15,9.65,3.7,3.46,2.58,3.54,0.94,0.91
csk-wtcat_holo_seed-71467_sample-0_model,csk-wtcat_holo/seed-71467_sample-0,model.cif,A,CSK-WT,Inactive (BLBplus),Unpaired,,,,,,,Intact,Intact,Out,Packed,DFGin,BLBplus,NTin,CTin,59.06,20.41,13.88,10.61,127.44,5.73,13.19,16.65,3.71,1.99,2.74,3.06,3.49,4.11,7.1,10.24,4.09,9.42,3.9,3.72,3.21,3.59,0.93,0.9
csk-wtcat_holo_seed-71467_sample-1_model,csk-wtcat_holo/seed-71467_sample-1,model.cif,A,CSK-WT,Inactive (BLBplus),Unpaired,,,,,,,Intact,Intact,Out,Packed,DFGin,BLBplus,NTout,CTin,57.51,22.56,13.7,10.68,130.2,5.31,13.06,16.69,3.23,2.05,2.53,3.31,3.36,4.22,7.06,10.16,4.08,9.43,3.87,3.79,3.06,3.57,0.93,0.9
csk-wtcat_holo_seed-71467_sample-2_model,csk-wtcat_holo/seed-71467_sample-2,model.cif,A,CSK-WT,Inactive (BLBplus),Unpaired,,,,,,,Intact,Intact,Out,Packed,DFGin,BLBplus,NTin,CTin,55.45,42.26,14.61,11.0,135.31,5.74,13.75,17.78,3.84,2.08,2.97,3.15,3.5,4.11,7.06,10.29,4.13,8.92,3.71,3.67,3.45,3.46,0.95,0.92
csk-wtcat_holo_seed-71467_sample-3_model,csk-wtcat_holo/seed-71467_sample-3,model.cif,A,CSK-WT,Inactive (BLBplus),Unpaired,,,,,,,Intact,Intact,Out,Packed,DFGin,BLBplus,NTin,CTin,59.47,20.66,13.98,10.72,128.0,5.66,12.97,14.25,3.14,2.15,2.57,3.13,3.38,3.97,7.15,10.13,4.12,9.49,3.9,3.7,3.07,3.61,0.93,0.9
csk-wtcat_holo_seed-71467_sample-4_model,csk-wtcat_holo/seed-71467_sample-4,model.cif,A,CSK-WT,Inactive (BLBplus),Unpaired,,,,,,,Intact,Intact,Out,Packed,DFGin,BLBplus,NTin,CTin,59.83,19.02,13.9,10.79,128.13,5.54,13.08,16.26,3.33,2.01,2.69,3.31,3.45,4.07,7.1,10.2,4.14,9.46,3.96,3.73,3.17,3.63,0.93,0.9
csk-wtcat_holo_seed-761991_sample-0_model,csk-wtcat_holo/seed-761991_sample-0,model.cif,A,CSK-WT,Inactive (BLBplus),Unpaired,,,,,,,Intact,Intact,Out,Packed,DFGin,BLBplus,NTin,CTin,59.27,19.99,13.71,10.61,128.13,5.48,12.94,13.8,3.23,1.89,2.55,3.22,3.49,4.02,7.1,10.26,4.16,9.43,3.91,3.64,3.16,3.6,0.93,0.9
csk-wtcat_holo_seed-761991_sample-1_model,csk-wtcat_holo/seed-761991_sample-1,model.cif,A,CSK-WT,Inactive (BLBplus),Unpaired,,,,,,,Intact,Intact,Out,Packed,DFGin,BLBplus,NTout,CTin,58.75,19.87,13.39,10.54,126.05,5.54,13.13,16.66,3.0,1.95,2.55,3.08,3.44,4.06,7.13,10.36,4.16,9.47,3.93,3.59,3.3,3.59,0.94,0.91
csk-wtcat_holo_seed-761991_sample-2_model,csk-wtcat_holo/seed-761991_sample-2,model.cif,A,CSK-WT,Inactive (BLAplus),Unpaired,,,,,,,Intact,Intact,Out,Packed,DFGin,BLAplus,NTin,CTin,54.66,39.68,14.68,10.98,131.14,5.88,13.37,17.17,4.07,1.95,2.83,3.32,3.51,4.01,7.14,10.24,4.06,9.33,3.88,3.78,3.28,3.56,0.94,0.91
csk-wtcat_holo_seed-761991_sample-3_model,csk-wtcat_holo/seed-761991_sample-3,model.cif,A,CSK-WT,Inactive (BLBplus),Unpaired,,,,,,,Intact,Intact,Out,Packed,DFGin,BLBplus,NTin,CTin,58.91,21.03,13.84,10.58,126.9,5.66,12.97,14.69,3.62,1.88,2.63,3.35,3.38,4.08,7.07,10.25,4.14,9.41,3.93,3.65,3.1,3.62,0.93,0.9
csk-wtcat_holo_seed-761991_sample-4_model,csk-wtcat_holo/seed-761991_sample-4,model.cif,A,CSK-WT,Inactive (BLBplus),Unpaired,,,,,,,Intact,Intact,Out,Packed,DFGin,BLBplus,NTin,CTin,56.38,41.75,14.28,10.8,128.52,5.68,13.36,17.49,3.12,2.25,2.76,3.35,3.54,3.93,7.21,10.4,4.24,8.91,3.87,3.55,3.43,3.52,0.94,0.92
csk-wtcat_holo_seed-821904_sample-0_model,csk-wtcat_holo/seed-821904_sample-0,model.cif,A,CSK-WT,Inactive (BLBplus),Unpaired,,,,,,,Intact,Intact,Out,Packed,DFGin,BLBplus,NTout,CTin,59.56,20.12,13.39,10.6,123.13,5.65,13.13,16.21,3.07,2.0,2.5,3.18,3.48,4.01,7.16,10.19,4.13,9.49,3.97,3.63,3.16,3.59,0.94,0.91
csk-wtcat_holo_seed-821904_sample-1_model,csk-wtcat_holo/seed-821904_sample-1,model.cif,A,CSK-WT,Inactive (BLBplus),Unpaired,,,,,,,Broken,Intact,Out,Packed,DFGin,BLBplus,NTin,CTin,55.8,38.16,14.67,11.17,139.94,6.06,13.93,17.13,3.66,1.94,2.59,3.38,3.5,3.93,7.21,10.34,4.11,8.94,3.83,3.64,3.29,3.54,0.94,0.91
csk-wtcat_holo_seed-821904_sample-2_model,csk-wtcat_holo/seed-821904_sample-2,model.cif,A,CSK-WT,Inactive (BLBplus),Unpaired,,,,,,,Intact,Intact,Out,Packed,DFGin,BLBplus,NTin,CTin,62.17,26.33,14.32,11.01,130.12,6.3,13.56,15.99,3.29,2.05,2.9,3.36,3.66,4.22,7.04,10.16,4.12,9.57,3.79,3.64,4.36,3.53,0.95,0.91
csk-wtcat_holo_seed-821904_sample-3_model,csk-wtcat_holo/seed-821904_sample-3,model.cif,A,CSK-WT,Inactive (BLBplus),Unpaired,,,,,,,Intact,Intact,Out,Packed,DFGin,BLBplus,NTin,CTin,59.11,20.03,13.9,10.77,121.28,5.73,13.01,13.89,4.42,1.85,2.73,3.05,3.37,4.06,7.2,10.26,4.14,9.48,3.95,3.71,3.2,3.63,0.93,0.9
csk-wtcat_holo_seed-821904_sample-4_model,csk-wtcat_holo/seed-821904_sample-4,model.cif,A,CSK-WT,Inactive (BLBplus),Unpaired,,,,,,,Intact,Intact,Out,Packed,DFGin,BLBplus,NTout,CTin,59.14,27.12,14.37,10.7,130.51,5.81,13.35,16.8,4.41,1.97,3.0,3.48,3.58,4.19,6.95,10.12,4.14,9.5,3.58,3.76,2.54,3.51,0.94,0.91
csk-wtcat_holo_seed-854587_sample-0_model,csk-wtcat_holo/seed-854587_sample-0,model.cif,A,CSK-WT,Inactive (BLBplus),Unpaired,,,,,,,Intact,Intact,Out,Packed,DFGin,BLBplus,NTin,CTin,58.17,21.93,13.66,10.49,122.65,5.56,13.16,13.46,3.86,1.87,2.68,3.25,3.47,4.02,7.15,10.23,4.1,9.45,3.92,3.63,3.21,3.58,0.93,0.9
csk-wtcat_holo_seed-854587_sample-1_model,csk-wtcat_holo/seed-854587_sample-1,model.cif,A,CSK-WT,Inactive (BLBplus),Unpaired,,,,,,,Intact,Intact,Out,Packed,DFGin,BLBplus,NTout,CTin,57.95,22.11,13.81,10.44,128.04,5.67,13.03,13.61,3.86,1.86,2.64,3.15,3.47,4.02,7.16,10.21,3.97,9.46,3.9,4.05,3.19,3.63,0.93,0.9
csk-wtcat_holo_seed-854587_sample-2_model,csk-wtcat_holo/seed-854587_sample-2,model.cif,A,CSK-WT,Inactive (BLAplus),Unpaired,,,,,,,Intact,Intact,Out,Packed,DFGin,BLAplus,NTin,CTin,56.87,44.2,13.78,11.0,118.41,6.19,13.17,16.09,3.58,1.89,2.66,3.31,3.62,4.02,7.16,10.14,4.14,8.78,3.91,3.76,3.42,3.63,0.94,0.91
csk-wtcat_holo_seed-854587_sample-3_model,csk-wtcat_holo/seed-854587_sample-3,model.cif,A,CSK-WT,Inactive (BLBplus),Unpaired,,,,,,,Intact,Intact,Out,Packed,DFGin,BLBplus,NTin,CTin,59.66,18.84,13.48,10.44,130.34,5.48,13.22,16.24,3.4,1.93,2.54,3.2,3.41,4.01,7.14,10.32,4.13,9.49,3.99,3.66,3.14,3.6,0.94,0.9
csk-wtcat_holo_seed-854587_sample-4_model,csk-wtcat_holo/seed-854587_sample-4,model.cif,A,CSK-WT,Inactive (BLAplus),Unpaired,,,,,,,Intact,Intact,Out,Packed,DFGin,BLAplus,NTin,CTin,50.49,49.91,14.5,11.42,129.84,5.43,12.83,16.68,2.91,2.1,2.88,3.25,3.41,4.2,6.98,10.48,4.05,9.0,3.83,3.58,3.39,3.48,0.95,0.92
csk-wtcat_holo_seed-865704_sample-0_model,csk-wtcat_holo/seed-865704_sample-0,model.cif,A,CSK-WT,Inactive (BLBplus),Unpaired,,,,,,,Intact,Intact,Out,Packed,DFGin,BLBplus,NTout,CTin,58.1,21.18,13.43,10.6,125.74,5.55,12.97,13.72,3.19,1.93,2.64,3.15,3.35,4.11,7.11,10.35,4.17,9.49,3.91,3.65,3.22,3.59,0.94,0.91
csk-wtcat_holo_seed-865704_sample-1_model,csk-wtcat_holo/seed-865704_sample-1,model.cif,A,CSK-WT,Inactive (BLBplus),Unpaired,,,,,,,Intact,Intact,Out,Packed,DFGin,BLBplus,NTout,CTin,56.04,24.13,13.84,10.85,125.69,5.45,13.07,13.9,3.78,1.88,2.7,3.2,3.42,4.09,7.13,10.36,4.18,9.41,3.89,3.67,3.16,3.59,0.93,0.91
csk-wtcat_holo_seed-865704_sample-2_model,csk-wtcat_holo/seed-865704_sample-2,model.cif,A,CSK-WT,Inactive (BLBplus),Unpaired,,,,,,,Intact,Intact,Out,Packed,DFGin,BLBplus,NTout,CTin,58.11,21.33,14.09,11.01,127.02,5.37,13.02,16.24,4.04,1.95,2.62,3.37,3.32,4.19,7.09,10.15,4.07,9.42,3.82,4.12,3.08,3.62,0.93,0.91
csk-wtcat_holo_seed-865704_sample-3_model,csk-wtcat_holo/seed-865704_sample-3,model.cif,A,CSK-WT,Inactive (BLBplus),Unpaired,,,,,,,Broken,Intact,Out,Packed,DFGin,BLBplus,NTin,CTin,51.78,44.54,15.09,10.95,125.57,5.88,13.72,17.37,4.62,2.13,3.07,3.11,3.54,4.05,7.11,10.45,4.05,8.74,3.84,3.57,3.14,3.54,0.95,0.92
csk-wtcat_holo_seed-865704_sample-4_model,csk-wtcat_holo/seed-865704_sample-4,model.cif,A,CSK-WT,Inactive (BLBplus),Unpaired,,,,,,,Intact,Intact,Out,Packed,DFGin,BLBplus,NTin,CTin,53.3,42.1,13.62,10.93,119.89,5.92,12.99,17.05,3.7,2.14,2.84,3.05,3.53,3.98,7.12,10.26,4.2,8.79,3.91,3.57,3.31,3.47,0.95,0.92
csk-wtcat_holo_seed-899531_sample-0_model,csk-wtcat_holo/seed-899531_sample-0,model.cif,A,CSK-WT,Inactive (BLBplus),Unpaired,,,,,,,Intact,Intact,Out,Packed,DFGin,BLBplus,NTout,CTin,59.26,19.07,14.04,10.61,133.05,5.63,13.11,16.36,4.19,1.77,2.66,3.26,3.48,4.13,7.07,10.2,4.09,9.43,3.93,3.61,3.24,3.59,0.93,0.91
csk-wtcat_holo_seed-899531_sample-1_model,csk-wtcat_holo/seed-899531_sample-1,model.cif,A,CSK-WT,Inactive (BLBplus),Unpaired,,,,,,,Intact,Intact,Out,Packed,DFGin,BLBplus,NTout,CTin,59.83,18.08,13.88,10.76,129.59,5.55,13.16,16.15,2.99,1.92,2.51,3.22,3.42,4.0,7.11,10.24,4.12,9.42,3.97,3.71,3.17,3.6,0.94,0.91
csk-wtcat_holo_seed-899531_sample-2_model,csk-wtcat_holo/seed-899531_sample-2,model.cif,A,CSK-WT,Inactive (BLBplus),Unpaired,,,,,,,Intact,Intact,Out,Packed,DFGin,BLBplus,NTout,CTin,59.82,19.79,13.81,10.62,127.5,5.63,13.19,13.96,3.39,1.97,2.68,3.23,3.45,4.03,7.13,10.28,4.15,9.44,3.96,3.73,3.2,3.62,0.94,0.91
csk-wtcat_holo_seed-899531_sample-3_model,csk-wtcat_holo/seed-899531_sample-3,model.cif,A,CSK-WT,Inactive (BLBplus),Unpaired,,,,,,,Intact,Intact,Out,Packed,DFGin,BLBplus,NTout,CTin,59.59,20.29,13.99,10.79,130.74,5.59,13.2,16.06,3.24,2.01,2.53,3.23,3.43,4.03,7.14,10.27,4.04,9.45,3.86,4.04,3.19,3.6,0.94,0.91
csk-wtcat_holo_seed-899531_sample-4_model,csk-wtcat_holo/seed-899531_sample-4,model.cif,A,CSK-WT,Inactive (BLBplus),Unpaired,,,,,,,Intact,Intact,Out,Packed,DFGin,BLBplus,NTout,CTin,60.37,19.49,13.76,10.57,122.13,5.73,13.07,13.91,3.81,2.07,2.73,3.15,3.27,4.1,7.11,10.22,4.14,9.55,3.95,3.64,3.26,3.59,0.93,0.91
csk-wtcat_holo_seed-973489_sample-0_model,csk-wtcat_holo/seed-973489_sample-0,model.cif,A,CSK-WT,Inactive (BLBplus),Unpaired,,,,,,,Intact,Intact,Out,Packed,DFGin,BLBplus,NTout,CTin,58.48,26.82,13.86,10.37,130.59,5.97,13.48,17.19,4.46,2.01,2.88,3.13,3.56,4.04,7.08,10.22,4.11,9.56,3.79,3.75,3.14,3.49,0.94,0.91
csk-wtcat_holo_seed-973489_sample-1_model,csk-wtcat_holo/seed-973489_sample-1,model.cif,A,CSK-WT,Inactive (BLBplus),Unpaired,,,,,,,Intact,Intact,Out,Packed,DFGin,BLBplus,NTout,CTin,59.79,20.89,13.46,10.59,129.13,5.66,13.08,16.25,2.97,1.88,2.45,3.35,3.45,3.98,7.13,10.22,4.21,9.45,3.91,3.7,3.21,3.57,0.94,0.91
csk-wtcat_holo_seed-973489_sample-2_model,csk-wtcat_holo/seed-973489_sample-2,model.cif,A,CSK-WT,Inactive (BLBplus),Unpaired,,,,,,,Intact,Intact,Out,Packed,DFGin,BLBplus,NTin,CTin,55.01,37.72,14.16,11.09,126.23,5.41,13.18,16.42,4.02,2.06,2.88,2.98,3.46,4.09,7.03,10.36,4.29,9.03,3.87,3.52,3.32,3.49,0.95,0.92
csk-wtcat_holo_seed-973489_sample-3_model,csk-wtcat_holo/seed-973489_sample-3,model.cif,A,CSK-WT,Inactive (BLBplus),Unpaired,,,,,,,Intact,Intact,Out,Packed,DFGin,BLBplus,NTin,CTin,52.77,41.65,14.37,11.0,140.16,5.14,13.34,16.63,3.57,1.97,2.46,3.32,3.53,4.18,7.01,10.17,4.26,9.09,3.84,3.6,3.3,3.46,0.94,0.92
csk-wtcat_holo_seed-973489_sample-4_model,csk-wtcat_holo/seed-973489_sample-4,model.cif,A,CSK-WT,Inactive (BLBplus),Unpaired,,,,,,,Intact,Intact,Out,Packed,DFGin,BLBplus,NTout,CTin,60.33,21.05,13.67,10.58,130.59,5.66,13.01,13.72,3.16,1.88,2.57,3.12,3.48,4.09,7.07,10.2,4.17,9.46,3.92,3.8,3.18,3.6,0.94,0.9
