Simulation_ID,Directory,File,Chain,Type,State,Role,Partner,CoFactor_Name,CoFactor_aC_Dist,CoFactor_ActLoop_Dist,Interface_C_Lobe_Donor_Dist,Interface_N_Lobe_Rec_Dist,R_Spine,C_Spine,C_Helix,Shell_State,Spatial,Dihedral,ActLoop_NT,ActLoop_CT,Phi_D,Psi_D,Cleft_Gape_Dist,Mg_Hijack_Dist,Substrate_Clearance_Angle,D1_Dist,D2_Dist,SB_Dist,HRD_ATP_Dist,DFG_Mg_Dist,DFG_ATP_Dist,PLoop_ATP_Dist,aCb4_aE_Dist,Spine_Bridge_Dist,V104_RS2_Dist,I150_HRD_Dist,Shell_M118_M120_Dist,Y156_N99_Dist,K105_E107_Dist,K105_E121_Dist,K105_N99_Dist,D220_HRD_Dist,ipTM,pTM,PAE_A_to_B,PAE_B_to_A,PAE_Mean_AB,Clean_Sim_ID,Condition_designed,Physical_Chain_State,Condition_reviewed,Sim_Has_Mismatch,Actual_Target_Apo,Physical_State,Condition_clean,Condition_physical,Condition,Macro_State,Binary_State,Binary_C_Helix,Binary_R_Spine,Binary_Spatial
a-csk-wtcat-apo_b-src-wtcat-apo_seed-1035224_sample-0_model,a-csk-wtcat-apo_b-src-wtcat-apo/seed-1035224_sample-0,model.cif,B,SRC-WT,Active (BLAminus),C-lobe Donor,A,NA,NA,NA,2.48,9.96,Intact,No Ligand,In,Packed,DFGin,BLAminus,NTin,CTin,57.8,53.37,14.72,NA,NA,6.95,15.02,2.73,NA,NA,NA,NA,3.44,7.67,7.27,10.04,4.05,8.33,3.79,3.47,3.14,3.43,0.79,0.83,10.89,11.09,10.99,a-csk-wtcat-apo_b-src-wtcat-apo,"csk-wtcat-apo
src-wtcat-apo",apo,"csk-wtcat-apo
src-wtcat-apo",FALSE,TRUE,Apo,"csk-wtcat-apo
src-wtcat-apo","csk-wtcat-apo
src-wtcat-apo
[SRC = Apo]","csk-wtcat-apo
src-wtcat-apo
[SRC = Apo]",State 1,Active (BLAminus),In,Intact,DFGin
a-csk-wtcat-apo_b-src-wtcat-apo_seed-1035224_sample-1_model,a-csk-wtcat-apo_b-src-wtcat-apo/seed-1035224_sample-1,model.cif,B,SRC-WT,Active (BLAminus),C-lobe Donor,A,NA,NA,NA,2.51,9.8,Intact,No Ligand,In,Packed,DFGin,BLAminus,NTin,CTin,61.18,57.55,15.59,NA,NA,6.89,14.99,2.93,NA,NA,NA,NA,3.04,7.69,7.28,10.06,4.08,8.51,3.79,3.42,3.14,3.44,0.81,0.84,10.55,10.81,10.68,a-csk-wtcat-apo_b-src-wtcat-apo,"csk-wtcat-apo
src-wtcat-apo",apo,"csk-wtcat-apo
src-wtcat-apo",FALSE,TRUE,Apo,"csk-wtcat-apo
src-wtcat-apo","csk-wtcat-apo
src-wtcat-apo
[SRC = Apo]","csk-wtcat-apo
src-wtcat-apo
[SRC = Apo]",State 1,Active (BLAminus),In,Intact,DFGin
a-csk-wtcat-apo_b-src-wtcat-apo_seed-1035224_sample-2_model,a-csk-wtcat-apo_b-src-wtcat-apo/seed-1035224_sample-2,model.cif,B,SRC-WT,Active (BLAminus),C-lobe Donor,A,NA,NA,NA,2.6,9.95,Intact,No Ligand,In,Packed,DFGin,BLAminus,NTin,CTin,55.08,56.49,15.48,NA,NA,6.89,15.02,2.72,NA,NA,NA,NA,3.24,7.66,7.29,10,3.97,8.52,3.76,3.91,3.1,3.36,0.81,0.84,10.52,10.87,10.7,a-csk-wtcat-apo_b-src-wtcat-apo,"csk-wtcat-apo
src-wtcat-apo",apo,"csk-wtcat-apo
src-wtcat-apo",FALSE,TRUE,Apo,"csk-wtcat-apo
src-wtcat-apo","csk-wtcat-apo
src-wtcat-apo
[SRC = Apo]","csk-wtcat-apo
src-wtcat-apo
[SRC = Apo]",State 2,Active (BLAminus),In,Intact,DFGin
a-csk-wtcat-apo_b-src-wtcat-apo_seed-1035224_sample-3_model,a-csk-wtcat-apo_b-src-wtcat-apo/seed-1035224_sample-3,model.cif,B,SRC-WT,Active (BLAminus),C-lobe Donor,A,NA,NA,NA,2.6,9.03,Intact,No Ligand,In,Packed,DFGin,BLAminus,NTin,CTin,54.93,58.47,16.86,NA,NA,6.96,15.38,2.81,NA,NA,NA,NA,3.09,7.66,7.28,10.02,4.09,8.43,3.77,3.37,3.1,3.46,0.81,0.84,10.6,10.91,10.75,a-csk-wtcat-apo_b-src-wtcat-apo,"csk-wtcat-apo
src-wtcat-apo",apo,"csk-wtcat-apo
src-wtcat-apo",FALSE,TRUE,Apo,"csk-wtcat-apo
src-wtcat-apo","csk-wtcat-apo
src-wtcat-apo
[SRC = Apo]","csk-wtcat-apo
src-wtcat-apo
[SRC = Apo]",State 1,Active (BLAminus),In,Intact,DFGin
a-csk-wtcat-apo_b-src-wtcat-apo_seed-1035224_sample-4_model,a-csk-wtcat-apo_b-src-wtcat-apo/seed-1035224_sample-4,model.cif,B,SRC-WT,Active (BLAminus),C-lobe Donor,A,NA,NA,NA,2.52,9.44,Intact,No Ligand,In,Packed,DFGin,BLAminus,NTin,CTin,62.94,55.97,15.19,NA,NA,6.84,15.03,2.73,NA,NA,NA,NA,2.99,7.67,7.23,9.99,4.04,8.39,3.75,3.42,3.15,3.43,0.8,0.84,10.75,10.93,10.84,a-csk-wtcat-apo_b-src-wtcat-apo,"csk-wtcat-apo
src-wtcat-apo",apo,"csk-wtcat-apo
src-wtcat-apo",FALSE,TRUE,Apo,"csk-wtcat-apo
src-wtcat-apo","csk-wtcat-apo
src-wtcat-apo
[SRC = Apo]","csk-wtcat-apo
src-wtcat-apo
[SRC = Apo]",State 1,Active (BLAminus),In,Intact,DFGin
a-csk-wtcat-apo_b-src-wtcat-apo_seed-105622_sample-0_model,a-csk-wtcat-apo_b-src-wtcat-apo/seed-105622_sample-0,model.cif,B,SRC-WT,Active (BLAminus),C-lobe Donor,A,NA,NA,NA,2.65,9.18,Intact,No Ligand,In,Packed,DFGin,BLAminus,NTin,CTin,62.81,56.38,16.07,NA,NA,6.88,15.18,2.73,NA,NA,NA,NA,3.14,7.71,7.28,10,4.07,8.5,3.81,3.46,3.09,3.44,0.82,0.85,10.38,10.6,10.49,a-csk-wtcat-apo_b-src-wtcat-apo,"csk-wtcat-apo
src-wtcat-apo",apo,"csk-wtcat-apo
src-wtcat-apo",FALSE,TRUE,Apo,"csk-wtcat-apo
src-wtcat-apo","csk-wtcat-apo
src-wtcat-apo
[SRC = Apo]","csk-wtcat-apo
src-wtcat-apo
[SRC = Apo]",State 1,Active (BLAminus),In,Intact,DFGin
a-csk-wtcat-apo_b-src-wtcat-apo_seed-105622_sample-1_model,a-csk-wtcat-apo_b-src-wtcat-apo/seed-105622_sample-1,model.cif,B,SRC-WT,Active (BLAminus),C-lobe Donor,A,NA,NA,NA,2.46,8.73,Intact,No Ligand,In,Packed,DFGin,BLAminus,NTin,CTin,60.18,56.38,16,NA,NA,6.83,15.07,2.84,NA,NA,NA,NA,3.35,7.64,7.32,10.07,3.95,8.39,3.77,3.93,2.87,3.42,0.8,0.84,10.75,11.08,10.91,a-csk-wtcat-apo_b-src-wtcat-apo,"csk-wtcat-apo
src-wtcat-apo",apo,"csk-wtcat-apo
src-wtcat-apo",FALSE,TRUE,Apo,"csk-wtcat-apo
src-wtcat-apo","csk-wtcat-apo
src-wtcat-apo
[SRC = Apo]","csk-wtcat-apo
src-wtcat-apo
[SRC = Apo]",State 2,Active (BLAminus),In,Intact,DFGin
a-csk-wtcat-apo_b-src-wtcat-apo_seed-105622_sample-2_model,a-csk-wtcat-apo_b-src-wtcat-apo/seed-105622_sample-2,model.cif,B,SRC-WT,Active (BLAminus),C-lobe Donor,A,NA,NA,NA,2.53,9.33,Intact,No Ligand,In,Packed,DFGin,BLAminus,NTin,CTin,59.58,62.1,16.58,NA,NA,6.8,15.26,2.74,NA,NA,NA,NA,3.1,7.7,7.25,9.97,4.07,8.53,3.81,3.42,2.99,3.43,0.81,0.84,10.6,10.79,10.7,a-csk-wtcat-apo_b-src-wtcat-apo,"csk-wtcat-apo
src-wtcat-apo",apo,"csk-wtcat-apo
src-wtcat-apo",FALSE,TRUE,Apo,"csk-wtcat-apo
src-wtcat-apo","csk-wtcat-apo
src-wtcat-apo
[SRC = Apo]","csk-wtcat-apo
src-wtcat-apo
[SRC = Apo]",State 1,Active (BLAminus),In,Intact,DFGin
a-csk-wtcat-apo_b-src-wtcat-apo_seed-105622_sample-3_model,a-csk-wtcat-apo_b-src-wtcat-apo/seed-105622_sample-3,model.cif,B,SRC-WT,Active (BLAminus),C-lobe Donor,A,NA,NA,NA,2.5,9.98,Intact,No Ligand,In,Packed,DFGin,BLAminus,NTin,CTin,58.59,63.08,15.15,NA,NA,6.89,14.96,2.87,NA,NA,NA,NA,3.2,7.73,7.25,9.93,4.11,8.49,3.84,3.38,3.28,3.4,0.81,0.84,10.53,10.77,10.65,a-csk-wtcat-apo_b-src-wtcat-apo,"csk-wtcat-apo
src-wtcat-apo",apo,"csk-wtcat-apo
src-wtcat-apo",FALSE,TRUE,Apo,"csk-wtcat-apo
src-wtcat-apo","csk-wtcat-apo
src-wtcat-apo
[SRC = Apo]","csk-wtcat-apo
src-wtcat-apo
[SRC = Apo]",State 1,Active (BLAminus),In,Intact,DFGin
a-csk-wtcat-apo_b-src-wtcat-apo_seed-105622_sample-4_model,a-csk-wtcat-apo_b-src-wtcat-apo/seed-105622_sample-4,model.cif,B,SRC-WT,Active (BLAminus),C-lobe Donor,A,NA,NA,NA,2.52,9.49,Intact,No Ligand,In,Packed,DFGin,BLAminus,NTin,CTin,62.34,56.08,16.64,NA,NA,6.78,15.26,2.73,NA,NA,NA,NA,3,7.65,7.29,9.95,3.97,8.4,3.69,3.93,3.07,3.44,0.81,0.84,10.5,10.67,10.59,a-csk-wtcat-apo_b-src-wtcat-apo,"csk-wtcat-apo
src-wtcat-apo",apo,"csk-wtcat-apo
src-wtcat-apo",FALSE,TRUE,Apo,"csk-wtcat-apo
src-wtcat-apo","csk-wtcat-apo
src-wtcat-apo
[SRC = Apo]","csk-wtcat-apo
src-wtcat-apo
[SRC = Apo]",State 2,Active (BLAminus),In,Intact,DFGin
a-csk-wtcat-apo_b-src-wtcat-apo_seed-1076889_sample-0_model,a-csk-wtcat-apo_b-src-wtcat-apo/seed-1076889_sample-0,model.cif,B,SRC-WT,Active (BLAminus),C-lobe Donor,A,NA,NA,NA,2.58,9.37,Intact,No Ligand,In,Packed,DFGin,BLAminus,NTin,CTin,60.5,56.04,16.19,NA,NA,6.85,15.28,2.75,NA,NA,NA,NA,3.25,7.67,7.2,9.95,4.09,8.4,3.6,3.37,3.1,3.42,0.82,0.85,10.32,10.64,10.48,a-csk-wtcat-apo_b-src-wtcat-apo,"csk-wtcat-apo
src-wtcat-apo",apo,"csk-wtcat-apo
src-wtcat-apo",FALSE,TRUE,Apo,"csk-wtcat-apo
src-wtcat-apo","csk-wtcat-apo
src-wtcat-apo
[SRC = Apo]","csk-wtcat-apo
src-wtcat-apo
[SRC = Apo]",State 1,Active (BLAminus),In,Intact,DFGin
a-csk-wtcat-apo_b-src-wtcat-apo_seed-1076889_sample-1_model,a-csk-wtcat-apo_b-src-wtcat-apo/seed-1076889_sample-1,model.cif,B,SRC-WT,Active (BLAminus),C-lobe Donor,A,NA,NA,NA,2.56,9.28,Intact,No Ligand,In,Packed,DFGin,BLAminus,NTin,CTin,58.44,56.18,15.59,NA,NA,7,15.29,2.89,NA,NA,NA,NA,3.17,7.67,7.26,9.97,4.06,8.44,3.75,3.41,3.13,3.42,0.81,0.84,10.37,10.77,10.57,a-csk-wtcat-apo_b-src-wtcat-apo,"csk-wtcat-apo
src-wtcat-apo",apo,"csk-wtcat-apo
src-wtcat-apo",FALSE,TRUE,Apo,"csk-wtcat-apo
src-wtcat-apo","csk-wtcat-apo
src-wtcat-apo
[SRC = Apo]","csk-wtcat-apo
src-wtcat-apo
[SRC = Apo]",State 1,Active (BLAminus),In,Intact,DFGin
a-csk-wtcat-apo_b-src-wtcat-apo_seed-1076889_sample-2_model,a-csk-wtcat-apo_b-src-wtcat-apo/seed-1076889_sample-2,model.cif,B,SRC-WT,Active (BLAminus),C-lobe Donor,A,NA,NA,NA,2.58,10.51,Intact,No Ligand,In,Packed,DFGin,BLAminus,NTin,CTin,60.9,57.98,15.49,NA,NA,6.81,15.01,2.82,NA,NA,NA,NA,3.32,7.69,7.27,9.95,4.09,8.5,3.82,3.44,3,3.44,0.81,0.84,10.52,10.87,10.7,a-csk-wtcat-apo_b-src-wtcat-apo,"csk-wtcat-apo
src-wtcat-apo",apo,"csk-wtcat-apo
src-wtcat-apo",FALSE,TRUE,Apo,"csk-wtcat-apo
src-wtcat-apo","csk-wtcat-apo
src-wtcat-apo
[SRC = Apo]","csk-wtcat-apo
src-wtcat-apo
[SRC = Apo]",State 1,Active (BLAminus),In,Intact,DFGin
a-csk-wtcat-apo_b-src-wtcat-apo_seed-1076889_sample-3_model,a-csk-wtcat-apo_b-src-wtcat-apo/seed-1076889_sample-3,model.cif,B,SRC-WT,Active (BLAminus),C-lobe Donor,A,NA,NA,NA,2.55,10.62,Intact,No Ligand,In,Packed,DFGin,BLAminus,NTin,CTin,56.35,57.11,15.96,NA,NA,6.86,15.14,2.92,NA,NA,NA,NA,3.01,7.69,7.26,9.98,3.96,8.51,3.73,3.81,3.02,3.42,0.81,0.85,10.4,10.74,10.57,a-csk-wtcat-apo_b-src-wtcat-apo,"csk-wtcat-apo
src-wtcat-apo",apo,"csk-wtcat-apo
src-wtcat-apo",FALSE,TRUE,Apo,"csk-wtcat-apo
src-wtcat-apo","csk-wtcat-apo
src-wtcat-apo
[SRC = Apo]","csk-wtcat-apo
src-wtcat-apo
[SRC = Apo]",State 2,Active (BLAminus),In,Intact,DFGin
a-csk-wtcat-apo_b-src-wtcat-apo_seed-1076889_sample-4_model,a-csk-wtcat-apo_b-src-wtcat-apo/seed-1076889_sample-4,model.cif,B,SRC-WT,Active (BLAminus),C-lobe Donor,A,NA,NA,NA,2.5,9.69,Intact,No Ligand,In,Packed,DFGin,BLAminus,NTin,CTin,59.85,59.19,15.87,NA,NA,6.87,15.16,2.86,NA,NA,NA,NA,3.18,7.7,7.26,10.05,4.07,8.48,3.77,3.43,3.01,3.44,0.81,0.84,10.47,10.89,10.68,a-csk-wtcat-apo_b-src-wtcat-apo,"csk-wtcat-apo
src-wtcat-apo",apo,"csk-wtcat-apo
src-wtcat-apo",FALSE,TRUE,Apo,"csk-wtcat-apo
src-wtcat-apo","csk-wtcat-apo
src-wtcat-apo
[SRC = Apo]","csk-wtcat-apo
src-wtcat-apo
[SRC = Apo]",State 1,Active (BLAminus),In,Intact,DFGin
a-csk-wtcat-apo_b-src-wtcat-apo_seed-1157563_sample-0_model,a-csk-wtcat-apo_b-src-wtcat-apo/seed-1157563_sample-0,model.cif,B,SRC-WT,Active (BLAminus),C-lobe Donor,A,NA,NA,NA,2.56,9.53,Intact,No Ligand,In,Packed,DFGin,BLAminus,NTin,CTin,55.67,56.98,16.62,NA,NA,6.94,15.41,2.66,NA,NA,NA,NA,3.09,7.72,7.26,9.96,4.08,8.5,3.83,3.44,3,3.47,0.81,0.84,10.53,10.88,10.71,a-csk-wtcat-apo_b-src-wtcat-apo,"csk-wtcat-apo
src-wtcat-apo",apo,"csk-wtcat-apo
src-wtcat-apo",FALSE,TRUE,Apo,"csk-wtcat-apo
src-wtcat-apo","csk-wtcat-apo
src-wtcat-apo
[SRC = Apo]","csk-wtcat-apo
src-wtcat-apo
[SRC = Apo]",State 1,Active (BLAminus),In,Intact,DFGin
a-csk-wtcat-apo_b-src-wtcat-apo_seed-1157563_sample-1_model,a-csk-wtcat-apo_b-src-wtcat-apo/seed-1157563_sample-1,model.cif,B,SRC-WT,Active (BLAminus),C-lobe Donor,A,NA,NA,NA,2.53,9.91,Intact,No Ligand,In,Packed,DFGin,BLAminus,NTin,CTin,59.23,62.69,16.08,NA,NA,6.78,14.89,2.77,NA,NA,NA,NA,3.21,7.74,7.26,9.97,4.08,8.63,3.77,3.46,3.32,3.35,0.81,0.84,10.56,10.75,10.66,a-csk-wtcat-apo_b-src-wtcat-apo,"csk-wtcat-apo
src-wtcat-apo",apo,"csk-wtcat-apo
src-wtcat-apo",FALSE,TRUE,Apo,"csk-wtcat-apo
src-wtcat-apo","csk-wtcat-apo
src-wtcat-apo
[SRC = Apo]","csk-wtcat-apo
src-wtcat-apo
[SRC = Apo]",State 1,Active (BLAminus),In,Intact,DFGin
a-csk-wtcat-apo_b-src-wtcat-apo_seed-1157563_sample-2_model,a-csk-wtcat-apo_b-src-wtcat-apo/seed-1157563_sample-2,model.cif,B,SRC-WT,Active (BLAminus),C-lobe Donor,A,NA,NA,NA,2.51,9.56,Intact,No Ligand,In,Packed,DFGin,BLAminus,NTin,CTin,60.49,54.22,15.9,NA,NA,6.94,15.26,2.74,NA,NA,NA,NA,3.17,7.68,7.24,10.06,3.99,8.41,3.69,3.87,3.21,3.45,0.81,0.84,10.51,10.9,10.71,a-csk-wtcat-apo_b-src-wtcat-apo,"csk-wtcat-apo
src-wtcat-apo",apo,"csk-wtcat-apo
src-wtcat-apo",FALSE,TRUE,Apo,"csk-wtcat-apo
src-wtcat-apo","csk-wtcat-apo
src-wtcat-apo
[SRC = Apo]","csk-wtcat-apo
src-wtcat-apo
[SRC = Apo]",State 2,Active (BLAminus),In,Intact,DFGin
a-csk-wtcat-apo_b-src-wtcat-apo_seed-1157563_sample-3_model,a-csk-wtcat-apo_b-src-wtcat-apo/seed-1157563_sample-3,model.cif,B,SRC-WT,Active (BLAminus),C-lobe Donor,A,NA,NA,NA,2.52,10.5,Intact,No Ligand,In,Packed,DFGin,BLAminus,NTin,CTin,61.01,59.47,15.57,NA,NA,6.84,15.17,2.76,NA,NA,NA,NA,3.16,7.66,7.27,9.98,4.1,8.52,3.74,3.42,3.06,3.36,0.81,0.84,10.49,10.68,10.59,a-csk-wtcat-apo_b-src-wtcat-apo,"csk-wtcat-apo
src-wtcat-apo",apo,"csk-wtcat-apo
src-wtcat-apo",FALSE,TRUE,Apo,"csk-wtcat-apo
src-wtcat-apo","csk-wtcat-apo
src-wtcat-apo
[SRC = Apo]","csk-wtcat-apo
src-wtcat-apo
[SRC = Apo]",State 1,Active (BLAminus),In,Intact,DFGin
a-csk-wtcat-apo_b-src-wtcat-apo_seed-1157563_sample-4_model,a-csk-wtcat-apo_b-src-wtcat-apo/seed-1157563_sample-4,model.cif,B,SRC-WT,Active (BLAminus),C-lobe Donor,A,NA,NA,NA,2.51,9.53,Intact,No Ligand,In,Packed,DFGin,BLAminus,NTin,CTin,61.03,58.27,16.18,NA,NA,6.91,15.24,2.73,NA,NA,NA,NA,3.45,7.65,7.29,10.06,4.07,8.46,3.79,3.45,3.02,3.45,0.8,0.84,10.67,11,10.84,a-csk-wtcat-apo_b-src-wtcat-apo,"csk-wtcat-apo
src-wtcat-apo",apo,"csk-wtcat-apo
src-wtcat-apo",FALSE,TRUE,Apo,"csk-wtcat-apo
src-wtcat-apo","csk-wtcat-apo
src-wtcat-apo
[SRC = Apo]","csk-wtcat-apo
src-wtcat-apo
[SRC = Apo]",State 1,Active (BLAminus),In,Intact,DFGin
a-csk-wtcat-apo_b-src-wtcat-apo_seed-1202247_sample-0_model,a-csk-wtcat-apo_b-src-wtcat-apo/seed-1202247_sample-0,model.cif,B,SRC-WT,Active (BLAminus),C-lobe Donor,A,NA,NA,NA,2.6,9.85,Intact,No Ligand,In,Packed,DFGin,BLAminus,NTin,CTin,59.37,59.71,16.21,NA,NA,6.87,15.04,2.76,NA,NA,NA,NA,3.24,7.71,7.23,10.06,4.07,8.63,3.73,3.41,3.17,3.41,0.82,0.85,10.22,10.44,10.33,a-csk-wtcat-apo_b-src-wtcat-apo,"csk-wtcat-apo
src-wtcat-apo",apo,"csk-wtcat-apo
src-wtcat-apo",FALSE,TRUE,Apo,"csk-wtcat-apo
src-wtcat-apo","csk-wtcat-apo
src-wtcat-apo
[SRC = Apo]","csk-wtcat-apo
src-wtcat-apo
[SRC = Apo]",State 1,Active (BLAminus),In,Intact,DFGin
a-csk-wtcat-apo_b-src-wtcat-apo_seed-1202247_sample-1_model,a-csk-wtcat-apo_b-src-wtcat-apo/seed-1202247_sample-1,model.cif,B,SRC-WT,Active (BLAminus),C-lobe Donor,A,NA,NA,NA,2.48,8.74,Intact,No Ligand,In,Packed,DFGin,BLAminus,NTin,CTin,56.81,59.25,15.16,NA,NA,6.81,14.96,3.21,NA,NA,NA,NA,3.1,7.77,7.27,10.01,4.02,8.54,4.07,3.43,3.32,3.39,0.81,0.85,10.36,10.58,10.47,a-csk-wtcat-apo_b-src-wtcat-apo,"csk-wtcat-apo
src-wtcat-apo",apo,"csk-wtcat-apo
src-wtcat-apo",FALSE,TRUE,Apo,"csk-wtcat-apo
src-wtcat-apo","csk-wtcat-apo
src-wtcat-apo
[SRC = Apo]","csk-wtcat-apo
src-wtcat-apo
[SRC = Apo]",State 1,Active (BLAminus),In,Intact,DFGin
a-csk-wtcat-apo_b-src-wtcat-apo_seed-1202247_sample-2_model,a-csk-wtcat-apo_b-src-wtcat-apo/seed-1202247_sample-2,model.cif,B,SRC-WT,Active (BLAminus),C-lobe Donor,A,NA,NA,NA,2.55,10.95,Intact,No Ligand,In,Packed,DFGin,BLAminus,NTin,CTin,60.38,56.57,14.26,NA,NA,6.88,14.98,3.08,NA,NA,NA,NA,3.16,7.72,7.23,10,4.05,8.38,3.77,3.49,3.19,3.44,0.82,0.85,10.38,10.61,10.5,a-csk-wtcat-apo_b-src-wtcat-apo,"csk-wtcat-apo
src-wtcat-apo",apo,"csk-wtcat-apo
src-wtcat-apo",FALSE,TRUE,Apo,"csk-wtcat-apo
src-wtcat-apo","csk-wtcat-apo
src-wtcat-apo
[SRC = Apo]","csk-wtcat-apo
src-wtcat-apo
[SRC = Apo]",State 1,Active (BLAminus),In,Intact,DFGin
a-csk-wtcat-apo_b-src-wtcat-apo_seed-1202247_sample-3_model,a-csk-wtcat-apo_b-src-wtcat-apo/seed-1202247_sample-3,model.cif,B,SRC-WT,Active (BLAminus),C-lobe Donor,A,NA,NA,NA,2.58,10.52,Intact,No Ligand,In,Packed,DFGin,BLAminus,NTin,CTin,56.49,56.71,15.51,NA,NA,6.89,15.08,3.04,NA,NA,NA,NA,3.18,7.64,7.25,9.98,4.05,8.52,3.72,3.38,3.09,3.41,0.82,0.85,10.43,10.5,10.46,a-csk-wtcat-apo_b-src-wtcat-apo,"csk-wtcat-apo
src-wtcat-apo",apo,"csk-wtcat-apo
src-wtcat-apo",FALSE,TRUE,Apo,"csk-wtcat-apo
src-wtcat-apo","csk-wtcat-apo
src-wtcat-apo
[SRC = Apo]","csk-wtcat-apo
src-wtcat-apo
[SRC = Apo]",State 1,Active (BLAminus),In,Intact,DFGin
a-csk-wtcat-apo_b-src-wtcat-apo_seed-1202247_sample-4_model,a-csk-wtcat-apo_b-src-wtcat-apo/seed-1202247_sample-4,model.cif,B,SRC-WT,Active (BLAminus),C-lobe Donor,A,NA,NA,NA,2.53,9.45,Intact,No Ligand,In,Packed,DFGin,BLAminus,NTin,CTin,60.83,58.15,15.21,NA,NA,6.86,15.08,2.89,NA,NA,NA,NA,3.13,7.68,7.26,9.99,3.95,8.46,3.72,3.87,3.15,3.44,0.82,0.85,10.24,10.28,10.26,a-csk-wtcat-apo_b-src-wtcat-apo,"csk-wtcat-apo
src-wtcat-apo",apo,"csk-wtcat-apo
src-wtcat-apo",FALSE,TRUE,Apo,"csk-wtcat-apo
src-wtcat-apo","csk-wtcat-apo
src-wtcat-apo
[SRC = Apo]","csk-wtcat-apo
src-wtcat-apo
[SRC = Apo]",State 2,Active (BLAminus),In,Intact,DFGin
a-csk-wtcat-apo_b-src-wtcat-apo_seed-1220927_sample-0_model,a-csk-wtcat-apo_b-src-wtcat-apo/seed-1220927_sample-0,model.cif,B,SRC-WT,Active (BLAminus),C-lobe Donor,A,NA,NA,NA,2.55,9.82,Intact,No Ligand,In,Packed,DFGin,BLAminus,NTin,CTin,61.44,56.18,16.12,NA,NA,6.98,15.4,2.9,NA,NA,NA,NA,3.08,7.69,7.24,10.03,4.06,8.48,3.64,3.46,3.16,3.47,0.81,0.84,10.52,10.74,10.63,a-csk-wtcat-apo_b-src-wtcat-apo,"csk-wtcat-apo
src-wtcat-apo",apo,"csk-wtcat-apo
src-wtcat-apo",FALSE,TRUE,Apo,"csk-wtcat-apo
src-wtcat-apo","csk-wtcat-apo
src-wtcat-apo
[SRC = Apo]","csk-wtcat-apo
src-wtcat-apo
[SRC = Apo]",State 1,Active (BLAminus),In,Intact,DFGin
a-csk-wtcat-apo_b-src-wtcat-apo_seed-1220927_sample-1_model,a-csk-wtcat-apo_b-src-wtcat-apo/seed-1220927_sample-1,model.cif,B,SRC-WT,Active (BLAminus),C-lobe Donor,A,NA,NA,NA,2.51,9.44,Intact,No Ligand,In,Packed,DFGin,BLAminus,NTin,CTin,56.47,56.65,15.37,NA,NA,6.92,15.09,2.94,NA,NA,NA,NA,3.14,7.68,7.27,10.03,4.07,8.5,3.78,3.42,3.18,3.43,0.81,0.84,10.74,10.91,10.82,a-csk-wtcat-apo_b-src-wtcat-apo,"csk-wtcat-apo
src-wtcat-apo",apo,"csk-wtcat-apo
src-wtcat-apo",FALSE,TRUE,Apo,"csk-wtcat-apo
src-wtcat-apo","csk-wtcat-apo
src-wtcat-apo
[SRC = Apo]","csk-wtcat-apo
src-wtcat-apo
[SRC = Apo]",State 1,Active (BLAminus),In,Intact,DFGin
a-csk-wtcat-apo_b-src-wtcat-apo_seed-1220927_sample-2_model,a-csk-wtcat-apo_b-src-wtcat-apo/seed-1220927_sample-2,model.cif,B,SRC-WT,Active (BLAminus),C-lobe Donor,A,NA,NA,NA,2.55,9.54,Intact,No Ligand,In,Packed,DFGin,BLAminus,NTin,CTin,60.69,56.99,16.31,NA,NA,6.84,15.26,2.72,NA,NA,NA,NA,3.28,7.68,7.22,10.06,4.07,8.49,3.68,3.35,3.13,3.44,0.81,0.84,10.67,10.89,10.78,a-csk-wtcat-apo_b-src-wtcat-apo,"csk-wtcat-apo
src-wtcat-apo",apo,"csk-wtcat-apo
src-wtcat-apo",FALSE,TRUE,Apo,"csk-wtcat-apo
src-wtcat-apo","csk-wtcat-apo
src-wtcat-apo
[SRC = Apo]","csk-wtcat-apo
src-wtcat-apo
[SRC = Apo]",State 1,Active (BLAminus),In,Intact,DFGin
a-csk-wtcat-apo_b-src-wtcat-apo_seed-1220927_sample-3_model,a-csk-wtcat-apo_b-src-wtcat-apo/seed-1220927_sample-3,model.cif,B,SRC-WT,Active (BLAminus),C-lobe Donor,A,NA,NA,NA,2.52,9.93,Intact,No Ligand,In,Packed,DFGin,BLAminus,NTin,CTin,61.4,59.41,15.4,NA,NA,6.88,14.91,2.91,NA,NA,NA,NA,3.06,7.75,7.27,9.98,4.08,8.49,3.82,3.43,3.05,3.43,0.81,0.84,10.65,10.89,10.77,a-csk-wtcat-apo_b-src-wtcat-apo,"csk-wtcat-apo
src-wtcat-apo",apo,"csk-wtcat-apo
src-wtcat-apo",FALSE,TRUE,Apo,"csk-wtcat-apo
src-wtcat-apo","csk-wtcat-apo
src-wtcat-apo
[SRC = Apo]","csk-wtcat-apo
src-wtcat-apo
[SRC = Apo]",State 1,Active (BLAminus),In,Intact,DFGin
a-csk-wtcat-apo_b-src-wtcat-apo_seed-1220927_sample-4_model,a-csk-wtcat-apo_b-src-wtcat-apo/seed-1220927_sample-4,model.cif,B,SRC-WT,Active (BLAminus),C-lobe Donor,A,NA,NA,NA,2.49,9.41,Intact,No Ligand,In,Packed,DFGin,BLAminus,NTin,CTin,60.27,54.42,15.69,NA,NA,6.88,15.1,2.75,NA,NA,NA,NA,3.23,7.69,7.28,10.03,4.08,8.58,3.8,3.39,3.35,3.4,0.8,0.84,10.72,11.13,10.93,a-csk-wtcat-apo_b-src-wtcat-apo,"csk-wtcat-apo
src-wtcat-apo",apo,"csk-wtcat-apo
src-wtcat-apo",FALSE,TRUE,Apo,"csk-wtcat-apo
src-wtcat-apo","csk-wtcat-apo
src-wtcat-apo
[SRC = Apo]","csk-wtcat-apo
src-wtcat-apo
[SRC = Apo]",State 1,Active (BLAminus),In,Intact,DFGin
a-csk-wtcat-apo_b-src-wtcat-apo_seed-1469321_sample-0_model,a-csk-wtcat-apo_b-src-wtcat-apo/seed-1469321_sample-0,model.cif,B,SRC-WT,Active (BLAminus),C-lobe Donor,A,NA,NA,NA,2.49,9.9,Intact,No Ligand,In,Packed,DFGin,BLAminus,NTin,CTin,59.31,59.98,16.41,NA,NA,6.86,15.32,2.82,NA,NA,NA,NA,3.35,7.66,7.27,10,4.1,8.43,3.71,3.39,3.11,3.45,0.81,0.85,10.52,10.9,10.71,a-csk-wtcat-apo_b-src-wtcat-apo,"csk-wtcat-apo
src-wtcat-apo",apo,"csk-wtcat-apo
src-wtcat-apo",FALSE,TRUE,Apo,"csk-wtcat-apo
src-wtcat-apo","csk-wtcat-apo
src-wtcat-apo
[SRC = Apo]","csk-wtcat-apo
src-wtcat-apo
[SRC = Apo]",State 1,Active (BLAminus),In,Intact,DFGin
a-csk-wtcat-apo_b-src-wtcat-apo_seed-1469321_sample-1_model,a-csk-wtcat-apo_b-src-wtcat-apo/seed-1469321_sample-1,model.cif,B,SRC-WT,Active (BLAminus),C-lobe Donor,A,NA,NA,NA,2.59,10.54,Intact,No Ligand,In,Packed,DFGin,BLAminus,NTin,CTin,59.74,61.37,15.82,NA,NA,6.83,15.08,2.79,NA,NA,NA,NA,3.34,7.71,7.31,9.95,3.99,8.39,3.79,3.93,3.15,3.44,0.8,0.84,10.65,11.16,10.91,a-csk-wtcat-apo_b-src-wtcat-apo,"csk-wtcat-apo
src-wtcat-apo",apo,"csk-wtcat-apo
src-wtcat-apo",FALSE,TRUE,Apo,"csk-wtcat-apo
src-wtcat-apo","csk-wtcat-apo
src-wtcat-apo
[SRC = Apo]","csk-wtcat-apo
src-wtcat-apo
[SRC = Apo]",State 2,Active (BLAminus),In,Intact,DFGin
a-csk-wtcat-apo_b-src-wtcat-apo_seed-1469321_sample-2_model,a-csk-wtcat-apo_b-src-wtcat-apo/seed-1469321_sample-2,model.cif,B,SRC-WT,Active (BLAminus),C-lobe Donor,A,NA,NA,NA,2.51,9.2,Intact,No Ligand,In,Packed,DFGin,BLAminus,NTin,CTin,56.3,57.18,15.36,NA,NA,6.87,14.83,2.87,NA,NA,NA,NA,3.49,7.63,7.32,10.12,3.95,8.44,3.74,3.82,3.08,3.43,0.8,0.83,10.93,11.44,11.18,a-csk-wtcat-apo_b-src-wtcat-apo,"csk-wtcat-apo
src-wtcat-apo",apo,"csk-wtcat-apo
src-wtcat-apo",FALSE,TRUE,Apo,"csk-wtcat-apo
src-wtcat-apo","csk-wtcat-apo
src-wtcat-apo
[SRC = Apo]","csk-wtcat-apo
src-wtcat-apo
[SRC = Apo]",State 2,Active (BLAminus),In,Intact,DFGin
a-csk-wtcat-apo_b-src-wtcat-apo_seed-1469321_sample-3_model,a-csk-wtcat-apo_b-src-wtcat-apo/seed-1469321_sample-3,model.cif,B,SRC-WT,Active (BLAminus),C-lobe Donor,A,NA,NA,NA,2.52,10.71,Intact,No Ligand,In,Packed,DFGin,BLAminus,NTin,CTin,57.08,54.6,15.75,NA,NA,6.92,15.3,2.79,NA,NA,NA,NA,3.44,7.7,7.26,10,4.05,8.47,3.81,3.41,3.21,3.45,0.8,0.84,10.67,11.17,10.92,a-csk-wtcat-apo_b-src-wtcat-apo,"csk-wtcat-apo
src-wtcat-apo",apo,"csk-wtcat-apo
src-wtcat-apo",FALSE,TRUE,Apo,"csk-wtcat-apo
src-wtcat-apo","csk-wtcat-apo
src-wtcat-apo
[SRC = Apo]","csk-wtcat-apo
src-wtcat-apo
[SRC = Apo]",State 1,Active (BLAminus),In,Intact,DFGin
a-csk-wtcat-apo_b-src-wtcat-apo_seed-1469321_sample-4_model,a-csk-wtcat-apo_b-src-wtcat-apo/seed-1469321_sample-4,model.cif,B,SRC-WT,Active (BLAminus),C-lobe Donor,A,NA,NA,NA,2.6,10.35,Intact,No Ligand,In,Packed,DFGin,BLAminus,NTin,CTin,58.32,60.91,15.95,NA,NA,6.81,15.12,2.67,NA,NA,NA,NA,3.52,7.67,7.3,9.97,3.97,8.52,3.74,3.88,3.01,3.42,0.81,0.84,10.62,11.09,10.86,a-csk-wtcat-apo_b-src-wtcat-apo,"csk-wtcat-apo
src-wtcat-apo",apo,"csk-wtcat-apo
src-wtcat-apo",FALSE,TRUE,Apo,"csk-wtcat-apo
src-wtcat-apo","csk-wtcat-apo
src-wtcat-apo
[SRC = Apo]","csk-wtcat-apo
src-wtcat-apo
[SRC = Apo]",State 2,Active (BLAminus),In,Intact,DFGin
a-csk-wtcat-apo_b-src-wtcat-apo_seed-1754095_sample-0_model,a-csk-wtcat-apo_b-src-wtcat-apo/seed-1754095_sample-0,model.cif,B,SRC-WT,Active (BLAminus),C-lobe Donor,A,NA,NA,NA,2.52,10.81,Intact,No Ligand,In,Packed,DFGin,BLAminus,NTin,CTin,58.73,62.23,14.72,NA,NA,6.88,15.01,2.71,NA,NA,NA,NA,3.2,7.68,7.27,10.02,4.03,8.55,3.77,3.43,3.14,3.46,0.8,0.84,10.65,11.19,10.92,a-csk-wtcat-apo_b-src-wtcat-apo,"csk-wtcat-apo
src-wtcat-apo",apo,"csk-wtcat-apo
src-wtcat-apo",FALSE,TRUE,Apo,"csk-wtcat-apo
src-wtcat-apo","csk-wtcat-apo
src-wtcat-apo
[SRC = Apo]","csk-wtcat-apo
src-wtcat-apo
[SRC = Apo]",State 1,Active (BLAminus),In,Intact,DFGin
a-csk-wtcat-apo_b-src-wtcat-apo_seed-1754095_sample-1_model,a-csk-wtcat-apo_b-src-wtcat-apo/seed-1754095_sample-1,model.cif,B,SRC-WT,Active (BLAminus),C-lobe Donor,A,NA,NA,NA,2.53,9.19,Intact,No Ligand,In,Packed,DFGin,BLAminus,NTin,CTin,55.28,56.24,15.92,NA,NA,6.92,15.23,2.98,NA,NA,NA,NA,3.1,7.67,7.24,10,4.05,8.5,3.75,3.42,3.08,3.43,0.8,0.84,10.67,11.11,10.89,a-csk-wtcat-apo_b-src-wtcat-apo,"csk-wtcat-apo
src-wtcat-apo",apo,"csk-wtcat-apo
src-wtcat-apo",FALSE,TRUE,Apo,"csk-wtcat-apo
src-wtcat-apo","csk-wtcat-apo
src-wtcat-apo
[SRC = Apo]","csk-wtcat-apo
src-wtcat-apo
[SRC = Apo]",State 1,Active (BLAminus),In,Intact,DFGin
a-csk-wtcat-apo_b-src-wtcat-apo_seed-1754095_sample-2_model,a-csk-wtcat-apo_b-src-wtcat-apo/seed-1754095_sample-2,model.cif,B,SRC-WT,Active (BLAminus),C-lobe Donor,A,NA,NA,NA,2.52,10.35,Intact,No Ligand,In,Packed,DFGin,BLAminus,NTin,CTin,60.36,62.58,15.93,NA,NA,6.82,14.99,2.87,NA,NA,NA,NA,3.08,7.67,7.29,10.01,4.09,8.61,3.76,3.44,3.17,3.4,0.81,0.84,10.42,10.95,10.68,a-csk-wtcat-apo_b-src-wtcat-apo,"csk-wtcat-apo
src-wtcat-apo",apo,"csk-wtcat-apo
src-wtcat-apo",FALSE,TRUE,Apo,"csk-wtcat-apo
src-wtcat-apo","csk-wtcat-apo
src-wtcat-apo
[SRC = Apo]","csk-wtcat-apo
src-wtcat-apo
[SRC = Apo]",State 1,Active (BLAminus),In,Intact,DFGin
a-csk-wtcat-apo_b-src-wtcat-apo_seed-1754095_sample-3_model,a-csk-wtcat-apo_b-src-wtcat-apo/seed-1754095_sample-3,model.cif,B,SRC-WT,Active (BLAminus),C-lobe Donor,A,NA,NA,NA,2.55,10.67,Intact,No Ligand,In,Packed,DFGin,BLAminus,NTin,CTin,59.68,58.36,14.53,NA,NA,6.9,15.01,2.84,NA,NA,NA,NA,3.45,7.71,7.24,10.01,4.05,8.53,3.73,3.47,3.18,3.37,0.81,0.84,10.65,11.02,10.84,a-csk-wtcat-apo_b-src-wtcat-apo,"csk-wtcat-apo
src-wtcat-apo",apo,"csk-wtcat-apo
src-wtcat-apo",FALSE,TRUE,Apo,"csk-wtcat-apo
src-wtcat-apo","csk-wtcat-apo
src-wtcat-apo
[SRC = Apo]","csk-wtcat-apo
src-wtcat-apo
[SRC = Apo]",State 1,Active (BLAminus),In,Intact,DFGin
a-csk-wtcat-apo_b-src-wtcat-apo_seed-1754095_sample-4_model,a-csk-wtcat-apo_b-src-wtcat-apo/seed-1754095_sample-4,model.cif,B,SRC-WT,Active (BLAminus),C-lobe Donor,A,NA,NA,NA,2.61,9.47,Intact,No Ligand,In,Packed,DFGin,BLAminus,NTin,CTin,59.79,60.82,16.73,NA,NA,6.88,15.24,2.9,NA,NA,NA,NA,3.05,7.66,7.31,9.97,4.07,8.55,3.75,3.46,3.15,3.38,0.81,0.85,10.39,10.74,10.57,a-csk-wtcat-apo_b-src-wtcat-apo,"csk-wtcat-apo
src-wtcat-apo",apo,"csk-wtcat-apo
src-wtcat-apo",FALSE,TRUE,Apo,"csk-wtcat-apo
src-wtcat-apo","csk-wtcat-apo
src-wtcat-apo
[SRC = Apo]","csk-wtcat-apo
src-wtcat-apo
[SRC = Apo]",State 1,Active (BLAminus),In,Intact,DFGin
a-csk-wtcat-apo_b-src-wtcat-apo_seed-1777513_sample-0_model,a-csk-wtcat-apo_b-src-wtcat-apo/seed-1777513_sample-0,model.cif,B,SRC-WT,Active (BLAminus),C-lobe Donor,A,NA,NA,NA,2.53,9.56,Intact,No Ligand,In,Packed,DFGin,BLAminus,NTin,CTin,60.85,57.1,15.41,NA,NA,6.9,15.08,2.84,NA,NA,NA,NA,3.14,7.75,7.25,10.04,4.06,8.42,3.81,3.41,3.14,3.42,0.81,0.84,10.63,10.78,10.71,a-csk-wtcat-apo_b-src-wtcat-apo,"csk-wtcat-apo
src-wtcat-apo",apo,"csk-wtcat-apo
src-wtcat-apo",FALSE,TRUE,Apo,"csk-wtcat-apo
src-wtcat-apo","csk-wtcat-apo
src-wtcat-apo
[SRC = Apo]","csk-wtcat-apo
src-wtcat-apo
[SRC = Apo]",State 1,Active (BLAminus),In,Intact,DFGin
a-csk-wtcat-apo_b-src-wtcat-apo_seed-1777513_sample-1_model,a-csk-wtcat-apo_b-src-wtcat-apo/seed-1777513_sample-1,model.cif,B,SRC-WT,Active (BLAminus),C-lobe Donor,A,NA,NA,NA,2.54,9.44,Intact,No Ligand,In,Packed,DFGin,BLAminus,NTin,CTin,60.82,59.59,14.49,NA,NA,6.92,14.84,2.9,NA,NA,NA,NA,3.16,7.77,7.3,10.05,4.09,8.52,3.8,3.42,3.23,3.46,0.81,0.84,10.55,10.9,10.73,a-csk-wtcat-apo_b-src-wtcat-apo,"csk-wtcat-apo
src-wtcat-apo",apo,"csk-wtcat-apo
src-wtcat-apo",FALSE,TRUE,Apo,"csk-wtcat-apo
src-wtcat-apo","csk-wtcat-apo
src-wtcat-apo
[SRC = Apo]","csk-wtcat-apo
src-wtcat-apo
[SRC = Apo]",State 1,Active (BLAminus),In,Intact,DFGin
a-csk-wtcat-apo_b-src-wtcat-apo_seed-1777513_sample-2_model,a-csk-wtcat-apo_b-src-wtcat-apo/seed-1777513_sample-2,model.cif,B,SRC-WT,Active (BLAminus),C-lobe Donor,A,NA,NA,NA,2.51,10.27,Intact,No Ligand,In,Packed,DFGin,BLAminus,NTin,CTin,56.48,54.5,15.72,NA,NA,6.97,15.21,3.12,NA,NA,NA,NA,3.28,7.73,7.26,10,3.95,8.59,3.72,3.89,3.15,3.37,0.81,0.84,10.59,10.83,10.71,a-csk-wtcat-apo_b-src-wtcat-apo,"csk-wtcat-apo
src-wtcat-apo",apo,"csk-wtcat-apo
src-wtcat-apo",FALSE,TRUE,Apo,"csk-wtcat-apo
src-wtcat-apo","csk-wtcat-apo
src-wtcat-apo
[SRC = Apo]","csk-wtcat-apo
src-wtcat-apo
[SRC = Apo]",State 2,Active (BLAminus),In,Intact,DFGin
a-csk-wtcat-apo_b-src-wtcat-apo_seed-1777513_sample-3_model,a-csk-wtcat-apo_b-src-wtcat-apo/seed-1777513_sample-3,model.cif,B,SRC-WT,Active (BLAminus),C-lobe Donor,A,NA,NA,NA,2.46,11.65,Intact,No Ligand,In,Packed,DFGin,BLAminus,NTin,CTin,57.63,62.84,15.82,NA,NA,6.83,15.12,2.59,NA,NA,NA,NA,3.28,7.71,7.27,10,4.05,8.53,3.75,3.45,3.13,3.35,0.81,0.85,10.43,10.77,10.6,a-csk-wtcat-apo_b-src-wtcat-apo,"csk-wtcat-apo
src-wtcat-apo",apo,"csk-wtcat-apo
src-wtcat-apo",FALSE,TRUE,Apo,"csk-wtcat-apo
src-wtcat-apo","csk-wtcat-apo
src-wtcat-apo
[SRC = Apo]","csk-wtcat-apo
src-wtcat-apo
[SRC = Apo]",State 1,Active (BLAminus),In,Intact,DFGin
a-csk-wtcat-apo_b-src-wtcat-apo_seed-1777513_sample-4_model,a-csk-wtcat-apo_b-src-wtcat-apo/seed-1777513_sample-4,model.cif,B,SRC-WT,Active (BLAminus),C-lobe Donor,A,NA,NA,NA,2.47,9.66,Intact,No Ligand,In,Packed,DFGin,BLAminus,NTin,CTin,60.77,55.94,15.65,NA,NA,6.88,15.1,2.96,NA,NA,NA,NA,3.12,7.74,7.3,9.99,4.05,8.42,3.8,3.56,3.07,3.4,0.82,0.85,10.32,10.44,10.38,a-csk-wtcat-apo_b-src-wtcat-apo,"csk-wtcat-apo
src-wtcat-apo",apo,"csk-wtcat-apo
src-wtcat-apo",FALSE,TRUE,Apo,"csk-wtcat-apo
src-wtcat-apo","csk-wtcat-apo
src-wtcat-apo
[SRC = Apo]","csk-wtcat-apo
src-wtcat-apo
[SRC = Apo]",State 1,Active (BLAminus),In,Intact,DFGin
a-csk-wtcat-apo_b-src-wtcat-apo_seed-1784045_sample-0_model,a-csk-wtcat-apo_b-src-wtcat-apo/seed-1784045_sample-0,model.cif,B,SRC-WT,Active (BLAminus),C-lobe Donor,A,NA,NA,NA,2.54,9.87,Intact,No Ligand,Out,Packed,DFGin,BLAminus,NTin,CTin,57.83,63.8,13.17,NA,NA,7.18,14.48,4.79,NA,NA,NA,NA,3.23,7.76,7.24,10.04,3.87,8.21,3.77,3.5,3.12,3.43,0.82,0.85,10.24,10.67,10.46,a-csk-wtcat-apo_b-src-wtcat-apo,"csk-wtcat-apo
src-wtcat-apo",apo,"csk-wtcat-apo
src-wtcat-apo",FALSE,TRUE,Apo,"csk-wtcat-apo
src-wtcat-apo","csk-wtcat-apo
src-wtcat-apo
[SRC = Apo]","csk-wtcat-apo
src-wtcat-apo
[SRC = Apo]",State 3,Active (BLAminus),Other,Intact,DFGin
a-csk-wtcat-apo_b-src-wtcat-apo_seed-1784045_sample-1_model,a-csk-wtcat-apo_b-src-wtcat-apo/seed-1784045_sample-1,model.cif,B,SRC-WT,Active (BLAminus),C-lobe Donor,A,NA,NA,NA,2.62,12.29,Intact,No Ligand,In,Packed,DFGin,BLAminus,NTin,CTin,58.37,62.49,15.64,NA,NA,6.81,15.03,2.69,NA,NA,NA,NA,3.33,7.67,7.29,10.02,4.04,8.48,3.78,3.4,3.11,3.45,0.82,0.85,10.15,10.41,10.28,a-csk-wtcat-apo_b-src-wtcat-apo,"csk-wtcat-apo
src-wtcat-apo",apo,"csk-wtcat-apo
src-wtcat-apo",FALSE,TRUE,Apo,"csk-wtcat-apo
src-wtcat-apo","csk-wtcat-apo
src-wtcat-apo
[SRC = Apo]","csk-wtcat-apo
src-wtcat-apo
[SRC = Apo]",State 1,Active (BLAminus),In,Intact,DFGin
a-csk-wtcat-apo_b-src-wtcat-apo_seed-1784045_sample-2_model,a-csk-wtcat-apo_b-src-wtcat-apo/seed-1784045_sample-2,model.cif,B,SRC-WT,Active (BLAminus),C-lobe Donor,A,NA,NA,NA,2.5,9.77,Intact,No Ligand,In,Packed,DFGin,BLAminus,NTin,CTin,61.52,56.76,15.61,NA,NA,6.88,15.06,2.7,NA,NA,NA,NA,3.14,7.71,7.25,10.03,4.1,8.49,3.72,3.34,3.34,3.44,0.81,0.85,10.38,10.78,10.58,a-csk-wtcat-apo_b-src-wtcat-apo,"csk-wtcat-apo
src-wtcat-apo",apo,"csk-wtcat-apo
src-wtcat-apo",FALSE,TRUE,Apo,"csk-wtcat-apo
src-wtcat-apo","csk-wtcat-apo
src-wtcat-apo
[SRC = Apo]","csk-wtcat-apo
src-wtcat-apo
[SRC = Apo]",State 1,Active (BLAminus),In,Intact,DFGin
a-csk-wtcat-apo_b-src-wtcat-apo_seed-1784045_sample-3_model,a-csk-wtcat-apo_b-src-wtcat-apo/seed-1784045_sample-3,model.cif,B,SRC-WT,Active (BLAminus),C-lobe Donor,A,NA,NA,NA,2.61,10.16,Intact,No Ligand,In,Packed,DFGin,BLAminus,NTin,CTin,60.33,60.65,13.71,NA,NA,6.85,14.67,3.13,NA,NA,NA,NA,3.21,7.73,7.21,9.98,3.96,8.39,3.76,3.46,3.2,3.43,0.82,0.85,10.25,10.32,10.29,a-csk-wtcat-apo_b-src-wtcat-apo,"csk-wtcat-apo
src-wtcat-apo",apo,"csk-wtcat-apo
src-wtcat-apo",FALSE,TRUE,Apo,"csk-wtcat-apo
src-wtcat-apo","csk-wtcat-apo
src-wtcat-apo
[SRC = Apo]","csk-wtcat-apo
src-wtcat-apo
[SRC = Apo]",State 3,Active (BLAminus),In,Intact,DFGin
a-csk-wtcat-apo_b-src-wtcat-apo_seed-1784045_sample-4_model,a-csk-wtcat-apo_b-src-wtcat-apo/seed-1784045_sample-4,model.cif,B,SRC-WT,Active (BLAminus),C-lobe Donor,A,NA,NA,NA,2.59,9.52,Intact,No Ligand,In,Packed,DFGin,BLAminus,NTin,CTin,55.75,56.2,16.08,NA,NA,6.86,15.2,2.96,NA,NA,NA,NA,3.14,7.64,7.29,9.98,3.97,8.48,3.72,3.89,3.08,3.44,0.82,0.85,10.37,10.49,10.43,a-csk-wtcat-apo_b-src-wtcat-apo,"csk-wtcat-apo
src-wtcat-apo",apo,"csk-wtcat-apo
src-wtcat-apo",FALSE,TRUE,Apo,"csk-wtcat-apo
src-wtcat-apo","csk-wtcat-apo
src-wtcat-apo
[SRC = Apo]","csk-wtcat-apo
src-wtcat-apo
[SRC = Apo]",State 2,Active (BLAminus),In,Intact,DFGin
a-csk-wtcat-apo_b-src-wtcat-apo_seed-1931459_sample-0_model,a-csk-wtcat-apo_b-src-wtcat-apo/seed-1931459_sample-0,model.cif,B,SRC-WT,Active (BLAminus),C-lobe Donor,A,NA,NA,NA,2.52,10,Intact,No Ligand,In,Packed,DFGin,BLAminus,NTin,CTin,61.01,60.16,15.98,NA,NA,6.91,15.16,2.77,NA,NA,NA,NA,2.9,7.71,7.3,9.96,3.99,8.49,3.73,3.86,3.21,3.44,0.82,0.85,10.19,10.58,10.38,a-csk-wtcat-apo_b-src-wtcat-apo,"csk-wtcat-apo
src-wtcat-apo",apo,"csk-wtcat-apo
src-wtcat-apo",FALSE,TRUE,Apo,"csk-wtcat-apo
src-wtcat-apo","csk-wtcat-apo
src-wtcat-apo
[SRC = Apo]","csk-wtcat-apo
src-wtcat-apo
[SRC = Apo]",State 2,Active (BLAminus),In,Intact,DFGin
a-csk-wtcat-apo_b-src-wtcat-apo_seed-1931459_sample-1_model,a-csk-wtcat-apo_b-src-wtcat-apo/seed-1931459_sample-1,model.cif,B,SRC-WT,Active (BLAminus),C-lobe Donor,A,NA,NA,NA,2.54,12.07,Intact,No Ligand,In,Packed,DFGin,BLAminus,NTin,CTin,58.26,62.01,16.44,NA,NA,6.87,15.23,2.64,NA,NA,NA,NA,3.38,7.7,7.25,9.96,4.05,8.63,3.77,3.48,3.14,3.45,0.82,0.85,10.13,10.44,10.29,a-csk-wtcat-apo_b-src-wtcat-apo,"csk-wtcat-apo
src-wtcat-apo",apo,"csk-wtcat-apo
src-wtcat-apo",FALSE,TRUE,Apo,"csk-wtcat-apo
src-wtcat-apo","csk-wtcat-apo
src-wtcat-apo
[SRC = Apo]","csk-wtcat-apo
src-wtcat-apo
[SRC = Apo]",State 1,Active (BLAminus),In,Intact,DFGin
a-csk-wtcat-apo_b-src-wtcat-apo_seed-1931459_sample-2_model,a-csk-wtcat-apo_b-src-wtcat-apo/seed-1931459_sample-2,model.cif,B,SRC-WT,Active (BLAminus),C-lobe Donor,A,NA,NA,NA,2.48,10.65,Intact,No Ligand,In,Packed,DFGin,BLAminus,NTin,CTin,59.62,58.07,16.29,NA,NA,6.92,15.13,2.81,NA,NA,NA,NA,3.35,7.69,7.25,9.98,4.1,8.56,3.76,3.51,3.11,3.42,0.81,0.84,10.34,10.82,10.58,a-csk-wtcat-apo_b-src-wtcat-apo,"csk-wtcat-apo
src-wtcat-apo",apo,"csk-wtcat-apo
src-wtcat-apo",FALSE,TRUE,Apo,"csk-wtcat-apo
src-wtcat-apo","csk-wtcat-apo
src-wtcat-apo
[SRC = Apo]","csk-wtcat-apo
src-wtcat-apo
[SRC = Apo]",State 1,Active (BLAminus),In,Intact,DFGin
a-csk-wtcat-apo_b-src-wtcat-apo_seed-1931459_sample-3_model,a-csk-wtcat-apo_b-src-wtcat-apo/seed-1931459_sample-3,model.cif,B,SRC-WT,Active (BLAminus),C-lobe Donor,A,NA,NA,NA,2.56,9.63,Intact,No Ligand,In,Packed,DFGin,BLAminus,NTin,CTin,60.01,61.25,15.93,NA,NA,6.74,15.03,2.72,NA,NA,NA,NA,2.97,7.68,7.22,10.01,4.07,8.46,3.73,3.42,2.99,3.47,0.81,0.85,10.23,10.58,10.41,a-csk-wtcat-apo_b-src-wtcat-apo,"csk-wtcat-apo
src-wtcat-apo",apo,"csk-wtcat-apo
src-wtcat-apo",FALSE,TRUE,Apo,"csk-wtcat-apo
src-wtcat-apo","csk-wtcat-apo
src-wtcat-apo
[SRC = Apo]","csk-wtcat-apo
src-wtcat-apo
[SRC = Apo]",State 1,Active (BLAminus),In,Intact,DFGin
a-csk-wtcat-apo_b-src-wtcat-apo_seed-1931459_sample-4_model,a-csk-wtcat-apo_b-src-wtcat-apo/seed-1931459_sample-4,model.cif,B,SRC-WT,Active (BLAminus),C-lobe Donor,A,NA,NA,NA,2.55,9.5,Intact,No Ligand,In,Packed,DFGin,BLAminus,NTin,CTin,62.28,56.51,15.52,NA,NA,6.9,15.17,2.89,NA,NA,NA,NA,3.15,7.69,7.32,10.03,3.94,8.63,3.77,3.91,3.12,3.44,0.82,0.85,10.14,10.49,10.32,a-csk-wtcat-apo_b-src-wtcat-apo,"csk-wtcat-apo
src-wtcat-apo",apo,"csk-wtcat-apo
src-wtcat-apo",FALSE,TRUE,Apo,"csk-wtcat-apo
src-wtcat-apo","csk-wtcat-apo
src-wtcat-apo
[SRC = Apo]","csk-wtcat-apo
src-wtcat-apo
[SRC = Apo]",State 2,Active (BLAminus),In,Intact,DFGin
a-csk-wtcat-apo_b-src-wtcat-apo_seed-1949213_sample-0_model,a-csk-wtcat-apo_b-src-wtcat-apo/seed-1949213_sample-0,model.cif,B,SRC-WT,Active (BLAminus),C-lobe Donor,A,NA,NA,NA,2.55,9.74,Intact,No Ligand,In,Packed,DFGin,BLAminus,NTin,CTin,56.93,56.98,16.64,NA,NA,6.9,15.4,2.86,NA,NA,NA,NA,3.49,7.68,7.29,9.96,4.12,8.53,3.75,3.48,3.11,3.43,0.82,0.85,10.38,10.5,10.44,a-csk-wtcat-apo_b-src-wtcat-apo,"csk-wtcat-apo
src-wtcat-apo",apo,"csk-wtcat-apo
src-wtcat-apo",FALSE,TRUE,Apo,"csk-wtcat-apo
src-wtcat-apo","csk-wtcat-apo
src-wtcat-apo
[SRC = Apo]","csk-wtcat-apo
src-wtcat-apo
[SRC = Apo]",State 1,Active (BLAminus),In,Intact,DFGin
a-csk-wtcat-apo_b-src-wtcat-apo_seed-1949213_sample-1_model,a-csk-wtcat-apo_b-src-wtcat-apo/seed-1949213_sample-1,model.cif,B,SRC-WT,Active (BLAminus),C-lobe Donor,A,NA,NA,NA,2.51,9.5,Intact,No Ligand,In,Packed,DFGin,BLAminus,NTin,CTin,56.33,57.31,16.58,NA,NA,6.85,15.3,2.96,NA,NA,NA,NA,3.1,7.67,7.2,9.95,4.04,8.55,3.7,3.37,3.18,3.41,0.82,0.85,10.44,10.46,10.45,a-csk-wtcat-apo_b-src-wtcat-apo,"csk-wtcat-apo
src-wtcat-apo",apo,"csk-wtcat-apo
src-wtcat-apo",FALSE,TRUE,Apo,"csk-wtcat-apo
src-wtcat-apo","csk-wtcat-apo
src-wtcat-apo
[SRC = Apo]","csk-wtcat-apo
src-wtcat-apo
[SRC = Apo]",State 1,Active (BLAminus),In,Intact,DFGin
a-csk-wtcat-apo_b-src-wtcat-apo_seed-1949213_sample-2_model,a-csk-wtcat-apo_b-src-wtcat-apo/seed-1949213_sample-2,model.cif,B,SRC-WT,Active (BLAminus),C-lobe Donor,A,NA,NA,NA,2.46,9.75,Intact,No Ligand,In,Packed,DFGin,BLAminus,NTin,CTin,58.91,61.01,16.39,NA,NA,6.9,15.22,2.61,NA,NA,NA,NA,3.22,7.67,7.24,10.01,4.08,8.53,3.71,3.38,3.16,3.42,0.81,0.84,10.56,10.7,10.63,a-csk-wtcat-apo_b-src-wtcat-apo,"csk-wtcat-apo
src-wtcat-apo",apo,"csk-wtcat-apo
src-wtcat-apo",FALSE,TRUE,Apo,"csk-wtcat-apo
src-wtcat-apo","csk-wtcat-apo
src-wtcat-apo
[SRC = Apo]","csk-wtcat-apo
src-wtcat-apo
[SRC = Apo]",State 1,Active (BLAminus),In,Intact,DFGin
a-csk-wtcat-apo_b-src-wtcat-apo_seed-1949213_sample-3_model,a-csk-wtcat-apo_b-src-wtcat-apo/seed-1949213_sample-3,model.cif,B,SRC-WT,Active (BLAminus),C-lobe Donor,A,NA,NA,NA,2.57,10.63,Intact,No Ligand,In,Packed,DFGin,BLAminus,NTin,CTin,56.66,55.34,15.61,NA,NA,6.96,15.19,3.1,NA,NA,NA,NA,3.15,7.68,7.27,9.98,4.08,8.41,3.75,3.45,3.07,3.42,0.82,0.85,10.43,10.63,10.53,a-csk-wtcat-apo_b-src-wtcat-apo,"csk-wtcat-apo
src-wtcat-apo",apo,"csk-wtcat-apo
src-wtcat-apo",FALSE,TRUE,Apo,"csk-wtcat-apo
src-wtcat-apo","csk-wtcat-apo
src-wtcat-apo
[SRC = Apo]","csk-wtcat-apo
src-wtcat-apo
[SRC = Apo]",State 1,Active (BLAminus),In,Intact,DFGin
a-csk-wtcat-apo_b-src-wtcat-apo_seed-1949213_sample-4_model,a-csk-wtcat-apo_b-src-wtcat-apo/seed-1949213_sample-4,model.cif,B,SRC-WT,Active (BLAminus),C-lobe Donor,A,NA,NA,NA,2.58,9.97,Intact,No Ligand,In,Packed,DFGin,BLAminus,NTin,CTin,61.55,57.8,15.75,NA,NA,6.99,15.19,2.78,NA,NA,NA,NA,3.23,7.74,7.25,10.05,4.13,8.45,3.85,3.4,3.27,3.43,0.82,0.85,10.4,10.6,10.5,a-csk-wtcat-apo_b-src-wtcat-apo,"csk-wtcat-apo
src-wtcat-apo",apo,"csk-wtcat-apo
src-wtcat-apo",FALSE,TRUE,Apo,"csk-wtcat-apo
src-wtcat-apo","csk-wtcat-apo
src-wtcat-apo
[SRC = Apo]","csk-wtcat-apo
src-wtcat-apo
[SRC = Apo]",State 1,Active (BLAminus),In,Intact,DFGin
a-csk-wtcat-apo_b-src-wtcat-apo_seed-253176_sample-0_model,a-csk-wtcat-apo_b-src-wtcat-apo/seed-253176_sample-0,model.cif,B,SRC-WT,Active (BLAminus),C-lobe Donor,A,NA,NA,NA,2.51,9.23,Intact,No Ligand,In,Packed,DFGin,BLAminus,NTin,CTin,59.69,59.65,16.04,NA,NA,6.72,15.04,2.88,NA,NA,NA,NA,3.18,7.7,7.26,9.94,4.04,8.46,3.72,3.43,3.17,3.44,0.81,0.85,10.18,10.59,10.38,a-csk-wtcat-apo_b-src-wtcat-apo,"csk-wtcat-apo
src-wtcat-apo",apo,"csk-wtcat-apo
src-wtcat-apo",FALSE,TRUE,Apo,"csk-wtcat-apo
src-wtcat-apo","csk-wtcat-apo
src-wtcat-apo
[SRC = Apo]","csk-wtcat-apo
src-wtcat-apo
[SRC = Apo]",State 1,Active (BLAminus),In,Intact,DFGin
a-csk-wtcat-apo_b-src-wtcat-apo_seed-253176_sample-1_model,a-csk-wtcat-apo_b-src-wtcat-apo/seed-253176_sample-1,model.cif,B,SRC-WT,Active (BLAminus),C-lobe Donor,A,NA,NA,NA,2.49,9.62,Intact,No Ligand,In,Packed,DFGin,BLAminus,NTin,CTin,58.42,58.27,14.09,NA,NA,7.44,15.02,4.28,NA,NA,NA,NA,3.02,7.69,7.27,10.09,3.87,8.17,3.73,3.5,3.07,3.45,0.82,0.85,10.02,10.5,10.26,a-csk-wtcat-apo_b-src-wtcat-apo,"csk-wtcat-apo
src-wtcat-apo",apo,"csk-wtcat-apo
src-wtcat-apo",FALSE,TRUE,Apo,"csk-wtcat-apo
src-wtcat-apo","csk-wtcat-apo
src-wtcat-apo
[SRC = Apo]","csk-wtcat-apo
src-wtcat-apo
[SRC = Apo]",State 2,Active (BLAminus),In,Intact,DFGin
a-csk-wtcat-apo_b-src-wtcat-apo_seed-253176_sample-2_model,a-csk-wtcat-apo_b-src-wtcat-apo/seed-253176_sample-2,model.cif,B,SRC-WT,Active (BLAminus),C-lobe Donor,A,NA,NA,NA,2.52,10.07,Intact,No Ligand,In,Packed,DFGin,BLAminus,NTin,CTin,59.9,59.95,16,NA,NA,6.86,15.07,2.8,NA,NA,NA,NA,3.41,7.7,7.31,10.01,3.96,8.52,3.79,3.93,3.12,3.37,0.8,0.84,10.69,11.01,10.85,a-csk-wtcat-apo_b-src-wtcat-apo,"csk-wtcat-apo
src-wtcat-apo",apo,"csk-wtcat-apo
src-wtcat-apo",FALSE,TRUE,Apo,"csk-wtcat-apo
src-wtcat-apo","csk-wtcat-apo
src-wtcat-apo
[SRC = Apo]","csk-wtcat-apo
src-wtcat-apo
[SRC = Apo]",State 2,Active (BLAminus),In,Intact,DFGin
a-csk-wtcat-apo_b-src-wtcat-apo_seed-253176_sample-3_model,a-csk-wtcat-apo_b-src-wtcat-apo/seed-253176_sample-3,model.cif,B,SRC-WT,Active (BLAminus),C-lobe Donor,A,NA,NA,NA,2.57,9.62,Intact,No Ligand,In,Packed,DFGin,BLAminus,NTin,CTin,59.57,60.69,16.45,NA,NA,6.73,14.84,2.79,NA,NA,NA,NA,3.06,7.67,7.31,9.98,4.08,8.53,3.8,3.44,3.03,3.5,0.81,0.85,10.26,10.74,10.5,a-csk-wtcat-apo_b-src-wtcat-apo,"csk-wtcat-apo
src-wtcat-apo",apo,"csk-wtcat-apo
src-wtcat-apo",FALSE,TRUE,Apo,"csk-wtcat-apo
src-wtcat-apo","csk-wtcat-apo
src-wtcat-apo
[SRC = Apo]","csk-wtcat-apo
src-wtcat-apo
[SRC = Apo]",State 1,Active (BLAminus),In,Intact,DFGin
a-csk-wtcat-apo_b-src-wtcat-apo_seed-253176_sample-4_model,a-csk-wtcat-apo_b-src-wtcat-apo/seed-253176_sample-4,model.cif,B,SRC-WT,Active (BLAminus),C-lobe Donor,A,NA,NA,NA,2.51,11.09,Intact,No Ligand,In,Packed,DFGin,BLAminus,NTin,CTin,57.56,54.63,15.72,NA,NA,6.94,15.12,2.87,NA,NA,NA,NA,3.37,7.65,7.31,10.06,4.05,8.46,3.77,3.39,3.14,3.41,0.8,0.84,10.59,11.11,10.85,a-csk-wtcat-apo_b-src-wtcat-apo,"csk-wtcat-apo
src-wtcat-apo",apo,"csk-wtcat-apo
src-wtcat-apo",FALSE,TRUE,Apo,"csk-wtcat-apo
src-wtcat-apo","csk-wtcat-apo
src-wtcat-apo
[SRC = Apo]","csk-wtcat-apo
src-wtcat-apo
[SRC = Apo]",State 1,Active (BLAminus),In,Intact,DFGin
a-csk-wtcat-apo_b-src-wtcat-apo_seed-308007_sample-0_model,a-csk-wtcat-apo_b-src-wtcat-apo/seed-308007_sample-0,model.cif,B,SRC-WT,Active (BLAminus),C-lobe Donor,A,NA,NA,NA,2.53,9.42,Intact,No Ligand,In,Packed,DFGin,BLAminus,NTin,CTin,59.75,58.82,15.9,NA,NA,6.9,15.1,2.74,NA,NA,NA,NA,3.09,7.71,7.25,10.04,4.08,8.41,3.8,3.42,3.09,3.45,0.81,0.85,10.31,10.59,10.45,a-csk-wtcat-apo_b-src-wtcat-apo,"csk-wtcat-apo
src-wtcat-apo",apo,"csk-wtcat-apo
src-wtcat-apo",FALSE,TRUE,Apo,"csk-wtcat-apo
src-wtcat-apo","csk-wtcat-apo
src-wtcat-apo
[SRC = Apo]","csk-wtcat-apo
src-wtcat-apo
[SRC = Apo]",State 1,Active (BLAminus),In,Intact,DFGin
a-csk-wtcat-apo_b-src-wtcat-apo_seed-308007_sample-1_model,a-csk-wtcat-apo_b-src-wtcat-apo/seed-308007_sample-1,model.cif,B,SRC-WT,Active (BLAminus),C-lobe Donor,A,NA,NA,NA,2.5,10.21,Intact,No Ligand,In,Packed,DFGin,BLAminus,NTin,CTin,61.17,56.74,14.68,NA,NA,6.81,14.9,2.75,NA,NA,NA,NA,3.1,7.67,7.24,10.01,4.06,8.53,3.68,3.43,3.18,3.45,0.82,0.85,10.24,10.48,10.36,a-csk-wtcat-apo_b-src-wtcat-apo,"csk-wtcat-apo
src-wtcat-apo",apo,"csk-wtcat-apo
src-wtcat-apo",FALSE,TRUE,Apo,"csk-wtcat-apo
src-wtcat-apo","csk-wtcat-apo
src-wtcat-apo
[SRC = Apo]","csk-wtcat-apo
src-wtcat-apo
[SRC = Apo]",State 1,Active (BLAminus),In,Intact,DFGin
a-csk-wtcat-apo_b-src-wtcat-apo_seed-308007_sample-2_model,a-csk-wtcat-apo_b-src-wtcat-apo/seed-308007_sample-2,model.cif,B,SRC-WT,Active (BLAminus),C-lobe Donor,A,NA,NA,NA,2.58,9.17,Intact,No Ligand,In,Packed,DFGin,BLAminus,NTin,CTin,58.29,57.03,16,NA,NA,6.92,15.3,2.81,NA,NA,NA,NA,3.13,7.63,7.3,10.03,3.99,8.59,3.68,3.82,3.13,3.42,0.82,0.85,10.36,10.6,10.48,a-csk-wtcat-apo_b-src-wtcat-apo,"csk-wtcat-apo
src-wtcat-apo",apo,"csk-wtcat-apo
src-wtcat-apo",FALSE,TRUE,Apo,"csk-wtcat-apo
src-wtcat-apo","csk-wtcat-apo
src-wtcat-apo
[SRC = Apo]","csk-wtcat-apo
src-wtcat-apo
[SRC = Apo]",State 2,Active (BLAminus),In,Intact,DFGin
a-csk-wtcat-apo_b-src-wtcat-apo_seed-308007_sample-3_model,a-csk-wtcat-apo_b-src-wtcat-apo/seed-308007_sample-3,model.cif,B,SRC-WT,Active (BLAminus),C-lobe Donor,A,NA,NA,NA,2.48,9.55,Intact,No Ligand,In,Packed,DFGin,BLAminus,NTin,CTin,56.19,57.18,14.82,NA,NA,6.88,14.86,2.81,NA,NA,NA,NA,3.23,7.72,7.26,10.02,4.05,8.5,3.78,3.43,3.17,3.42,0.81,0.85,10.29,10.59,10.44,a-csk-wtcat-apo_b-src-wtcat-apo,"csk-wtcat-apo
src-wtcat-apo",apo,"csk-wtcat-apo
src-wtcat-apo",FALSE,TRUE,Apo,"csk-wtcat-apo
src-wtcat-apo","csk-wtcat-apo
src-wtcat-apo
[SRC = Apo]","csk-wtcat-apo
src-wtcat-apo
[SRC = Apo]",State 1,Active (BLAminus),In,Intact,DFGin
a-csk-wtcat-apo_b-src-wtcat-apo_seed-308007_sample-4_model,a-csk-wtcat-apo_b-src-wtcat-apo/seed-308007_sample-4,model.cif,B,SRC-WT,Active (BLAminus),C-lobe Donor,A,NA,NA,NA,2.51,10.02,Intact,No Ligand,In,Packed,DFGin,BLAminus,NTin,CTin,56.76,55.53,15.48,NA,NA,6.92,15.17,2.72,NA,NA,NA,NA,3.27,7.65,7.27,9.99,3.98,8.48,3.67,3.8,3.09,3.43,0.82,0.84,10.3,10.42,10.36,a-csk-wtcat-apo_b-src-wtcat-apo,"csk-wtcat-apo
src-wtcat-apo",apo,"csk-wtcat-apo
src-wtcat-apo",FALSE,TRUE,Apo,"csk-wtcat-apo
src-wtcat-apo","csk-wtcat-apo
src-wtcat-apo
[SRC = Apo]","csk-wtcat-apo
src-wtcat-apo
[SRC = Apo]",State 2,Active (BLAminus),In,Intact,DFGin
a-csk-wtcat-apo_b-src-wtcat-apo_seed-4012_sample-0_model,a-csk-wtcat-apo_b-src-wtcat-apo/seed-4012_sample-0,model.cif,B,SRC-WT,Active (BLAminus),C-lobe Donor,A,NA,NA,NA,2.48,9.68,Intact,No Ligand,In,Packed,DFGin,BLAminus,NTin,CTin,58.02,56.66,15.46,NA,NA,6.86,15.11,2.83,NA,NA,NA,NA,3.1,7.75,7.22,10.09,4.04,8.54,3.72,3.49,3.25,3.39,0.82,0.85,10.36,10.57,10.46,a-csk-wtcat-apo_b-src-wtcat-apo,"csk-wtcat-apo
src-wtcat-apo",apo,"csk-wtcat-apo
src-wtcat-apo",FALSE,TRUE,Apo,"csk-wtcat-apo
src-wtcat-apo","csk-wtcat-apo
src-wtcat-apo
[SRC = Apo]","csk-wtcat-apo
src-wtcat-apo
[SRC = Apo]",State 3,Active (BLAminus),In,Intact,DFGin
a-csk-wtcat-apo_b-src-wtcat-apo_seed-4012_sample-1_model,a-csk-wtcat-apo_b-src-wtcat-apo/seed-4012_sample-1,model.cif,B,SRC-WT,Active (BLAminus),C-lobe Donor,A,NA,NA,NA,2.67,10.4,Intact,No Ligand,In,Packed,DFGin,BLAminus,NTin,CTin,58.79,61.31,16.22,NA,NA,6.88,15.28,2.97,NA,NA,NA,NA,3.21,7.66,7.26,9.97,4.05,8.46,3.71,3.4,3.01,3.37,0.81,0.84,10.47,10.79,10.63,a-csk-wtcat-apo_b-src-wtcat-apo,"csk-wtcat-apo
src-wtcat-apo",apo,"csk-wtcat-apo
src-wtcat-apo",FALSE,TRUE,Apo,"csk-wtcat-apo
src-wtcat-apo","csk-wtcat-apo
src-wtcat-apo
[SRC = Apo]","csk-wtcat-apo
src-wtcat-apo
[SRC = Apo]",State 1,Active (BLAminus),In,Intact,DFGin
a-csk-wtcat-apo_b-src-wtcat-apo_seed-4012_sample-2_model,a-csk-wtcat-apo_b-src-wtcat-apo/seed-4012_sample-2,model.cif,B,SRC-WT,Active (BLAminus),C-lobe Donor,A,NA,NA,NA,2.54,9.56,Intact,No Ligand,In,Packed,DFGin,BLAminus,NTin,CTin,61.27,59.45,16.05,NA,NA,6.92,15.09,2.78,NA,NA,NA,NA,3.22,7.65,7.27,10.06,4.06,8.4,3.73,3.48,3.14,3.44,0.81,0.85,10.41,10.65,10.53,a-csk-wtcat-apo_b-src-wtcat-apo,"csk-wtcat-apo
src-wtcat-apo",apo,"csk-wtcat-apo
src-wtcat-apo",FALSE,TRUE,Apo,"csk-wtcat-apo
src-wtcat-apo","csk-wtcat-apo
src-wtcat-apo
[SRC = Apo]","csk-wtcat-apo
src-wtcat-apo
[SRC = Apo]",State 1,Active (BLAminus),In,Intact,DFGin
a-csk-wtcat-apo_b-src-wtcat-apo_seed-4012_sample-3_model,a-csk-wtcat-apo_b-src-wtcat-apo/seed-4012_sample-3,model.cif,B,SRC-WT,Active (BLAminus),C-lobe Donor,A,NA,NA,NA,2.59,9.83,Intact,No Ligand,In,Packed,DFGin,BLAminus,NTin,CTin,56.6,59.16,16.15,NA,NA,6.86,15.19,2.83,NA,NA,NA,NA,3.2,7.7,7.24,10.05,4.1,8.53,3.72,3.36,3.25,3.44,0.81,0.84,10.51,10.68,10.59,a-csk-wtcat-apo_b-src-wtcat-apo,"csk-wtcat-apo
src-wtcat-apo",apo,"csk-wtcat-apo
src-wtcat-apo",FALSE,TRUE,Apo,"csk-wtcat-apo
src-wtcat-apo","csk-wtcat-apo
src-wtcat-apo
[SRC = Apo]","csk-wtcat-apo
src-wtcat-apo
[SRC = Apo]",State 1,Active (BLAminus),In,Intact,DFGin
a-csk-wtcat-apo_b-src-wtcat-apo_seed-4012_sample-4_model,a-csk-wtcat-apo_b-src-wtcat-apo/seed-4012_sample-4,model.cif,B,SRC-WT,Active (BLAminus),C-lobe Donor,A,NA,NA,NA,2.55,9.97,Intact,No Ligand,In,Packed,DFGin,BLAminus,NTin,CTin,60.57,59.24,15.77,NA,NA,6.87,15.01,2.74,NA,NA,NA,NA,3.55,7.72,7.26,9.94,3.98,8.36,3.7,3.88,3.18,3.42,0.81,0.84,10.54,10.72,10.63,a-csk-wtcat-apo_b-src-wtcat-apo,"csk-wtcat-apo
src-wtcat-apo",apo,"csk-wtcat-apo
src-wtcat-apo",FALSE,TRUE,Apo,"csk-wtcat-apo
src-wtcat-apo","csk-wtcat-apo
src-wtcat-apo
[SRC = Apo]","csk-wtcat-apo
src-wtcat-apo
[SRC = Apo]",State 2,Active (BLAminus),In,Intact,DFGin
a-csk-wtcat-apo_b-src-wtcat-apo_seed-464356_sample-0_model,a-csk-wtcat-apo_b-src-wtcat-apo/seed-464356_sample-0,model.cif,B,SRC-WT,Active (BLAminus),C-lobe Donor,A,NA,NA,NA,2.55,9.61,Intact,No Ligand,In,Packed,DFGin,BLAminus,NTin,CTin,56.72,56.44,16.2,NA,NA,6.91,15.31,2.86,NA,NA,NA,NA,3.03,7.68,7.26,10.05,4.06,8.44,3.76,3.43,3.2,3.44,0.83,0.85,10.06,10.2,10.13,a-csk-wtcat-apo_b-src-wtcat-apo,"csk-wtcat-apo
src-wtcat-apo",apo,"csk-wtcat-apo
src-wtcat-apo",FALSE,TRUE,Apo,"csk-wtcat-apo
src-wtcat-apo","csk-wtcat-apo
src-wtcat-apo
[SRC = Apo]","csk-wtcat-apo
src-wtcat-apo
[SRC = Apo]",State 1,Active (BLAminus),In,Intact,DFGin
a-csk-wtcat-apo_b-src-wtcat-apo_seed-464356_sample-1_model,a-csk-wtcat-apo_b-src-wtcat-apo/seed-464356_sample-1,model.cif,B,SRC-WT,Active (BLAminus),C-lobe Donor,A,NA,NA,NA,2.52,9.36,Intact,No Ligand,In,Packed,DFGin,BLAminus,NTin,CTin,60.99,55.3,15.92,NA,NA,6.86,15.07,2.95,NA,NA,NA,NA,3.1,7.64,7.29,10.05,3.96,8.5,3.69,3.9,3.08,3.42,0.82,0.85,10.41,10.5,10.46,a-csk-wtcat-apo_b-src-wtcat-apo,"csk-wtcat-apo
src-wtcat-apo",apo,"csk-wtcat-apo
src-wtcat-apo",FALSE,TRUE,Apo,"csk-wtcat-apo
src-wtcat-apo","csk-wtcat-apo
src-wtcat-apo
[SRC = Apo]","csk-wtcat-apo
src-wtcat-apo
[SRC = Apo]",State 2,Active (BLAminus),In,Intact,DFGin
a-csk-wtcat-apo_b-src-wtcat-apo_seed-464356_sample-2_model,a-csk-wtcat-apo_b-src-wtcat-apo/seed-464356_sample-2,model.cif,B,SRC-WT,Active (BLAminus),C-lobe Donor,A,NA,NA,NA,2.51,9.61,Intact,No Ligand,In,Packed,DFGin,BLAminus,NTin,CTin,56.03,55.38,14.84,NA,NA,6.88,15.1,2.73,NA,NA,NA,NA,3.12,7.67,7.24,9.98,4.08,8.46,3.77,3.45,2.95,3.45,0.82,0.85,10.21,10.51,10.36,a-csk-wtcat-apo_b-src-wtcat-apo,"csk-wtcat-apo
src-wtcat-apo",apo,"csk-wtcat-apo
src-wtcat-apo",FALSE,TRUE,Apo,"csk-wtcat-apo
src-wtcat-apo","csk-wtcat-apo
src-wtcat-apo
[SRC = Apo]","csk-wtcat-apo
src-wtcat-apo
[SRC = Apo]",State 1,Active (BLAminus),In,Intact,DFGin
a-csk-wtcat-apo_b-src-wtcat-apo_seed-464356_sample-3_model,a-csk-wtcat-apo_b-src-wtcat-apo/seed-464356_sample-3,model.cif,B,SRC-WT,Active (BLAminus),C-lobe Donor,A,NA,NA,NA,2.53,10.07,Intact,No Ligand,In,Packed,DFGin,BLAminus,NTin,CTin,62.61,56.02,15.77,NA,NA,6.91,14.99,2.78,NA,NA,NA,NA,3.37,7.71,7.28,10,4.09,8.49,3.85,3.4,3.18,3.45,0.82,0.85,10.35,10.67,10.51,a-csk-wtcat-apo_b-src-wtcat-apo,"csk-wtcat-apo
src-wtcat-apo",apo,"csk-wtcat-apo
src-wtcat-apo",FALSE,TRUE,Apo,"csk-wtcat-apo
src-wtcat-apo","csk-wtcat-apo
src-wtcat-apo
[SRC = Apo]","csk-wtcat-apo
src-wtcat-apo
[SRC = Apo]",State 1,Active (BLAminus),In,Intact,DFGin
a-csk-wtcat-apo_b-src-wtcat-apo_seed-464356_sample-4_model,a-csk-wtcat-apo_b-src-wtcat-apo/seed-464356_sample-4,model.cif,B,SRC-WT,Active (BLAminus),C-lobe Donor,A,NA,NA,NA,2.52,9.46,Intact,No Ligand,In,Packed,DFGin,BLAminus,NTin,CTin,57.11,55.03,15.91,NA,NA,6.9,15.3,2.75,NA,NA,NA,NA,3.28,7.68,7.22,10.08,4.06,8.54,3.63,3.39,3.21,3.47,0.82,0.85,10.26,10.38,10.32,a-csk-wtcat-apo_b-src-wtcat-apo,"csk-wtcat-apo
src-wtcat-apo",apo,"csk-wtcat-apo
src-wtcat-apo",FALSE,TRUE,Apo,"csk-wtcat-apo
src-wtcat-apo","csk-wtcat-apo
src-wtcat-apo
[SRC = Apo]","csk-wtcat-apo
src-wtcat-apo
[SRC = Apo]",State 3,Active (BLAminus),In,Intact,DFGin
a-csk-wtcat-apo_b-src-wtcat-apo_seed-493196_sample-0_model,a-csk-wtcat-apo_b-src-wtcat-apo/seed-493196_sample-0,model.cif,B,SRC-WT,Active (BLAminus),C-lobe Donor,A,NA,NA,NA,2.51,9.39,Intact,No Ligand,In,Packed,DFGin,BLAminus,NTin,CTin,60.55,58.65,16.23,NA,NA,6.78,14.98,2.67,NA,NA,NA,NA,3.05,7.66,7.3,10,4.05,8.51,3.75,3.44,3.05,3.35,0.82,0.84,10.58,10.63,10.61,a-csk-wtcat-apo_b-src-wtcat-apo,"csk-wtcat-apo
src-wtcat-apo",apo,"csk-wtcat-apo
src-wtcat-apo",FALSE,TRUE,Apo,"csk-wtcat-apo
src-wtcat-apo","csk-wtcat-apo
src-wtcat-apo
[SRC = Apo]","csk-wtcat-apo
src-wtcat-apo
[SRC = Apo]",State 1,Active (BLAminus),In,Intact,DFGin
a-csk-wtcat-apo_b-src-wtcat-apo_seed-493196_sample-1_model,a-csk-wtcat-apo_b-src-wtcat-apo/seed-493196_sample-1,model.cif,B,SRC-WT,Active (BLAminus),C-lobe Donor,A,NA,NA,NA,2.52,9.08,Intact,No Ligand,In,Packed,DFGin,BLAminus,NTin,CTin,56.56,57.63,16.1,NA,NA,6.81,15.17,2.83,NA,NA,NA,NA,3.17,7.7,7.24,9.95,4.08,8.46,3.72,3.42,3.21,3.44,0.81,0.84,10.42,10.81,10.62,a-csk-wtcat-apo_b-src-wtcat-apo,"csk-wtcat-apo
src-wtcat-apo",apo,"csk-wtcat-apo
src-wtcat-apo",FALSE,TRUE,Apo,"csk-wtcat-apo
src-wtcat-apo","csk-wtcat-apo
src-wtcat-apo
[SRC = Apo]","csk-wtcat-apo
src-wtcat-apo
[SRC = Apo]",State 1,Active (BLAminus),In,Intact,DFGin
a-csk-wtcat-apo_b-src-wtcat-apo_seed-493196_sample-2_model,a-csk-wtcat-apo_b-src-wtcat-apo/seed-493196_sample-2,model.cif,B,SRC-WT,Active (BLAminus),C-lobe Donor,A,NA,NA,NA,2.49,9.49,Intact,No Ligand,In,Packed,DFGin,BLAminus,NTin,CTin,60.28,59.95,16.16,NA,NA,6.8,15.28,2.86,NA,NA,NA,NA,3.33,7.71,7.27,9.93,4.05,8.52,3.78,3.44,3.09,3.43,0.82,0.85,10.27,10.41,10.34,a-csk-wtcat-apo_b-src-wtcat-apo,"csk-wtcat-apo
src-wtcat-apo",apo,"csk-wtcat-apo
src-wtcat-apo",FALSE,TRUE,Apo,"csk-wtcat-apo
src-wtcat-apo","csk-wtcat-apo
src-wtcat-apo
[SRC = Apo]","csk-wtcat-apo
src-wtcat-apo
[SRC = Apo]",State 1,Active (BLAminus),In,Intact,DFGin
a-csk-wtcat-apo_b-src-wtcat-apo_seed-493196_sample-3_model,a-csk-wtcat-apo_b-src-wtcat-apo/seed-493196_sample-3,model.cif,B,SRC-WT,Active (BLAminus),C-lobe Donor,A,NA,NA,NA,2.55,10.87,Intact,No Ligand,In,Packed,DFGin,BLAminus,NTin,CTin,61.06,58.34,15.7,NA,NA,6.78,14.97,2.81,NA,NA,NA,NA,3.17,7.7,7.28,10.01,4.12,8.44,3.79,3.45,3.14,3.45,0.81,0.84,10.46,10.75,10.61,a-csk-wtcat-apo_b-src-wtcat-apo,"csk-wtcat-apo
src-wtcat-apo",apo,"csk-wtcat-apo
src-wtcat-apo",FALSE,TRUE,Apo,"csk-wtcat-apo
src-wtcat-apo","csk-wtcat-apo
src-wtcat-apo
[SRC = Apo]","csk-wtcat-apo
src-wtcat-apo
[SRC = Apo]",State 1,Active (BLAminus),In,Intact,DFGin
a-csk-wtcat-apo_b-src-wtcat-apo_seed-493196_sample-4_model,a-csk-wtcat-apo_b-src-wtcat-apo/seed-493196_sample-4,model.cif,B,SRC-WT,Active (BLAminus),C-lobe Donor,A,NA,NA,NA,2.54,9.8,Intact,No Ligand,In,Packed,DFGin,BLAminus,NTin,CTin,57.56,59.77,15.66,NA,NA,6.87,15.18,2.94,NA,NA,NA,NA,3.19,7.69,7.3,10,4.01,8.56,3.74,3.91,3.09,3.45,0.82,0.85,10.38,10.53,10.46,a-csk-wtcat-apo_b-src-wtcat-apo,"csk-wtcat-apo
src-wtcat-apo",apo,"csk-wtcat-apo
src-wtcat-apo",FALSE,TRUE,Apo,"csk-wtcat-apo
src-wtcat-apo","csk-wtcat-apo
src-wtcat-apo
[SRC = Apo]","csk-wtcat-apo
src-wtcat-apo
[SRC = Apo]",State 2,Active (BLAminus),In,Intact,DFGin
a-csk-wtcat-apo_b-src-wtcat-apo_seed-598626_sample-0_model,a-csk-wtcat-apo_b-src-wtcat-apo/seed-598626_sample-0,model.cif,B,SRC-WT,Active (BLAminus),C-lobe Donor,A,NA,NA,NA,2.61,9.26,Intact,No Ligand,In,Packed,DFGin,BLAminus,NTin,CTin,59.74,63.95,15.94,NA,NA,6.84,15.15,2.75,NA,NA,NA,NA,3.17,7.71,7.29,9.94,3.99,8.5,3.7,3.84,3.27,3.44,0.81,0.84,10.79,11.03,10.91,a-csk-wtcat-apo_b-src-wtcat-apo,"csk-wtcat-apo
src-wtcat-apo",apo,"csk-wtcat-apo
src-wtcat-apo",FALSE,TRUE,Apo,"csk-wtcat-apo
src-wtcat-apo","csk-wtcat-apo
src-wtcat-apo
[SRC = Apo]","csk-wtcat-apo
src-wtcat-apo
[SRC = Apo]",State 2,Active (BLAminus),In,Intact,DFGin
a-csk-wtcat-apo_b-src-wtcat-apo_seed-598626_sample-1_model,a-csk-wtcat-apo_b-src-wtcat-apo/seed-598626_sample-1,model.cif,B,SRC-WT,Active (BLAminus),C-lobe Donor,A,NA,NA,NA,2.53,9.59,Intact,No Ligand,In,Packed,DFGin,BLAminus,NTin,CTin,62.1,53.36,15.04,NA,NA,6.93,15.07,3.03,NA,NA,NA,NA,3.15,7.65,7.28,10.03,4.05,8.57,3.77,3.42,2.97,3.48,0.82,0.85,10.43,10.53,10.48,a-csk-wtcat-apo_b-src-wtcat-apo,"csk-wtcat-apo
src-wtcat-apo",apo,"csk-wtcat-apo
src-wtcat-apo",FALSE,TRUE,Apo,"csk-wtcat-apo
src-wtcat-apo","csk-wtcat-apo
src-wtcat-apo
[SRC = Apo]","csk-wtcat-apo
src-wtcat-apo
[SRC = Apo]",State 1,Active (BLAminus),In,Intact,DFGin
a-csk-wtcat-apo_b-src-wtcat-apo_seed-598626_sample-2_model,a-csk-wtcat-apo_b-src-wtcat-apo/seed-598626_sample-2,model.cif,B,SRC-WT,Active (BLAminus),C-lobe Donor,A,NA,NA,NA,2.49,9.86,Intact,No Ligand,In,Packed,DFGin,BLAminus,NTin,CTin,59.93,60.85,16.45,NA,NA,6.88,15.17,2.76,NA,NA,NA,NA,3.26,7.65,7.31,10.05,4.12,8.6,3.79,3.41,3.15,3.43,0.81,0.85,10.44,10.59,10.52,a-csk-wtcat-apo_b-src-wtcat-apo,"csk-wtcat-apo
src-wtcat-apo",apo,"csk-wtcat-apo
src-wtcat-apo",FALSE,TRUE,Apo,"csk-wtcat-apo
src-wtcat-apo","csk-wtcat-apo
src-wtcat-apo
[SRC = Apo]","csk-wtcat-apo
src-wtcat-apo
[SRC = Apo]",State 1,Active (BLAminus),In,Intact,DFGin
a-csk-wtcat-apo_b-src-wtcat-apo_seed-598626_sample-3_model,a-csk-wtcat-apo_b-src-wtcat-apo/seed-598626_sample-3,model.cif,B,SRC-WT,Active (BLAminus),C-lobe Donor,A,NA,NA,NA,2.54,9.15,Intact,No Ligand,In,Packed,DFGin,BLAminus,NTin,CTin,61.68,58.22,15.09,NA,NA,6.81,15.04,2.87,NA,NA,NA,NA,3.1,7.68,7.27,9.97,4.09,8.56,3.76,3.33,3.08,3.42,0.81,0.84,10.83,10.97,10.9,a-csk-wtcat-apo_b-src-wtcat-apo,"csk-wtcat-apo
src-wtcat-apo",apo,"csk-wtcat-apo
src-wtcat-apo",FALSE,TRUE,Apo,"csk-wtcat-apo
src-wtcat-apo","csk-wtcat-apo
src-wtcat-apo
[SRC = Apo]","csk-wtcat-apo
src-wtcat-apo
[SRC = Apo]",State 1,Active (BLAminus),In,Intact,DFGin
a-csk-wtcat-apo_b-src-wtcat-apo_seed-598626_sample-4_model,a-csk-wtcat-apo_b-src-wtcat-apo/seed-598626_sample-4,model.cif,B,SRC-WT,Active (BLAminus),C-lobe Donor,A,NA,NA,NA,2.55,9.87,Intact,No Ligand,In,Packed,DFGin,BLAminus,NTin,CTin,61.31,55.32,15.52,NA,NA,6.9,15.01,2.74,NA,NA,NA,NA,3.22,7.71,7.26,10.06,4.1,8.47,3.79,3.43,3.2,3.44,0.81,0.84,10.54,10.74,10.64,a-csk-wtcat-apo_b-src-wtcat-apo,"csk-wtcat-apo
src-wtcat-apo",apo,"csk-wtcat-apo
src-wtcat-apo",FALSE,TRUE,Apo,"csk-wtcat-apo
src-wtcat-apo","csk-wtcat-apo
src-wtcat-apo
[SRC = Apo]","csk-wtcat-apo
src-wtcat-apo
[SRC = Apo]",State 1,Active (BLAminus),In,Intact,DFGin
a-csk-wtcat-apo_b-src-wtcat-apo_seed-641110_sample-0_model,a-csk-wtcat-apo_b-src-wtcat-apo/seed-641110_sample-0,model.cif,B,SRC-WT,Active (BLAminus),C-lobe Donor,A,NA,NA,NA,2.59,10.41,Intact,No Ligand,In,Packed,DFGin,BLAminus,NTin,CTin,60.78,58.33,16.03,NA,NA,6.86,15.16,2.97,NA,NA,NA,NA,3.23,7.68,7.3,10.01,4.07,8.59,3.78,3.48,3.08,3.41,0.81,0.84,10.69,10.85,10.77,a-csk-wtcat-apo_b-src-wtcat-apo,"csk-wtcat-apo
src-wtcat-apo",apo,"csk-wtcat-apo
src-wtcat-apo",FALSE,TRUE,Apo,"csk-wtcat-apo
src-wtcat-apo","csk-wtcat-apo
src-wtcat-apo
[SRC = Apo]","csk-wtcat-apo
src-wtcat-apo
[SRC = Apo]",State 1,Active (BLAminus),In,Intact,DFGin
a-csk-wtcat-apo_b-src-wtcat-apo_seed-641110_sample-1_model,a-csk-wtcat-apo_b-src-wtcat-apo/seed-641110_sample-1,model.cif,B,SRC-WT,Active (BLAminus),C-lobe Donor,A,NA,NA,NA,2.58,9.43,Intact,No Ligand,In,Packed,DFGin,BLAminus,NTin,CTin,60.53,56.48,16.01,NA,NA,6.77,15.07,2.92,NA,NA,NA,NA,3.27,7.72,7.22,9.99,4.09,8.56,3.74,3.37,3.86,3.39,0.81,0.85,10.49,10.78,10.63,a-csk-wtcat-apo_b-src-wtcat-apo,"csk-wtcat-apo
src-wtcat-apo",apo,"csk-wtcat-apo
src-wtcat-apo",FALSE,TRUE,Apo,"csk-wtcat-apo
src-wtcat-apo","csk-wtcat-apo
src-wtcat-apo
[SRC = Apo]","csk-wtcat-apo
src-wtcat-apo
[SRC = Apo]",State 3,Active (BLAminus),In,Intact,DFGin
a-csk-wtcat-apo_b-src-wtcat-apo_seed-641110_sample-2_model,a-csk-wtcat-apo_b-src-wtcat-apo/seed-641110_sample-2,model.cif,B,SRC-WT,Active (BLAminus),C-lobe Donor,A,NA,NA,NA,2.57,11.78,Intact,No Ligand,In,Packed,DFGin,BLAminus,NTin,CTin,60.75,56.43,16.42,NA,NA,6.83,15.15,2.82,NA,NA,NA,NA,3.46,7.68,7.25,10.01,4.09,8.59,3.71,3.36,3.24,3.37,0.81,0.84,10.65,10.92,10.79,a-csk-wtcat-apo_b-src-wtcat-apo,"csk-wtcat-apo
src-wtcat-apo",apo,"csk-wtcat-apo
src-wtcat-apo",FALSE,TRUE,Apo,"csk-wtcat-apo
src-wtcat-apo","csk-wtcat-apo
src-wtcat-apo
[SRC = Apo]","csk-wtcat-apo
src-wtcat-apo
[SRC = Apo]",State 1,Active (BLAminus),In,Intact,DFGin
a-csk-wtcat-apo_b-src-wtcat-apo_seed-641110_sample-3_model,a-csk-wtcat-apo_b-src-wtcat-apo/seed-641110_sample-3,model.cif,B,SRC-WT,Active (BLAminus),C-lobe Donor,A,NA,NA,NA,2.58,9.94,Intact,No Ligand,In,Packed,DFGin,BLAminus,NTin,CTin,62.28,56.7,15.89,NA,NA,6.91,15.18,2.71,NA,NA,NA,NA,3.2,7.7,7.26,10,4.09,8.61,3.8,3.43,3.15,3.37,0.81,0.84,10.66,10.85,10.75,a-csk-wtcat-apo_b-src-wtcat-apo,"csk-wtcat-apo
src-wtcat-apo",apo,"csk-wtcat-apo
src-wtcat-apo",FALSE,TRUE,Apo,"csk-wtcat-apo
src-wtcat-apo","csk-wtcat-apo
src-wtcat-apo
[SRC = Apo]","csk-wtcat-apo
src-wtcat-apo
[SRC = Apo]",State 1,Active (BLAminus),In,Intact,DFGin
a-csk-wtcat-apo_b-src-wtcat-apo_seed-641110_sample-4_model,a-csk-wtcat-apo_b-src-wtcat-apo/seed-641110_sample-4,model.cif,B,SRC-WT,Active (BLAminus),C-lobe Donor,A,NA,NA,NA,2.54,9.49,Intact,No Ligand,In,Packed,DFGin,BLAminus,NTin,CTin,60.42,59.53,16.06,NA,NA,6.8,15.2,3.11,NA,NA,NA,NA,3.08,7.66,7.27,9.97,4.09,8.57,3.75,3.47,3.18,3.37,0.81,0.84,10.62,10.76,10.69,a-csk-wtcat-apo_b-src-wtcat-apo,"csk-wtcat-apo
src-wtcat-apo",apo,"csk-wtcat-apo
src-wtcat-apo",FALSE,TRUE,Apo,"csk-wtcat-apo
src-wtcat-apo","csk-wtcat-apo
src-wtcat-apo
[SRC = Apo]","csk-wtcat-apo
src-wtcat-apo
[SRC = Apo]",State 1,Active (BLAminus),In,Intact,DFGin
a-csk-wtcat-apo_b-src-wtcat-apo_seed-641138_sample-0_model,a-csk-wtcat-apo_b-src-wtcat-apo/seed-641138_sample-0,model.cif,B,SRC-WT,Active (BLAminus),C-lobe Donor,A,NA,NA,NA,2.57,9.65,Intact,No Ligand,In,Packed,DFGin,BLAminus,NTin,CTin,56.58,57.19,16.11,NA,NA,6.9,15.44,2.88,NA,NA,NA,NA,3.17,7.73,7.22,9.94,4.08,8.51,3.75,3.4,3.25,3.44,0.82,0.85,10.36,10.45,10.4,a-csk-wtcat-apo_b-src-wtcat-apo,"csk-wtcat-apo
src-wtcat-apo",apo,"csk-wtcat-apo
src-wtcat-apo",FALSE,TRUE,Apo,"csk-wtcat-apo
src-wtcat-apo","csk-wtcat-apo
src-wtcat-apo
[SRC = Apo]","csk-wtcat-apo
src-wtcat-apo
[SRC = Apo]",State 1,Active (BLAminus),In,Intact,DFGin
a-csk-wtcat-apo_b-src-wtcat-apo_seed-641138_sample-1_model,a-csk-wtcat-apo_b-src-wtcat-apo/seed-641138_sample-1,model.cif,B,SRC-WT,Active (BLAminus),C-lobe Donor,A,NA,NA,NA,2.58,11.07,Intact,No Ligand,In,Packed,DFGin,BLAminus,NTin,CTin,56.85,56.11,16.17,NA,NA,6.86,15.14,2.8,NA,NA,NA,NA,3.23,7.73,7.26,10,4.07,8.67,3.76,3.52,3.2,3.37,0.81,0.84,10.43,10.73,10.58,a-csk-wtcat-apo_b-src-wtcat-apo,"csk-wtcat-apo
src-wtcat-apo",apo,"csk-wtcat-apo
src-wtcat-apo",FALSE,TRUE,Apo,"csk-wtcat-apo
src-wtcat-apo","csk-wtcat-apo
src-wtcat-apo
[SRC = Apo]","csk-wtcat-apo
src-wtcat-apo
[SRC = Apo]",State 1,Active (BLAminus),In,Intact,DFGin
a-csk-wtcat-apo_b-src-wtcat-apo_seed-641138_sample-2_model,a-csk-wtcat-apo_b-src-wtcat-apo/seed-641138_sample-2,model.cif,B,SRC-WT,Active (BLAminus),C-lobe Donor,A,NA,NA,NA,2.51,9.49,Intact,No Ligand,In,Packed,DFGin,BLAminus,NTin,CTin,56.04,56.72,16.72,NA,NA,6.94,15.42,2.79,NA,NA,NA,NA,3.14,7.7,7.29,10.04,3.96,8.47,3.84,3.86,3.91,3.41,0.82,0.85,10.15,10.35,10.25,a-csk-wtcat-apo_b-src-wtcat-apo,"csk-wtcat-apo
src-wtcat-apo",apo,"csk-wtcat-apo
src-wtcat-apo",FALSE,TRUE,Apo,"csk-wtcat-apo
src-wtcat-apo","csk-wtcat-apo
src-wtcat-apo
[SRC = Apo]","csk-wtcat-apo
src-wtcat-apo
[SRC = Apo]",State 5,Active (BLAminus),In,Intact,DFGin
a-csk-wtcat-apo_b-src-wtcat-apo_seed-641138_sample-3_model,a-csk-wtcat-apo_b-src-wtcat-apo/seed-641138_sample-3,model.cif,B,SRC-WT,Active (BLAminus),C-lobe Donor,A,NA,NA,NA,2.49,11.3,Intact,No Ligand,In,Packed,DFGin,BLAminus,NTin,CTin,60.04,58.64,16.18,NA,NA,6.82,15.17,2.93,NA,NA,NA,NA,3.13,7.69,7.3,9.97,3.96,8.73,3.74,3.9,3.21,3.38,0.82,0.85,10.28,10.42,10.35,a-csk-wtcat-apo_b-src-wtcat-apo,"csk-wtcat-apo
src-wtcat-apo",apo,"csk-wtcat-apo
src-wtcat-apo",FALSE,TRUE,Apo,"csk-wtcat-apo
src-wtcat-apo","csk-wtcat-apo
src-wtcat-apo
[SRC = Apo]","csk-wtcat-apo
src-wtcat-apo
[SRC = Apo]",State 2,Active (BLAminus),In,Intact,DFGin
a-csk-wtcat-apo_b-src-wtcat-apo_seed-641138_sample-4_model,a-csk-wtcat-apo_b-src-wtcat-apo/seed-641138_sample-4,model.cif,B,SRC-WT,Active (BLAminus),C-lobe Donor,A,NA,NA,NA,2.56,9.73,Intact,No Ligand,In,Packed,DFGin,BLAminus,NTin,CTin,59.57,56.19,15.5,NA,NA,6.85,15.12,2.84,NA,NA,NA,NA,3.26,7.7,7.2,10.07,4.06,8.63,3.73,3.35,3.32,3.46,0.81,0.84,10.54,10.69,10.61,a-csk-wtcat-apo_b-src-wtcat-apo,"csk-wtcat-apo
src-wtcat-apo",apo,"csk-wtcat-apo
src-wtcat-apo",FALSE,TRUE,Apo,"csk-wtcat-apo
src-wtcat-apo","csk-wtcat-apo
src-wtcat-apo
[SRC = Apo]","csk-wtcat-apo
src-wtcat-apo
[SRC = Apo]",State 3,Active (BLAminus),In,Intact,DFGin
a-csk-wtcat-apo_b-src-wtcat-holo_seed-1110358_sample-0_model,a-csk-wtcat-apo_b-src-wtcat-holo/seed-1110358_sample-0,model.cif,B,SRC-WT,Active (BLAminus),C-lobe Donor,A,NA,NA,NA,2.64,9.68,Intact,No Ligand,In,Packed,DFGin,BLAminus,NTin,CTin,58.03,55.25,16.45,NA,NA,6.9,15.3,2.76,NA,NA,NA,NA,3.15,7.77,7.3,10.03,4.1,8.62,3.84,3.45,3.69,3.42,0.84,0.86,9.17,10.1,9.63,a-csk-wtcat-apo_b-src-wtcat-holo,"csk-wtcat-holo
src-wtcat-apo",apo,"csk-wtcat-holo
src-wtcat-apo",TRUE,TRUE,Apo,"csk-wtcat-holo
src-wtcat-apo","csk-wtcat-holo
src-wtcat-apo
[SRC = Apo]","csk-wtcat-holo
src-wtcat-apo
[SRC = Apo]",State 3,Active (BLAminus),In,Intact,DFGin
a-csk-wtcat-apo_b-src-wtcat-holo_seed-1110358_sample-1_model,a-csk-wtcat-apo_b-src-wtcat-holo/seed-1110358_sample-1,model.cif,B,SRC-WT,Active (BLAminus),C-lobe Donor,A,NA,NA,NA,2.57,9.19,Intact,No Ligand,In,Packed,DFGin,BLAminus,NTin,CTin,61.52,57.7,15.84,NA,NA,6.83,15.12,2.9,NA,NA,NA,NA,3.25,7.73,7.3,9.98,4.06,8.52,3.77,3.41,3,3.39,0.84,0.86,9.24,10.08,9.66,a-csk-wtcat-apo_b-src-wtcat-holo,"csk-wtcat-holo
src-wtcat-apo",apo,"csk-wtcat-holo
src-wtcat-apo",TRUE,TRUE,Apo,"csk-wtcat-holo
src-wtcat-apo","csk-wtcat-holo
src-wtcat-apo
[SRC = Apo]","csk-wtcat-holo
src-wtcat-apo
[SRC = Apo]",State 1,Active (BLAminus),In,Intact,DFGin
a-csk-wtcat-apo_b-src-wtcat-holo_seed-1110358_sample-2_model,a-csk-wtcat-apo_b-src-wtcat-holo/seed-1110358_sample-2,model.cif,B,SRC-WT,Active (BLAminus),C-lobe Donor,A,NA,NA,NA,2.49,10.42,Intact,No Ligand,In,Packed,DFGin,BLAminus,NTin,CTin,61.53,55.88,15.73,NA,NA,6.91,15.09,3.08,NA,NA,NA,NA,3.39,7.68,7.31,9.95,3.96,8.57,3.78,3.96,3.17,3.38,0.84,0.87,9.12,10,9.56,a-csk-wtcat-apo_b-src-wtcat-holo,"csk-wtcat-holo
src-wtcat-apo",apo,"csk-wtcat-holo
src-wtcat-apo",TRUE,TRUE,Apo,"csk-wtcat-holo
src-wtcat-apo","csk-wtcat-holo
src-wtcat-apo
[SRC = Apo]","csk-wtcat-holo
src-wtcat-apo
[SRC = Apo]",State 2,Active (BLAminus),In,Intact,DFGin
a-csk-wtcat-apo_b-src-wtcat-holo_seed-1110358_sample-3_model,a-csk-wtcat-apo_b-src-wtcat-holo/seed-1110358_sample-3,model.cif,B,SRC-WT,Active (BLAminus),C-lobe Donor,A,NA,NA,NA,2.53,9.17,Intact,No Ligand,In,Packed,DFGin,BLAminus,NTin,CTin,62.08,59.36,16.41,NA,NA,6.95,15.38,2.75,NA,NA,NA,NA,3.07,7.69,7.31,9.9,4.02,8.61,3.69,3.88,3.16,3.47,0.84,0.86,9.18,9.96,9.57,a-csk-wtcat-apo_b-src-wtcat-holo,"csk-wtcat-holo
src-wtcat-apo",apo,"csk-wtcat-holo
src-wtcat-apo",TRUE,TRUE,Apo,"csk-wtcat-holo
src-wtcat-apo","csk-wtcat-holo
src-wtcat-apo
[SRC = Apo]","csk-wtcat-holo
src-wtcat-apo
[SRC = Apo]",State 2,Active (BLAminus),In,Intact,DFGin
a-csk-wtcat-apo_b-src-wtcat-holo_seed-1110358_sample-4_model,a-csk-wtcat-apo_b-src-wtcat-holo/seed-1110358_sample-4,model.cif,B,SRC-WT,Active (BLAminus),C-lobe Donor,A,NA,NA,NA,2.5,9.66,Intact,No Ligand,In,Packed,DFGin,BLAminus,NTin,CTin,61.04,61.9,15.92,NA,NA,6.93,15.42,2.83,NA,NA,NA,NA,3.19,7.7,7.27,9.93,3.95,8.6,3.66,3.93,3.07,3.43,0.83,0.86,9.49,10.18,9.84,a-csk-wtcat-apo_b-src-wtcat-holo,"csk-wtcat-holo
src-wtcat-apo",apo,"csk-wtcat-holo
src-wtcat-apo",TRUE,TRUE,Apo,"csk-wtcat-holo
src-wtcat-apo","csk-wtcat-holo
src-wtcat-apo
[SRC = Apo]","csk-wtcat-holo
src-wtcat-apo
[SRC = Apo]",State 2,Active (BLAminus),In,Intact,DFGin
a-csk-wtcat-apo_b-src-wtcat-holo_seed-1164200_sample-0_model,a-csk-wtcat-apo_b-src-wtcat-holo/seed-1164200_sample-0,model.cif,B,SRC-WT,Active (BLAminus),C-lobe Donor,A,NA,NA,NA,2.54,9.88,Intact,No Ligand,In,Packed,DFGin,BLAminus,NTin,CTin,57.31,56.08,16.3,NA,NA,6.85,15.26,2.8,NA,NA,NA,NA,3.27,7.72,7.25,9.98,4.08,8.47,3.75,3.5,3.18,3.41,0.85,0.87,8.96,9.66,9.31,a-csk-wtcat-apo_b-src-wtcat-holo,"csk-wtcat-holo
src-wtcat-apo",apo,"csk-wtcat-holo
src-wtcat-apo",TRUE,TRUE,Apo,"csk-wtcat-holo
src-wtcat-apo","csk-wtcat-holo
src-wtcat-apo
[SRC = Apo]","csk-wtcat-holo
src-wtcat-apo
[SRC = Apo]",State 1,Active (BLAminus),In,Intact,DFGin
a-csk-wtcat-apo_b-src-wtcat-holo_seed-1164200_sample-1_model,a-csk-wtcat-apo_b-src-wtcat-holo/seed-1164200_sample-1,model.cif,B,SRC-WT,Active (BLAminus),C-lobe Donor,A,NA,NA,NA,2.62,9.7,Intact,No Ligand,In,Packed,DFGin,BLAminus,NTin,CTin,63,56.2,15.32,NA,NA,6.84,15,2.97,NA,NA,NA,NA,3.19,7.69,7.28,9.94,4.06,8.46,3.78,3.53,3.08,3.38,0.85,0.87,8.94,9.88,9.41,a-csk-wtcat-apo_b-src-wtcat-holo,"csk-wtcat-holo
src-wtcat-apo",apo,"csk-wtcat-holo
src-wtcat-apo",TRUE,TRUE,Apo,"csk-wtcat-holo
src-wtcat-apo","csk-wtcat-holo
src-wtcat-apo
[SRC = Apo]","csk-wtcat-holo
src-wtcat-apo
[SRC = Apo]",State 1,Active (BLAminus),In,Intact,DFGin
a-csk-wtcat-apo_b-src-wtcat-holo_seed-1164200_sample-2_model,a-csk-wtcat-apo_b-src-wtcat-holo/seed-1164200_sample-2,model.cif,B,SRC-WT,Active (BLAminus),C-lobe Donor,A,NA,NA,NA,2.53,9.87,Intact,No Ligand,In,Packed,DFGin,BLAminus,NTin,CTin,60.81,59.81,16.49,NA,NA,6.81,15.22,2.61,NA,NA,NA,NA,3.23,7.73,7.22,9.97,4.06,8.4,3.68,3.42,3.12,3.47,0.85,0.87,8.97,9.57,9.27,a-csk-wtcat-apo_b-src-wtcat-holo,"csk-wtcat-holo
src-wtcat-apo",apo,"csk-wtcat-holo
src-wtcat-apo",TRUE,TRUE,Apo,"csk-wtcat-holo
src-wtcat-apo","csk-wtcat-holo
src-wtcat-apo
[SRC = Apo]","csk-wtcat-holo
src-wtcat-apo
[SRC = Apo]",State 1,Active (BLAminus),In,Intact,DFGin
a-csk-wtcat-apo_b-src-wtcat-holo_seed-1164200_sample-3_model,a-csk-wtcat-apo_b-src-wtcat-holo/seed-1164200_sample-3,model.cif,B,SRC-WT,Active (BLAminus),C-lobe Donor,A,NA,NA,NA,2.52,10.12,Intact,No Ligand,In,Packed,DFGin,BLAminus,NTin,CTin,56.92,55.92,16.87,NA,NA,6.91,15.33,2.91,NA,NA,NA,NA,3.5,7.67,7.3,10.01,4.09,8.51,3.8,3.42,3.09,3.37,0.84,0.87,9.19,9.87,9.53,a-csk-wtcat-apo_b-src-wtcat-holo,"csk-wtcat-holo
src-wtcat-apo",apo,"csk-wtcat-holo
src-wtcat-apo",TRUE,TRUE,Apo,"csk-wtcat-holo
src-wtcat-apo","csk-wtcat-holo
src-wtcat-apo
[SRC = Apo]","csk-wtcat-holo
src-wtcat-apo
[SRC = Apo]",State 1,Active (BLAminus),In,Intact,DFGin
a-csk-wtcat-apo_b-src-wtcat-holo_seed-1164200_sample-4_model,a-csk-wtcat-apo_b-src-wtcat-holo/seed-1164200_sample-4,model.cif,B,SRC-WT,Active (BLAminus),C-lobe Donor,A,NA,NA,NA,2.51,9.57,Intact,No Ligand,In,Packed,DFGin,BLAminus,NTin,CTin,59.92,63.21,16.34,NA,NA,6.8,14.87,2.8,NA,NA,NA,NA,3.3,7.75,7.3,9.98,4.12,8.55,3.77,3.39,3.14,3.46,0.84,0.87,9.18,9.78,9.48,a-csk-wtcat-apo_b-src-wtcat-holo,"csk-wtcat-holo
src-wtcat-apo",apo,"csk-wtcat-holo
src-wtcat-apo",TRUE,TRUE,Apo,"csk-wtcat-holo
src-wtcat-apo","csk-wtcat-holo
src-wtcat-apo
[SRC = Apo]","csk-wtcat-holo
src-wtcat-apo
[SRC = Apo]",State 1,Active (BLAminus),In,Intact,DFGin
a-csk-wtcat-apo_b-src-wtcat-holo_seed-132814_sample-0_model,a-csk-wtcat-apo_b-src-wtcat-holo/seed-132814_sample-0,model.cif,B,SRC-WT,Active (BLAminus),C-lobe Donor,A,NA,NA,NA,2.57,11.25,Intact,No Ligand,In,Packed,DFGin,BLAminus,NTin,CTin,61.18,58.91,15.54,NA,NA,6.78,14.94,2.88,NA,NA,NA,NA,3.29,7.76,7.29,10.02,4.07,8.61,3.84,3.6,3.86,3.41,0.84,0.87,9.2,9.84,9.52,a-csk-wtcat-apo_b-src-wtcat-holo,"csk-wtcat-holo
src-wtcat-apo",apo,"csk-wtcat-holo
src-wtcat-apo",TRUE,TRUE,Apo,"csk-wtcat-holo
src-wtcat-apo","csk-wtcat-holo
src-wtcat-apo
[SRC = Apo]","csk-wtcat-holo
src-wtcat-apo
[SRC = Apo]",State 3,Active (BLAminus),In,Intact,DFGin
a-csk-wtcat-apo_b-src-wtcat-holo_seed-132814_sample-1_model,a-csk-wtcat-apo_b-src-wtcat-holo/seed-132814_sample-1,model.cif,B,SRC-WT,Active (BLAminus),C-lobe Donor,A,NA,NA,NA,2.55,9.75,Intact,No Ligand,In,Packed,DFGin,BLAminus,NTin,CTin,58.95,61.45,15.88,NA,NA,6.75,14.85,2.67,NA,NA,NA,NA,3.23,7.72,7.29,9.96,3.98,8.57,3.67,3.87,3.28,3.39,0.84,0.87,9.16,9.85,9.5,a-csk-wtcat-apo_b-src-wtcat-holo,"csk-wtcat-holo
src-wtcat-apo",apo,"csk-wtcat-holo
src-wtcat-apo",TRUE,TRUE,Apo,"csk-wtcat-holo
src-wtcat-apo","csk-wtcat-holo
src-wtcat-apo
[SRC = Apo]","csk-wtcat-holo
src-wtcat-apo
[SRC = Apo]",State 2,Active (BLAminus),In,Intact,DFGin
a-csk-wtcat-apo_b-src-wtcat-holo_seed-132814_sample-2_model,a-csk-wtcat-apo_b-src-wtcat-holo/seed-132814_sample-2,model.cif,B,SRC-WT,Active (BLAminus),C-lobe Donor,A,NA,NA,NA,2.57,9.04,Intact,No Ligand,In,Packed,DFGin,BLAminus,NTin,CTin,61.63,57.32,14.1,NA,NA,6.72,14.61,2.76,NA,NA,NA,NA,3.21,7.75,7.23,9.97,4.03,8.58,3.78,3.43,3.18,3.38,0.83,0.86,9.34,10.05,9.7,a-csk-wtcat-apo_b-src-wtcat-holo,"csk-wtcat-holo
src-wtcat-apo",apo,"csk-wtcat-holo
src-wtcat-apo",TRUE,TRUE,Apo,"csk-wtcat-holo
src-wtcat-apo","csk-wtcat-holo
src-wtcat-apo
[SRC = Apo]","csk-wtcat-holo
src-wtcat-apo
[SRC = Apo]",State 3,Active (BLAminus),In,Intact,DFGin
a-csk-wtcat-apo_b-src-wtcat-holo_seed-132814_sample-3_model,a-csk-wtcat-apo_b-src-wtcat-holo/seed-132814_sample-3,model.cif,B,SRC-WT,Active (BLAminus),C-lobe Donor,A,NA,NA,NA,2.55,9.68,Intact,No Ligand,In,Packed,DFGin,BLAminus,NTin,CTin,62.62,57.66,15.67,NA,NA,6.73,15,2.82,NA,NA,NA,NA,3.12,7.63,7.31,9.91,3.96,8.54,3.71,3.92,2.96,3.39,0.84,0.86,9.32,9.84,9.58,a-csk-wtcat-apo_b-src-wtcat-holo,"csk-wtcat-holo
src-wtcat-apo",apo,"csk-wtcat-holo
src-wtcat-apo",TRUE,TRUE,Apo,"csk-wtcat-holo
src-wtcat-apo","csk-wtcat-holo
src-wtcat-apo
[SRC = Apo]","csk-wtcat-holo
src-wtcat-apo
[SRC = Apo]",State 2,Active (BLAminus),In,Intact,DFGin
a-csk-wtcat-apo_b-src-wtcat-holo_seed-132814_sample-4_model,a-csk-wtcat-apo_b-src-wtcat-holo/seed-132814_sample-4,model.cif,B,SRC-WT,Active (BLAminus),C-lobe Donor,A,NA,NA,NA,2.6,9.41,Intact,No Ligand,In,Packed,DFGin,BLAminus,NTin,CTin,57.16,55.57,16.57,NA,NA,6.76,15.12,2.74,NA,NA,NA,NA,3.2,7.68,7.25,9.95,4.08,8.49,3.66,3.34,3.14,3.44,0.84,0.87,9.21,9.76,9.48,a-csk-wtcat-apo_b-src-wtcat-holo,"csk-wtcat-holo
src-wtcat-apo",apo,"csk-wtcat-holo
src-wtcat-apo",TRUE,TRUE,Apo,"csk-wtcat-holo
src-wtcat-apo","csk-wtcat-holo
src-wtcat-apo
[SRC = Apo]","csk-wtcat-holo
src-wtcat-apo
[SRC = Apo]",State 1,Active (BLAminus),In,Intact,DFGin
a-csk-wtcat-apo_b-src-wtcat-holo_seed-1345148_sample-0_model,a-csk-wtcat-apo_b-src-wtcat-holo/seed-1345148_sample-0,model.cif,B,SRC-WT,Active (BLAminus),C-lobe Donor,A,NA,NA,NA,2.64,9.26,Intact,No Ligand,In,Packed,DFGin,BLAminus,NTin,CTin,60.88,58.07,17.13,NA,NA,6.73,15.15,2.77,NA,NA,NA,NA,3.28,7.72,7.25,9.96,4.1,8.59,3.71,3.38,3.15,3.41,0.83,0.86,9.32,9.87,9.59,a-csk-wtcat-apo_b-src-wtcat-holo,"csk-wtcat-holo
src-wtcat-apo",apo,"csk-wtcat-holo
src-wtcat-apo",TRUE,TRUE,Apo,"csk-wtcat-holo
src-wtcat-apo","csk-wtcat-holo
src-wtcat-apo
[SRC = Apo]","csk-wtcat-holo
src-wtcat-apo
[SRC = Apo]",State 1,Active (BLAminus),In,Intact,DFGin
a-csk-wtcat-apo_b-src-wtcat-holo_seed-1345148_sample-1_model,a-csk-wtcat-apo_b-src-wtcat-holo/seed-1345148_sample-1,model.cif,B,SRC-WT,Active (BLAminus),C-lobe Donor,A,NA,NA,NA,2.56,9.73,Intact,No Ligand,In,Packed,DFGin,BLAminus,NTin,CTin,61.16,59.25,16.07,NA,NA,6.8,15.07,2.69,NA,NA,NA,NA,3.25,7.7,7.32,9.95,4.09,8.62,3.83,3.47,3.1,3.39,0.84,0.87,8.99,9.76,9.38,a-csk-wtcat-apo_b-src-wtcat-holo,"csk-wtcat-holo
src-wtcat-apo",apo,"csk-wtcat-holo
src-wtcat-apo",TRUE,TRUE,Apo,"csk-wtcat-holo
src-wtcat-apo","csk-wtcat-holo
src-wtcat-apo
[SRC = Apo]","csk-wtcat-holo
src-wtcat-apo
[SRC = Apo]",State 1,Active (BLAminus),In,Intact,DFGin
a-csk-wtcat-apo_b-src-wtcat-holo_seed-1345148_sample-2_model,a-csk-wtcat-apo_b-src-wtcat-holo/seed-1345148_sample-2,model.cif,B,SRC-WT,Active (BLAminus),C-lobe Donor,A,NA,NA,NA,2.48,10.51,Intact,No Ligand,In,Packed,DFGin,BLAminus,NTin,CTin,62.85,57.39,15.93,NA,NA,6.83,15.14,2.8,NA,NA,NA,NA,3.21,7.62,7.32,10,3.97,8.52,3.75,3.91,3.06,3.41,0.84,0.86,9.22,9.91,9.57,a-csk-wtcat-apo_b-src-wtcat-holo,"csk-wtcat-holo
src-wtcat-apo",apo,"csk-wtcat-holo
src-wtcat-apo",TRUE,TRUE,Apo,"csk-wtcat-holo
src-wtcat-apo","csk-wtcat-holo
src-wtcat-apo
[SRC = Apo]","csk-wtcat-holo
src-wtcat-apo
[SRC = Apo]",State 2,Active (BLAminus),In,Intact,DFGin
a-csk-wtcat-apo_b-src-wtcat-holo_seed-1345148_sample-3_model,a-csk-wtcat-apo_b-src-wtcat-holo/seed-1345148_sample-3,model.cif,B,SRC-WT,Active (BLAminus),C-lobe Donor,A,NA,NA,NA,2.54,10.63,Intact,No Ligand,In,Packed,DFGin,BLAminus,NTin,CTin,63.5,55.56,16.51,NA,NA,6.81,15.25,2.88,NA,NA,NA,NA,3.28,7.69,7.2,9.96,4.09,8.63,3.72,3.37,3.68,3.42,0.84,0.87,9.56,9.83,9.7,a-csk-wtcat-apo_b-src-wtcat-holo,"csk-wtcat-holo
src-wtcat-apo",apo,"csk-wtcat-holo
src-wtcat-apo",TRUE,TRUE,Apo,"csk-wtcat-holo
src-wtcat-apo","csk-wtcat-holo
src-wtcat-apo
[SRC = Apo]","csk-wtcat-holo
src-wtcat-apo
[SRC = Apo]",State 3,Active (BLAminus),In,Intact,DFGin
a-csk-wtcat-apo_b-src-wtcat-holo_seed-1345148_sample-4_model,a-csk-wtcat-apo_b-src-wtcat-holo/seed-1345148_sample-4,model.cif,B,SRC-WT,Active (BLAminus),C-lobe Donor,A,NA,NA,NA,2.55,10.61,Intact,No Ligand,In,Packed,DFGin,BLAminus,NTin,CTin,57.23,55.74,15.92,NA,NA,6.74,15.07,2.94,NA,NA,NA,NA,3.4,7.69,7.21,9.99,4.03,8.52,3.74,3.48,3.02,3.45,0.84,0.87,9.15,9.89,9.52,a-csk-wtcat-apo_b-src-wtcat-holo,"csk-wtcat-holo
src-wtcat-apo",apo,"csk-wtcat-holo
src-wtcat-apo",TRUE,TRUE,Apo,"csk-wtcat-holo
src-wtcat-apo","csk-wtcat-holo
src-wtcat-apo
[SRC = Apo]","csk-wtcat-holo
src-wtcat-apo
[SRC = Apo]",State 1,Active (BLAminus),In,Intact,DFGin
a-csk-wtcat-apo_b-src-wtcat-holo_seed-142199_sample-0_model,a-csk-wtcat-apo_b-src-wtcat-holo/seed-142199_sample-0,model.cif,B,SRC-WT,Active (BLAminus),C-lobe Donor,A,NA,NA,NA,2.53,10.32,Intact,No Ligand,In,Packed,DFGin,BLAminus,NTin,CTin,60.71,58.6,16.3,NA,NA,6.95,15.26,2.76,NA,NA,NA,NA,3.23,7.67,7.3,9.98,4.05,8.58,3.76,3.51,3.2,3.43,0.84,0.87,8.88,9.7,9.29,a-csk-wtcat-apo_b-src-wtcat-holo,"csk-wtcat-holo
src-wtcat-apo",apo,"csk-wtcat-holo
src-wtcat-apo",TRUE,TRUE,Apo,"csk-wtcat-holo
src-wtcat-apo","csk-wtcat-holo
src-wtcat-apo
[SRC = Apo]","csk-wtcat-holo
src-wtcat-apo
[SRC = Apo]",State 1,Active (BLAminus),In,Intact,DFGin
a-csk-wtcat-apo_b-src-wtcat-holo_seed-142199_sample-1_model,a-csk-wtcat-apo_b-src-wtcat-holo/seed-142199_sample-1,model.cif,B,SRC-WT,Active (BLAminus),C-lobe Donor,A,NA,NA,NA,2.53,9.52,Intact,No Ligand,In,Packed,DFGin,BLAminus,NTin,CTin,58.98,54.67,14.77,NA,NA,6.88,14.9,2.63,NA,NA,NA,NA,3.09,7.72,7.3,9.96,3.97,8.59,3.69,3.82,3.31,3.39,0.85,0.87,9,9.92,9.46,a-csk-wtcat-apo_b-src-wtcat-holo,"csk-wtcat-holo
src-wtcat-apo",apo,"csk-wtcat-holo
src-wtcat-apo",TRUE,TRUE,Apo,"csk-wtcat-holo
src-wtcat-apo","csk-wtcat-holo
src-wtcat-apo
[SRC = Apo]","csk-wtcat-holo
src-wtcat-apo
[SRC = Apo]",State 2,Active (BLAminus),In,Intact,DFGin
a-csk-wtcat-apo_b-src-wtcat-holo_seed-142199_sample-2_model,a-csk-wtcat-apo_b-src-wtcat-holo/seed-142199_sample-2,model.cif,B,SRC-WT,Active (BLAminus),C-lobe Donor,A,NA,NA,NA,2.56,9.17,Intact,No Ligand,In,Packed,DFGin,BLAminus,NTin,CTin,61.28,59.16,16.3,NA,NA,6.91,15.24,2.82,NA,NA,NA,NA,3.16,7.76,7.27,9.99,4.07,8.54,3.74,3.45,3.29,3.46,0.85,0.87,8.77,9.6,9.18,a-csk-wtcat-apo_b-src-wtcat-holo,"csk-wtcat-holo
src-wtcat-apo",apo,"csk-wtcat-holo
src-wtcat-apo",TRUE,TRUE,Apo,"csk-wtcat-holo
src-wtcat-apo","csk-wtcat-holo
src-wtcat-apo
[SRC = Apo]","csk-wtcat-holo
src-wtcat-apo
[SRC = Apo]",State 1,Active (BLAminus),In,Intact,DFGin
a-csk-wtcat-apo_b-src-wtcat-holo_seed-142199_sample-3_model,a-csk-wtcat-apo_b-src-wtcat-holo/seed-142199_sample-3,model.cif,B,SRC-WT,Active (BLAminus),C-lobe Donor,A,NA,NA,NA,2.53,9.95,Intact,No Ligand,In,Packed,DFGin,BLAminus,NTin,CTin,58.73,56.69,15.58,NA,NA,6.79,14.78,2.97,NA,NA,NA,NA,3.2,7.74,7.3,10.05,4.08,8.5,3.8,3.43,3.2,3.45,0.85,0.87,8.9,9.77,9.34,a-csk-wtcat-apo_b-src-wtcat-holo,"csk-wtcat-holo
src-wtcat-apo",apo,"csk-wtcat-holo
src-wtcat-apo",TRUE,TRUE,Apo,"csk-wtcat-holo
src-wtcat-apo","csk-wtcat-holo
src-wtcat-apo
[SRC = Apo]","csk-wtcat-holo
src-wtcat-apo
[SRC = Apo]",State 1,Active (BLAminus),In,Intact,DFGin
a-csk-wtcat-apo_b-src-wtcat-holo_seed-142199_sample-4_model,a-csk-wtcat-apo_b-src-wtcat-holo/seed-142199_sample-4,model.cif,B,SRC-WT,Active (BLAminus),C-lobe Donor,A,NA,NA,NA,2.55,9.15,Intact,No Ligand,In,Packed,DFGin,BLAminus,NTin,CTin,61.98,52.81,16.15,NA,NA,6.76,15.15,2.95,NA,NA,NA,NA,3.09,7.68,7.25,9.93,4.09,8.54,3.71,3.42,3.11,3.44,0.84,0.87,9.25,9.78,9.52,a-csk-wtcat-apo_b-src-wtcat-holo,"csk-wtcat-holo
src-wtcat-apo",apo,"csk-wtcat-holo
src-wtcat-apo",TRUE,TRUE,Apo,"csk-wtcat-holo
src-wtcat-apo","csk-wtcat-holo
src-wtcat-apo
[SRC = Apo]","csk-wtcat-holo
src-wtcat-apo
[SRC = Apo]",State 1,Active (BLAminus),In,Intact,DFGin
a-csk-wtcat-apo_b-src-wtcat-holo_seed-1496640_sample-0_model,a-csk-wtcat-apo_b-src-wtcat-holo/seed-1496640_sample-0,model.cif,B,SRC-WT,Active (BLAminus),C-lobe Donor,A,NA,NA,NA,2.46,9.51,Intact,No Ligand,In,Packed,DFGin,BLAminus,NTin,CTin,58.86,63.07,16.31,NA,NA,6.91,15.3,2.61,NA,NA,NA,NA,3.24,7.75,7.27,9.99,4.12,8.57,3.81,3.43,3.32,3.42,0.84,0.86,9.26,9.87,9.56,a-csk-wtcat-apo_b-src-wtcat-holo,"csk-wtcat-holo
src-wtcat-apo",apo,"csk-wtcat-holo
src-wtcat-apo",TRUE,TRUE,Apo,"csk-wtcat-holo
src-wtcat-apo","csk-wtcat-holo
src-wtcat-apo
[SRC = Apo]","csk-wtcat-holo
src-wtcat-apo
[SRC = Apo]",State 1,Active (BLAminus),In,Intact,DFGin
a-csk-wtcat-apo_b-src-wtcat-holo_seed-1496640_sample-1_model,a-csk-wtcat-apo_b-src-wtcat-holo/seed-1496640_sample-1,model.cif,B,SRC-WT,Active (BLAminus),C-lobe Donor,A,NA,NA,NA,2.5,9.73,Intact,No Ligand,In,Packed,DFGin,BLAminus,NTin,CTin,57.18,57.09,16.72,NA,NA,6.95,15.28,2.77,NA,NA,NA,NA,3.27,7.7,7.29,10.02,4.07,8.51,3.68,3.52,3.12,3.43,0.84,0.87,8.89,9.69,9.29,a-csk-wtcat-apo_b-src-wtcat-holo,"csk-wtcat-holo
src-wtcat-apo",apo,"csk-wtcat-holo
src-wtcat-apo",TRUE,TRUE,Apo,"csk-wtcat-holo
src-wtcat-apo","csk-wtcat-holo
src-wtcat-apo
[SRC = Apo]","csk-wtcat-holo
src-wtcat-apo
[SRC = Apo]",State 1,Active (BLAminus),In,Intact,DFGin
a-csk-wtcat-apo_b-src-wtcat-holo_seed-1496640_sample-2_model,a-csk-wtcat-apo_b-src-wtcat-holo/seed-1496640_sample-2,model.cif,B,SRC-WT,Inactive (BLBminus),C-lobe Donor,A,NA,NA,NA,2.57,10.97,Intact,No Ligand,Out,Packed,DFGin,BLBminus,NTin,CTin,60.03,36.57,14.23,NA,NA,8.45,15.83,11.68,NA,NA,NA,NA,3.23,7.68,7.29,10.12,3.86,9.45,3.79,4.1,3.47,3.43,0.85,0.87,8.92,9.95,9.43,a-csk-wtcat-apo_b-src-wtcat-holo,"csk-wtcat-holo
src-wtcat-apo",apo,"csk-wtcat-holo
src-wtcat-apo",TRUE,TRUE,Apo,"csk-wtcat-holo
src-wtcat-apo","csk-wtcat-holo
src-wtcat-apo
[SRC = Apo]","csk-wtcat-holo
src-wtcat-apo
[SRC = Apo]",State 2,Other,Other,Intact,DFGin
a-csk-wtcat-apo_b-src-wtcat-holo_seed-1496640_sample-3_model,a-csk-wtcat-apo_b-src-wtcat-holo/seed-1496640_sample-3,model.cif,B,SRC-WT,Active (BLAminus),C-lobe Donor,A,NA,NA,NA,2.64,10.68,Intact,No Ligand,In,Packed,DFGin,BLAminus,NTin,CTin,56.89,57.57,15.46,NA,NA,6.83,15.13,2.79,NA,NA,NA,NA,3.27,7.75,7.26,9.93,4.09,8.59,3.76,3.46,3.1,3.39,0.84,0.87,9.02,9.93,9.47,a-csk-wtcat-apo_b-src-wtcat-holo,"csk-wtcat-holo
src-wtcat-apo",apo,"csk-wtcat-holo
src-wtcat-apo",TRUE,TRUE,Apo,"csk-wtcat-holo
src-wtcat-apo","csk-wtcat-holo
src-wtcat-apo
[SRC = Apo]","csk-wtcat-holo
src-wtcat-apo
[SRC = Apo]",State 1,Active (BLAminus),In,Intact,DFGin
a-csk-wtcat-apo_b-src-wtcat-holo_seed-1496640_sample-4_model,a-csk-wtcat-apo_b-src-wtcat-holo/seed-1496640_sample-4,model.cif,B,SRC-WT,Inactive (BLBtrans),C-lobe Donor,A,NA,NA,NA,2.49,10.81,Intact,No Ligand,Out,Packed,DFGin,BLBtrans,NTout,CTin,56.47,28.93,12.28,NA,NA,6.37,16.74,12.36,NA,NA,NA,NA,3.25,7.69,7.21,10.18,3.95,9.79,3.56,3.56,3.18,3.45,0.85,0.87,8.83,10.02,9.43,a-csk-wtcat-apo_b-src-wtcat-holo,"csk-wtcat-holo
src-wtcat-apo",apo,"csk-wtcat-holo
src-wtcat-apo",TRUE,TRUE,Apo,"csk-wtcat-holo
src-wtcat-apo","csk-wtcat-holo
src-wtcat-apo
[SRC = Apo]","csk-wtcat-holo
src-wtcat-apo
[SRC = Apo]",State 2,Other,Other,Intact,DFGin
a-csk-wtcat-apo_b-src-wtcat-holo_seed-1618795_sample-0_model,a-csk-wtcat-apo_b-src-wtcat-holo/seed-1618795_sample-0,model.cif,B,SRC-WT,Active (BLAminus),C-lobe Donor,A,NA,NA,NA,2.54,9.61,Intact,No Ligand,In,Packed,DFGin,BLAminus,NTin,CTin,63.7,54.21,15.94,NA,NA,6.86,15.23,2.74,NA,NA,NA,NA,3.14,7.74,7.28,9.98,4.11,8.49,3.75,3.52,3.1,3.39,0.83,0.86,9.26,10.02,9.64,a-csk-wtcat-apo_b-src-wtcat-holo,"csk-wtcat-holo
src-wtcat-apo",apo,"csk-wtcat-holo
src-wtcat-apo",TRUE,TRUE,Apo,"csk-wtcat-holo
src-wtcat-apo","csk-wtcat-holo
src-wtcat-apo
[SRC = Apo]","csk-wtcat-holo
src-wtcat-apo
[SRC = Apo]",State 1,Active (BLAminus),In,Intact,DFGin
a-csk-wtcat-apo_b-src-wtcat-holo_seed-1618795_sample-1_model,a-csk-wtcat-apo_b-src-wtcat-holo/seed-1618795_sample-1,model.cif,B,SRC-WT,Active (BLAminus),C-lobe Donor,A,NA,NA,NA,2.6,10.11,Intact,No Ligand,In,Packed,DFGin,BLAminus,NTin,CTin,62.48,59.07,15.63,NA,NA,6.69,14.77,2.92,NA,NA,NA,NA,3.39,7.75,7.25,9.94,4.08,8.49,3.76,3.44,3.25,3.44,0.83,0.86,9.22,9.99,9.61,a-csk-wtcat-apo_b-src-wtcat-holo,"csk-wtcat-holo
src-wtcat-apo",apo,"csk-wtcat-holo
src-wtcat-apo",TRUE,TRUE,Apo,"csk-wtcat-holo
src-wtcat-apo","csk-wtcat-holo
src-wtcat-apo
[SRC = Apo]","csk-wtcat-holo
src-wtcat-apo
[SRC = Apo]",State 1,Active (BLAminus),In,Intact,DFGin
a-csk-wtcat-apo_b-src-wtcat-holo_seed-1618795_sample-2_model,a-csk-wtcat-apo_b-src-wtcat-holo/seed-1618795_sample-2,model.cif,B,SRC-WT,Active (BLAminus),C-lobe Donor,A,NA,NA,NA,2.55,9.76,Intact,No Ligand,In,Packed,DFGin,BLAminus,NTin,CTin,61.27,60.97,15.75,NA,NA,6.75,15.01,2.68,NA,NA,NA,NA,3.13,7.71,7.31,9.91,4.08,8.53,3.8,3.45,3.15,3.43,0.84,0.86,9.13,9.95,9.54,a-csk-wtcat-apo_b-src-wtcat-holo,"csk-wtcat-holo
src-wtcat-apo",apo,"csk-wtcat-holo
src-wtcat-apo",TRUE,TRUE,Apo,"csk-wtcat-holo
src-wtcat-apo","csk-wtcat-holo
src-wtcat-apo
[SRC = Apo]","csk-wtcat-holo
src-wtcat-apo
[SRC = Apo]",State 1,Active (BLAminus),In,Intact,DFGin
a-csk-wtcat-apo_b-src-wtcat-holo_seed-1618795_sample-3_model,a-csk-wtcat-apo_b-src-wtcat-holo/seed-1618795_sample-3,model.cif,B,SRC-WT,Active (BLAminus),C-lobe Donor,A,NA,NA,NA,2.56,10.45,Intact,No Ligand,In,Packed,DFGin,BLAminus,NTin,CTin,59.73,60.61,16.11,NA,NA,6.78,15.07,2.71,NA,NA,NA,NA,3.01,7.69,7.29,10.01,4.06,8.39,3.81,3.51,3.09,3.4,0.83,0.87,9.12,9.87,9.49,a-csk-wtcat-apo_b-src-wtcat-holo,"csk-wtcat-holo
src-wtcat-apo",apo,"csk-wtcat-holo
src-wtcat-apo",TRUE,TRUE,Apo,"csk-wtcat-holo
src-wtcat-apo","csk-wtcat-holo
src-wtcat-apo
[SRC = Apo]","csk-wtcat-holo
src-wtcat-apo
[SRC = Apo]",State 1,Active (BLAminus),In,Intact,DFGin
a-csk-wtcat-apo_b-src-wtcat-holo_seed-1618795_sample-4_model,a-csk-wtcat-apo_b-src-wtcat-holo/seed-1618795_sample-4,model.cif,B,SRC-WT,Active (BLAminus),C-lobe Donor,A,NA,NA,NA,2.54,10.05,Intact,No Ligand,In,Packed,DFGin,BLAminus,NTin,CTin,57.6,55.69,16.61,NA,NA,6.86,15.21,2.77,NA,NA,NA,NA,3.1,7.7,7.36,9.98,3.99,8.57,3.75,3.86,3.19,3.4,0.83,0.86,9.24,10,9.62,a-csk-wtcat-apo_b-src-wtcat-holo,"csk-wtcat-holo
src-wtcat-apo",apo,"csk-wtcat-holo
src-wtcat-apo",TRUE,TRUE,Apo,"csk-wtcat-holo
src-wtcat-apo","csk-wtcat-holo
src-wtcat-apo
[SRC = Apo]","csk-wtcat-holo
src-wtcat-apo
[SRC = Apo]",State 2,Active (BLAminus),In,Intact,DFGin
a-csk-wtcat-apo_b-src-wtcat-holo_seed-1664734_sample-0_model,a-csk-wtcat-apo_b-src-wtcat-holo/seed-1664734_sample-0,model.cif,B,SRC-WT,Active (BLAminus),C-lobe Donor,A,NA,NA,NA,2.56,11.51,Intact,No Ligand,In,Packed,DFGin,BLAminus,NTin,CTin,61.39,58.52,16.13,NA,NA,6.71,15.04,2.69,NA,NA,NA,NA,3.03,7.76,7.26,9.94,4.07,8.39,3.71,3.45,3.25,3.47,0.84,0.87,8.89,9.71,9.3,a-csk-wtcat-apo_b-src-wtcat-holo,"csk-wtcat-holo
src-wtcat-apo",apo,"csk-wtcat-holo
src-wtcat-apo",TRUE,TRUE,Apo,"csk-wtcat-holo
src-wtcat-apo","csk-wtcat-holo
src-wtcat-apo
[SRC = Apo]","csk-wtcat-holo
src-wtcat-apo
[SRC = Apo]",State 3,Active (BLAminus),In,Intact,DFGin
a-csk-wtcat-apo_b-src-wtcat-holo_seed-1664734_sample-1_model,a-csk-wtcat-apo_b-src-wtcat-holo/seed-1664734_sample-1,model.cif,B,SRC-WT,Active (BLAminus),C-lobe Donor,A,NA,NA,NA,2.56,9.69,Intact,No Ligand,In,Packed,DFGin,BLAminus,NTin,CTin,62.11,58.53,16.03,NA,NA,6.84,15.06,2.78,NA,NA,NA,NA,3.25,7.72,7.31,9.97,3.98,8.45,3.74,3.89,3.62,3.45,0.84,0.87,9.14,9.95,9.54,a-csk-wtcat-apo_b-src-wtcat-holo,"csk-wtcat-holo
src-wtcat-apo",apo,"csk-wtcat-holo
src-wtcat-apo",TRUE,TRUE,Apo,"csk-wtcat-holo
src-wtcat-apo","csk-wtcat-holo
src-wtcat-apo
[SRC = Apo]","csk-wtcat-holo
src-wtcat-apo
[SRC = Apo]",State 2,Active (BLAminus),In,Intact,DFGin
a-csk-wtcat-apo_b-src-wtcat-holo_seed-1664734_sample-2_model,a-csk-wtcat-apo_b-src-wtcat-holo/seed-1664734_sample-2,model.cif,B,SRC-WT,Active (BLAminus),C-lobe Donor,A,NA,NA,NA,2.53,9.67,Intact,No Ligand,In,Packed,DFGin,BLAminus,NTin,CTin,62.24,54.64,15.07,NA,NA,6.89,14.9,2.8,NA,NA,NA,NA,3.39,7.68,7.27,10.03,4.06,8.47,3.63,3.51,3.16,3.39,0.83,0.86,9.19,10.03,9.61,a-csk-wtcat-apo_b-src-wtcat-holo,"csk-wtcat-holo
src-wtcat-apo",apo,"csk-wtcat-holo
src-wtcat-apo",TRUE,TRUE,Apo,"csk-wtcat-holo
src-wtcat-apo","csk-wtcat-holo
src-wtcat-apo
[SRC = Apo]","csk-wtcat-holo
src-wtcat-apo
[SRC = Apo]",State 1,Active (BLAminus),In,Intact,DFGin
a-csk-wtcat-apo_b-src-wtcat-holo_seed-1664734_sample-3_model,a-csk-wtcat-apo_b-src-wtcat-holo/seed-1664734_sample-3,model.cif,B,SRC-WT,Active (BLAminus),C-lobe Donor,A,NA,NA,NA,2.52,9.75,Intact,No Ligand,In,Packed,DFGin,BLAminus,NTin,CTin,59.73,62.79,16.58,NA,NA,6.84,15.15,2.64,NA,NA,NA,NA,3.1,7.73,7.28,9.99,4.06,8.57,3.8,3.59,3.12,3.47,0.84,0.87,9.02,9.77,9.39,a-csk-wtcat-apo_b-src-wtcat-holo,"csk-wtcat-holo
src-wtcat-apo",apo,"csk-wtcat-holo
src-wtcat-apo",TRUE,TRUE,Apo,"csk-wtcat-holo
src-wtcat-apo","csk-wtcat-holo
src-wtcat-apo
[SRC = Apo]","csk-wtcat-holo
src-wtcat-apo
[SRC = Apo]",State 1,Active (BLAminus),In,Intact,DFGin
a-csk-wtcat-apo_b-src-wtcat-holo_seed-1664734_sample-4_model,a-csk-wtcat-apo_b-src-wtcat-holo/seed-1664734_sample-4,model.cif,B,SRC-WT,Active (BLAminus),C-lobe Donor,A,NA,NA,NA,2.51,10.08,Intact,No Ligand,In,Packed,DFGin,BLAminus,NTin,CTin,60.23,59.29,15.65,NA,NA,6.72,14.9,2.67,NA,NA,NA,NA,3.05,7.71,7.23,9.92,4.02,8.47,3.69,3.48,3.15,3.44,0.83,0.86,9.44,9.85,9.64,a-csk-wtcat-apo_b-src-wtcat-holo,"csk-wtcat-holo
src-wtcat-apo",apo,"csk-wtcat-holo
src-wtcat-apo",TRUE,TRUE,Apo,"csk-wtcat-holo
src-wtcat-apo","csk-wtcat-holo
src-wtcat-apo
[SRC = Apo]","csk-wtcat-holo
src-wtcat-apo
[SRC = Apo]",State 1,Active (BLAminus),In,Intact,DFGin
a-csk-wtcat-apo_b-src-wtcat-holo_seed-1935628_sample-0_model,a-csk-wtcat-apo_b-src-wtcat-holo/seed-1935628_sample-0,model.cif,B,SRC-WT,Active (BLAminus),C-lobe Donor,A,NA,NA,NA,2.61,9.35,Intact,No Ligand,In,Packed,DFGin,BLAminus,NTin,CTin,58.01,54.69,15.72,NA,NA,6.95,15.18,2.85,NA,NA,NA,NA,3.2,7.67,7.27,9.96,4.12,8.53,3.72,3.41,3.13,3.44,0.83,0.86,9.11,10.05,9.58,a-csk-wtcat-apo_b-src-wtcat-holo,"csk-wtcat-holo
src-wtcat-apo",apo,"csk-wtcat-holo
src-wtcat-apo",TRUE,TRUE,Apo,"csk-wtcat-holo
src-wtcat-apo","csk-wtcat-holo
src-wtcat-apo
[SRC = Apo]","csk-wtcat-holo
src-wtcat-apo
[SRC = Apo]",State 1,Active (BLAminus),In,Intact,DFGin
a-csk-wtcat-apo_b-src-wtcat-holo_seed-1935628_sample-1_model,a-csk-wtcat-apo_b-src-wtcat-holo/seed-1935628_sample-1,model.cif,B,SRC-WT,Active (BLAminus),C-lobe Donor,A,NA,NA,NA,2.56,9.72,Intact,No Ligand,In,Packed,DFGin,BLAminus,NTin,CTin,56.81,56.61,16.45,NA,NA,6.87,15.13,2.89,NA,NA,NA,NA,3.13,7.64,7.25,9.98,4.09,8.57,3.73,3.53,3.2,3.36,0.84,0.87,9.05,9.83,9.44,a-csk-wtcat-apo_b-src-wtcat-holo,"csk-wtcat-holo
src-wtcat-apo",apo,"csk-wtcat-holo
src-wtcat-apo",TRUE,TRUE,Apo,"csk-wtcat-holo
src-wtcat-apo","csk-wtcat-holo
src-wtcat-apo
[SRC = Apo]","csk-wtcat-holo
src-wtcat-apo
[SRC = Apo]",State 1,Active (BLAminus),In,Intact,DFGin
a-csk-wtcat-apo_b-src-wtcat-holo_seed-1935628_sample-2_model,a-csk-wtcat-apo_b-src-wtcat-holo/seed-1935628_sample-2,model.cif,B,SRC-WT,Active (BLAminus),C-lobe Donor,A,NA,NA,NA,2.58,9.24,Intact,No Ligand,In,Packed,DFGin,BLAminus,NTin,CTin,56.21,55.83,16.66,NA,NA,6.94,15.34,2.91,NA,NA,NA,NA,3.54,7.7,7.29,10.01,4.06,8.55,3.77,3.5,3.1,3.44,0.84,0.87,9.12,9.85,9.48,a-csk-wtcat-apo_b-src-wtcat-holo,"csk-wtcat-holo
src-wtcat-apo",apo,"csk-wtcat-holo
src-wtcat-apo",TRUE,TRUE,Apo,"csk-wtcat-holo
src-wtcat-apo","csk-wtcat-holo
src-wtcat-apo
[SRC = Apo]","csk-wtcat-holo
src-wtcat-apo
[SRC = Apo]",State 1,Active (BLAminus),In,Intact,DFGin
a-csk-wtcat-apo_b-src-wtcat-holo_seed-1935628_sample-3_model,a-csk-wtcat-apo_b-src-wtcat-holo/seed-1935628_sample-3,model.cif,B,SRC-WT,Active (BLAminus),C-lobe Donor,A,NA,NA,NA,2.6,9.95,Intact,No Ligand,In,Packed,DFGin,BLAminus,NTin,CTin,62.24,55.26,16.6,NA,NA,6.81,15.28,2.82,NA,NA,NA,NA,3.43,7.72,7.22,9.98,4.11,8.59,3.65,3.42,3.31,3.44,0.84,0.87,8.91,9.73,9.32,a-csk-wtcat-apo_b-src-wtcat-holo,"csk-wtcat-holo
src-wtcat-apo",apo,"csk-wtcat-holo
src-wtcat-apo",TRUE,TRUE,Apo,"csk-wtcat-holo
src-wtcat-apo","csk-wtcat-holo
src-wtcat-apo
[SRC = Apo]","csk-wtcat-holo
src-wtcat-apo
[SRC = Apo]",State 1,Active (BLAminus),In,Intact,DFGin
a-csk-wtcat-apo_b-src-wtcat-holo_seed-195758_sample-0_model,a-csk-wtcat-apo_b-src-wtcat-holo/seed-195758_sample-0,model.cif,B,SRC-WT,Active (BLAminus),C-lobe Donor,A,NA,NA,NA,2.63,10.23,Intact,No Ligand,In,Packed,DFGin,BLAminus,NTin,CTin,60.11,60.89,15.89,NA,NA,6.82,15.22,2.77,NA,NA,NA,NA,3.14,7.65,7.29,9.97,3.94,8.53,3.7,3.9,2.94,3.39,0.85,0.87,8.87,9.7,9.29,a-csk-wtcat-apo_b-src-wtcat-holo,"csk-wtcat-holo
src-wtcat-apo",apo,"csk-wtcat-holo
src-wtcat-apo",TRUE,TRUE,Apo,"csk-wtcat-holo
src-wtcat-apo","csk-wtcat-holo
src-wtcat-apo
[SRC = Apo]","csk-wtcat-holo
src-wtcat-apo
[SRC = Apo]",State 2,Active (BLAminus),In,Intact,DFGin
a-csk-wtcat-apo_b-src-wtcat-holo_seed-195758_sample-1_model,a-csk-wtcat-apo_b-src-wtcat-holo/seed-195758_sample-1,model.cif,B,SRC-WT,Active (BLAminus),C-lobe Donor,A,NA,NA,NA,2.58,9.87,Intact,No Ligand,In,Packed,DFGin,BLAminus,NTin,CTin,62.76,58.56,15.85,NA,NA,6.72,14.93,2.76,NA,NA,NA,NA,3.14,7.79,7.24,9.95,4.09,8.6,3.78,3.48,3.28,3.48,0.85,0.87,8.9,9.75,9.32,a-csk-wtcat-apo_b-src-wtcat-holo,"csk-wtcat-holo
src-wtcat-apo",apo,"csk-wtcat-holo
src-wtcat-apo",TRUE,TRUE,Apo,"csk-wtcat-holo
src-wtcat-apo","csk-wtcat-holo
src-wtcat-apo
[SRC = Apo]","csk-wtcat-holo
src-wtcat-apo
[SRC = Apo]",State 1,Active (BLAminus),In,Intact,DFGin
a-csk-wtcat-apo_b-src-wtcat-holo_seed-195758_sample-2_model,a-csk-wtcat-apo_b-src-wtcat-holo/seed-195758_sample-2,model.cif,B,SRC-WT,Inactive (BLBplus),C-lobe Donor,A,NA,NA,NA,2.61,10.03,Intact,No Ligand,Out,Packed,DFGin,BLBplus,NTin,CTin,59.72,22.15,13.74,NA,NA,4.9,12.91,12.99,NA,NA,NA,NA,3.2,7.66,7.13,10.13,3.85,9.62,3.62,3.52,3.31,3.46,0.84,0.87,9.12,10.03,9.57,a-csk-wtcat-apo_b-src-wtcat-holo,"csk-wtcat-holo
src-wtcat-apo",apo,"csk-wtcat-holo
src-wtcat-apo",TRUE,TRUE,Apo,"csk-wtcat-holo
src-wtcat-apo","csk-wtcat-holo
src-wtcat-apo
[SRC = Apo]","csk-wtcat-holo
src-wtcat-apo
[SRC = Apo]",State 2,Other,Other,Intact,DFGin
a-csk-wtcat-apo_b-src-wtcat-holo_seed-195758_sample-3_model,a-csk-wtcat-apo_b-src-wtcat-holo/seed-195758_sample-3,model.cif,B,SRC-WT,Active (BLAminus),C-lobe Donor,A,NA,NA,NA,2.58,10.03,Intact,No Ligand,In,Packed,DFGin,BLAminus,NTin,CTin,57.36,56.37,15.3,NA,NA,6.8,14.99,2.8,NA,NA,NA,NA,3.28,7.73,7.25,10.04,3.98,8.55,3.64,3.85,3.21,3.37,0.84,0.87,8.92,9.8,9.36,a-csk-wtcat-apo_b-src-wtcat-holo,"csk-wtcat-holo
src-wtcat-apo",apo,"csk-wtcat-holo
src-wtcat-apo",TRUE,TRUE,Apo,"csk-wtcat-holo
src-wtcat-apo","csk-wtcat-holo
src-wtcat-apo
[SRC = Apo]","csk-wtcat-holo
src-wtcat-apo
[SRC = Apo]",State 2,Active (BLAminus),In,Intact,DFGin
a-csk-wtcat-apo_b-src-wtcat-holo_seed-195758_sample-4_model,a-csk-wtcat-apo_b-src-wtcat-holo/seed-195758_sample-4,model.cif,B,SRC-WT,Active (BLAminus),C-lobe Donor,A,NA,NA,NA,2.59,10.31,Intact,No Ligand,In,Packed,DFGin,BLAminus,NTin,CTin,60.56,62.18,16.01,NA,NA,6.78,15.02,2.73,NA,NA,NA,NA,3.12,7.68,7.32,10,4.01,8.48,3.72,3.92,3.08,3.39,0.84,0.87,9.35,9.73,9.54,a-csk-wtcat-apo_b-src-wtcat-holo,"csk-wtcat-holo
src-wtcat-apo",apo,"csk-wtcat-holo
src-wtcat-apo",TRUE,TRUE,Apo,"csk-wtcat-holo
src-wtcat-apo","csk-wtcat-holo
src-wtcat-apo
[SRC = Apo]","csk-wtcat-holo
src-wtcat-apo
[SRC = Apo]",State 2,Active (BLAminus),In,Intact,DFGin
a-csk-wtcat-apo_b-src-wtcat-holo_seed-1992167_sample-1_model,a-csk-wtcat-apo_b-src-wtcat-holo/seed-1992167_sample-1,model.cif,B,SRC-WT,Active (BLAminus),C-lobe Donor,A,NA,NA,NA,2.54,10.66,Intact,No Ligand,In,Packed,DFGin,BLAminus,NTin,CTin,56.84,56.06,16.38,NA,NA,6.86,15.16,2.78,NA,NA,NA,NA,3.24,7.75,7.23,9.92,4.06,8.5,3.72,3.37,3.2,3.45,0.84,0.87,9.16,9.85,9.5,a-csk-wtcat-apo_b-src-wtcat-holo,"csk-wtcat-holo
src-wtcat-apo",apo,"csk-wtcat-holo
src-wtcat-apo",TRUE,TRUE,Apo,"csk-wtcat-holo
src-wtcat-apo","csk-wtcat-holo
src-wtcat-apo
[SRC = Apo]","csk-wtcat-holo
src-wtcat-apo
[SRC = Apo]",State 1,Active (BLAminus),In,Intact,DFGin
a-csk-wtcat-apo_b-src-wtcat-holo_seed-1992167_sample-2_model,a-csk-wtcat-apo_b-src-wtcat-holo/seed-1992167_sample-2,model.cif,B,SRC-WT,Active (BLAminus),C-lobe Donor,A,NA,NA,NA,2.53,9.56,Intact,No Ligand,In,Packed,DFGin,BLAminus,NTin,CTin,57.33,58.15,15.96,NA,NA,6.76,14.85,2.94,NA,NA,NA,NA,3.24,7.75,7.3,9.98,3.98,8.5,3.68,3.88,3.2,3.4,0.84,0.87,9.19,9.92,9.55,a-csk-wtcat-apo_b-src-wtcat-holo,"csk-wtcat-holo
src-wtcat-apo",apo,"csk-wtcat-holo
src-wtcat-apo",TRUE,TRUE,Apo,"csk-wtcat-holo
src-wtcat-apo","csk-wtcat-holo
src-wtcat-apo
[SRC = Apo]","csk-wtcat-holo
src-wtcat-apo
[SRC = Apo]",State 2,Active (BLAminus),In,Intact,DFGin
a-csk-wtcat-apo_b-src-wtcat-holo_seed-1992167_sample-3_model,a-csk-wtcat-apo_b-src-wtcat-holo/seed-1992167_sample-3,model.cif,B,SRC-WT,Active (BLAminus),C-lobe Donor,A,NA,NA,NA,2.58,9.8,Intact,No Ligand,In,Packed,DFGin,BLAminus,NTin,CTin,61.95,59.46,15.56,NA,NA,6.77,14.98,2.72,NA,NA,NA,NA,3.14,7.72,7.26,9.92,4.06,8.67,3.74,3.48,3.14,3.37,0.83,0.86,9.36,10.05,9.71,a-csk-wtcat-apo_b-src-wtcat-holo,"csk-wtcat-holo
src-wtcat-apo",apo,"csk-wtcat-holo
src-wtcat-apo",TRUE,TRUE,Apo,"csk-wtcat-holo
src-wtcat-apo","csk-wtcat-holo
src-wtcat-apo
[SRC = Apo]","csk-wtcat-holo
src-wtcat-apo
[SRC = Apo]",State 1,Active (BLAminus),In,Intact,DFGin
a-csk-wtcat-apo_b-src-wtcat-holo_seed-1992167_sample-4_model,a-csk-wtcat-apo_b-src-wtcat-holo/seed-1992167_sample-4,model.cif,B,SRC-WT,Active (BLAminus),C-lobe Donor,A,NA,NA,NA,2.55,9.76,Intact,No Ligand,In,Packed,DFGin,BLAminus,NTin,CTin,62.27,56.26,15.7,NA,NA,6.81,14.98,2.77,NA,NA,NA,NA,3.06,7.76,7.28,10.01,3.98,8.57,3.77,3.87,3.25,3.39,0.84,0.86,9.33,9.97,9.65,a-csk-wtcat-apo_b-src-wtcat-holo,"csk-wtcat-holo
src-wtcat-apo",apo,"csk-wtcat-holo
src-wtcat-apo",TRUE,TRUE,Apo,"csk-wtcat-holo
src-wtcat-apo","csk-wtcat-holo
src-wtcat-apo
[SRC = Apo]","csk-wtcat-holo
src-wtcat-apo
[SRC = Apo]",State 2,Active (BLAminus),In,Intact,DFGin
a-csk-wtcat-apo_b-src-wtcat-holo_seed-216712_sample-0_model,a-csk-wtcat-apo_b-src-wtcat-holo/seed-216712_sample-0,model.cif,B,SRC-WT,Active (BLAminus),C-lobe Donor,A,NA,NA,NA,2.5,9.77,Intact,No Ligand,In,Packed,DFGin,BLAminus,NTin,CTin,56.82,57.34,16.08,NA,NA,6.9,15.24,2.84,NA,NA,NA,NA,3.42,7.66,7.25,10.03,4.05,8.6,3.67,3.38,3.07,3.38,0.83,0.86,9.61,9.93,9.77,a-csk-wtcat-apo_b-src-wtcat-holo,"csk-wtcat-holo
src-wtcat-apo",apo,"csk-wtcat-holo
src-wtcat-apo",TRUE,TRUE,Apo,"csk-wtcat-holo
src-wtcat-apo","csk-wtcat-holo
src-wtcat-apo
[SRC = Apo]","csk-wtcat-holo
src-wtcat-apo
[SRC = Apo]",State 1,Active (BLAminus),In,Intact,DFGin
a-csk-wtcat-apo_b-src-wtcat-holo_seed-216712_sample-1_model,a-csk-wtcat-apo_b-src-wtcat-holo/seed-216712_sample-1,model.cif,B,SRC-WT,Active (BLAminus),C-lobe Donor,A,NA,NA,NA,2.6,9.87,Intact,No Ligand,In,Packed,DFGin,BLAminus,NTin,CTin,57.05,55.61,15.4,NA,NA,6.89,15.1,2.78,NA,NA,NA,NA,3.18,7.74,7.29,9.98,4.09,8.52,3.75,3.48,3.13,3.43,0.84,0.86,9.23,9.96,9.6,a-csk-wtcat-apo_b-src-wtcat-holo,"csk-wtcat-holo
src-wtcat-apo",apo,"csk-wtcat-holo
src-wtcat-apo",TRUE,TRUE,Apo,"csk-wtcat-holo
src-wtcat-apo","csk-wtcat-holo
src-wtcat-apo
[SRC = Apo]","csk-wtcat-holo
src-wtcat-apo
[SRC = Apo]",State 1,Active (BLAminus),In,Intact,DFGin
a-csk-wtcat-apo_b-src-wtcat-holo_seed-216712_sample-2_model,a-csk-wtcat-apo_b-src-wtcat-holo/seed-216712_sample-2,model.cif,B,SRC-WT,Active (BLAminus),C-lobe Donor,A,NA,NA,NA,2.56,10.97,Intact,No Ligand,In,Packed,DFGin,BLAminus,NTin,CTin,61.04,60.36,15.73,NA,NA,6.7,14.9,2.74,NA,NA,NA,NA,3.15,7.74,7.23,9.9,4.05,8.55,3.72,3.47,3.25,3.43,0.85,0.87,8.92,9.77,9.34,a-csk-wtcat-apo_b-src-wtcat-holo,"csk-wtcat-holo
src-wtcat-apo",apo,"csk-wtcat-holo
src-wtcat-apo",TRUE,TRUE,Apo,"csk-wtcat-holo
src-wtcat-apo","csk-wtcat-holo
src-wtcat-apo
[SRC = Apo]","csk-wtcat-holo
src-wtcat-apo
[SRC = Apo]",State 1,Active (BLAminus),In,Intact,DFGin
a-csk-wtcat-apo_b-src-wtcat-holo_seed-216712_sample-3_model,a-csk-wtcat-apo_b-src-wtcat-holo/seed-216712_sample-3,model.cif,B,SRC-WT,Active (BLAminus),C-lobe Donor,A,NA,NA,NA,2.6,9.71,Intact,No Ligand,In,Packed,DFGin,BLAminus,NTin,CTin,56.85,57.4,15.94,NA,NA,6.95,15.27,2.97,NA,NA,NA,NA,3.13,7.7,7.25,10.03,4.06,8.44,3.74,3.46,3.18,3.41,0.84,0.87,9.16,9.92,9.54,a-csk-wtcat-apo_b-src-wtcat-holo,"csk-wtcat-holo
src-wtcat-apo",apo,"csk-wtcat-holo
src-wtcat-apo",TRUE,TRUE,Apo,"csk-wtcat-holo
src-wtcat-apo","csk-wtcat-holo
src-wtcat-apo
[SRC = Apo]","csk-wtcat-holo
src-wtcat-apo
[SRC = Apo]",State 1,Active (BLAminus),In,Intact,DFGin
a-csk-wtcat-apo_b-src-wtcat-holo_seed-216712_sample-4_model,a-csk-wtcat-apo_b-src-wtcat-holo/seed-216712_sample-4,model.cif,B,SRC-WT,Active (BLAminus),C-lobe Donor,A,NA,NA,NA,2.55,10.46,Intact,No Ligand,In,Packed,DFGin,BLAminus,NTin,CTin,60.6,55.73,16.39,NA,NA,6.85,15.36,2.96,NA,NA,NA,NA,3.17,7.69,7.26,9.89,3.96,8.5,3.7,3.88,3.18,3.44,0.84,0.87,9.06,9.73,9.39,a-csk-wtcat-apo_b-src-wtcat-holo,"csk-wtcat-holo
src-wtcat-apo",apo,"csk-wtcat-holo
src-wtcat-apo",TRUE,TRUE,Apo,"csk-wtcat-holo
src-wtcat-apo","csk-wtcat-holo
src-wtcat-apo
[SRC = Apo]","csk-wtcat-holo
src-wtcat-apo
[SRC = Apo]",State 2,Active (BLAminus),In,Intact,DFGin
a-csk-wtcat-apo_b-src-wtcat-holo_seed-217710_sample-0_model,a-csk-wtcat-apo_b-src-wtcat-holo/seed-217710_sample-0,model.cif,B,SRC-WT,Active (BLAminus),C-lobe Donor,A,NA,NA,NA,2.57,11.21,Intact,No Ligand,In,Packed,DFGin,BLAminus,NTin,CTin,56.74,57.06,15.91,NA,NA,6.92,15.26,2.76,NA,NA,NA,NA,3.36,7.76,7.28,9.99,4.1,8.6,3.75,3.41,3.19,3.43,0.84,0.87,9.18,9.84,9.51,a-csk-wtcat-apo_b-src-wtcat-holo,"csk-wtcat-holo
src-wtcat-apo",apo,"csk-wtcat-holo
src-wtcat-apo",TRUE,TRUE,Apo,"csk-wtcat-holo
src-wtcat-apo","csk-wtcat-holo
src-wtcat-apo
[SRC = Apo]","csk-wtcat-holo
src-wtcat-apo
[SRC = Apo]",State 1,Active (BLAminus),In,Intact,DFGin
a-csk-wtcat-apo_b-src-wtcat-holo_seed-217710_sample-1_model,a-csk-wtcat-apo_b-src-wtcat-holo/seed-217710_sample-1,model.cif,B,SRC-WT,Active (BLAminus),C-lobe Donor,A,NA,NA,NA,2.55,9.79,Intact,No Ligand,In,Packed,DFGin,BLAminus,NTin,CTin,58.93,60.39,15.25,NA,NA,6.81,14.92,2.7,NA,NA,NA,NA,3.1,7.7,7.25,9.99,4.06,8.55,3.71,3.49,3.09,3.45,0.84,0.86,9.09,9.95,9.52,a-csk-wtcat-apo_b-src-wtcat-holo,"csk-wtcat-holo
src-wtcat-apo",apo,"csk-wtcat-holo
src-wtcat-apo",TRUE,TRUE,Apo,"csk-wtcat-holo
src-wtcat-apo","csk-wtcat-holo
src-wtcat-apo
[SRC = Apo]","csk-wtcat-holo
src-wtcat-apo
[SRC = Apo]",State 1,Active (BLAminus),In,Intact,DFGin
a-csk-wtcat-apo_b-src-wtcat-holo_seed-217710_sample-2_model,a-csk-wtcat-apo_b-src-wtcat-holo/seed-217710_sample-2,model.cif,B,SRC-WT,Active (BLAminus),C-lobe Donor,A,NA,NA,NA,2.44,9.7,Intact,No Ligand,In,Packed,DFGin,BLAminus,NTin,CTin,57.13,57.25,16.11,NA,NA,6.91,15.21,3.01,NA,NA,NA,NA,3.22,7.67,7.3,9.95,4,8.61,3.68,3.87,3.06,3.43,0.84,0.87,8.99,9.79,9.39,a-csk-wtcat-apo_b-src-wtcat-holo,"csk-wtcat-holo
src-wtcat-apo",apo,"csk-wtcat-holo
src-wtcat-apo",TRUE,TRUE,Apo,"csk-wtcat-holo
src-wtcat-apo","csk-wtcat-holo
src-wtcat-apo
[SRC = Apo]","csk-wtcat-holo
src-wtcat-apo
[SRC = Apo]",State 2,Active (BLAminus),In,Intact,DFGin
a-csk-wtcat-apo_b-src-wtcat-holo_seed-217710_sample-3_model,a-csk-wtcat-apo_b-src-wtcat-holo/seed-217710_sample-3,model.cif,B,SRC-WT,Active (BLAminus),C-lobe Donor,A,NA,NA,NA,2.6,9.57,Intact,No Ligand,In,Packed,DFGin,BLAminus,NTin,CTin,57.93,54.1,15.77,NA,NA,6.95,15.19,2.72,NA,NA,NA,NA,3.21,7.78,7.21,9.98,4.08,8.52,3.76,3.36,3.98,3.44,0.84,0.87,9.06,9.87,9.46,a-csk-wtcat-apo_b-src-wtcat-holo,"csk-wtcat-holo
src-wtcat-apo",apo,"csk-wtcat-holo
src-wtcat-apo",TRUE,TRUE,Apo,"csk-wtcat-holo
src-wtcat-apo","csk-wtcat-holo
src-wtcat-apo
[SRC = Apo]","csk-wtcat-holo
src-wtcat-apo
[SRC = Apo]",State 3,Active (BLAminus),In,Intact,DFGin
a-csk-wtcat-apo_b-src-wtcat-holo_seed-217710_sample-4_model,a-csk-wtcat-apo_b-src-wtcat-holo/seed-217710_sample-4,model.cif,B,SRC-WT,Active (BLAminus),C-lobe Donor,A,NA,NA,NA,2.52,9.38,Intact,No Ligand,In,Packed,DFGin,BLAminus,NTin,CTin,62.61,56.79,15.05,NA,NA,6.75,14.85,2.8,NA,NA,NA,NA,3.22,7.76,7.25,9.97,4.07,8.48,3.78,3.44,3.25,3.41,0.84,0.87,9.07,9.97,9.52,a-csk-wtcat-apo_b-src-wtcat-holo,"csk-wtcat-holo
src-wtcat-apo",apo,"csk-wtcat-holo
src-wtcat-apo",TRUE,TRUE,Apo,"csk-wtcat-holo
src-wtcat-apo","csk-wtcat-holo
src-wtcat-apo
[SRC = Apo]","csk-wtcat-holo
src-wtcat-apo
[SRC = Apo]",State 1,Active (BLAminus),In,Intact,DFGin
a-csk-wtcat-apo_b-src-wtcat-holo_seed-242621_sample-0_model,a-csk-wtcat-apo_b-src-wtcat-holo/seed-242621_sample-0,model.cif,B,SRC-WT,Active (BLAminus),C-lobe Donor,A,NA,NA,NA,2.57,10.45,Intact,No Ligand,In,Packed,DFGin,BLAminus,NTin,CTin,56.27,57.22,15.78,NA,NA,6.95,15.22,2.85,NA,NA,NA,NA,3.36,7.73,7.31,9.96,3.94,8.48,3.75,3.97,3.26,3.46,0.84,0.87,9.13,9.7,9.41,a-csk-wtcat-apo_b-src-wtcat-holo,"csk-wtcat-holo
src-wtcat-apo",apo,"csk-wtcat-holo
src-wtcat-apo",TRUE,TRUE,Apo,"csk-wtcat-holo
src-wtcat-apo","csk-wtcat-holo
src-wtcat-apo
[SRC = Apo]","csk-wtcat-holo
src-wtcat-apo
[SRC = Apo]",State 2,Active (BLAminus),In,Intact,DFGin
a-csk-wtcat-apo_b-src-wtcat-holo_seed-242621_sample-1_model,a-csk-wtcat-apo_b-src-wtcat-holo/seed-242621_sample-1,model.cif,B,SRC-WT,Active (BLAminus),C-lobe Donor,A,NA,NA,NA,2.55,9.69,Intact,No Ligand,In,Packed,DFGin,BLAminus,NTin,CTin,56.37,56.3,16.15,NA,NA,6.77,14.97,2.85,NA,NA,NA,NA,3.13,7.66,7.26,9.94,4.06,8.5,3.7,3.47,3.08,3.37,0.84,0.87,8.99,9.73,9.36,a-csk-wtcat-apo_b-src-wtcat-holo,"csk-wtcat-holo
src-wtcat-apo",apo,"csk-wtcat-holo
src-wtcat-apo",TRUE,TRUE,Apo,"csk-wtcat-holo
src-wtcat-apo","csk-wtcat-holo
src-wtcat-apo
[SRC = Apo]","csk-wtcat-holo
src-wtcat-apo
[SRC = Apo]",State 1,Active (BLAminus),In,Intact,DFGin
a-csk-wtcat-apo_b-src-wtcat-holo_seed-242621_sample-2_model,a-csk-wtcat-apo_b-src-wtcat-holo/seed-242621_sample-2,model.cif,B,SRC-WT,Active (BLAminus),C-lobe Donor,A,NA,NA,NA,2.57,10.27,Intact,No Ligand,In,Packed,DFGin,BLAminus,NTin,CTin,57.84,55.43,15.9,NA,NA,6.97,15.45,2.85,NA,NA,NA,NA,3.28,7.72,7.22,9.95,4.05,8.51,3.71,3.5,3.21,3.45,0.84,0.87,9.03,9.61,9.32,a-csk-wtcat-apo_b-src-wtcat-holo,"csk-wtcat-holo
src-wtcat-apo",apo,"csk-wtcat-holo
src-wtcat-apo",TRUE,TRUE,Apo,"csk-wtcat-holo
src-wtcat-apo","csk-wtcat-holo
src-wtcat-apo
[SRC = Apo]","csk-wtcat-holo
src-wtcat-apo
[SRC = Apo]",State 1,Active (BLAminus),In,Intact,DFGin
a-csk-wtcat-apo_b-src-wtcat-holo_seed-242621_sample-3_model,a-csk-wtcat-apo_b-src-wtcat-holo/seed-242621_sample-3,model.cif,B,SRC-WT,Active (BLAminus),C-lobe Donor,A,NA,NA,NA,2.56,9.74,Intact,No Ligand,In,Packed,DFGin,BLAminus,NTin,CTin,60.9,61.55,15.93,NA,NA,6.67,14.77,2.81,NA,NA,NA,NA,3.32,7.76,7.25,9.91,4.11,8.58,3.78,3.46,3.1,3.39,0.84,0.87,9.53,9.87,9.7,a-csk-wtcat-apo_b-src-wtcat-holo,"csk-wtcat-holo
src-wtcat-apo",apo,"csk-wtcat-holo
src-wtcat-apo",TRUE,TRUE,Apo,"csk-wtcat-holo
src-wtcat-apo","csk-wtcat-holo
src-wtcat-apo
[SRC = Apo]","csk-wtcat-holo
src-wtcat-apo
[SRC = Apo]",State 4,Active (BLAminus),In,Intact,DFGin
a-csk-wtcat-apo_b-src-wtcat-holo_seed-242621_sample-4_model,a-csk-wtcat-apo_b-src-wtcat-holo/seed-242621_sample-4,model.cif,B,SRC-WT,Active (BLAminus),C-lobe Donor,A,NA,NA,NA,2.58,9.93,Intact,No Ligand,In,Packed,DFGin,BLAminus,NTin,CTin,57.54,56.82,16.34,NA,NA,7.06,15.35,2.89,NA,NA,NA,NA,3.14,7.73,7.32,9.95,3.99,8.52,3.71,3.87,3.14,3.46,0.85,0.87,8.94,9.5,9.22,a-csk-wtcat-apo_b-src-wtcat-holo,"csk-wtcat-holo
src-wtcat-apo",apo,"csk-wtcat-holo
src-wtcat-apo",TRUE,TRUE,Apo,"csk-wtcat-holo
src-wtcat-apo","csk-wtcat-holo
src-wtcat-apo
[SRC = Apo]","csk-wtcat-holo
src-wtcat-apo
[SRC = Apo]",State 2,Active (BLAminus),In,Intact,DFGin
a-csk-wtcat-apo_b-src-wtcat-holo_seed-296883_sample-0_model,a-csk-wtcat-apo_b-src-wtcat-holo/seed-296883_sample-0,model.cif,B,SRC-WT,Inactive (BLBminus),C-lobe Donor,A,NA,NA,NA,2.59,9.3,Intact,No Ligand,In,Packed,DFGin,BLBminus,NTout,CTin,58.28,43.98,16.04,NA,NA,7.08,15.52,2.84,NA,NA,NA,NA,3.06,7.71,7.24,10,4.04,8.32,3.7,3.47,3.12,3.51,0.85,0.87,8.82,9.46,9.14,a-csk-wtcat-apo_b-src-wtcat-holo,"csk-wtcat-holo
src-wtcat-apo",apo,"csk-wtcat-holo
src-wtcat-apo",TRUE,TRUE,Apo,"csk-wtcat-holo
src-wtcat-apo","csk-wtcat-holo
src-wtcat-apo
[SRC = Apo]","csk-wtcat-holo
src-wtcat-apo
[SRC = Apo]",State 3,Other,In,Intact,DFGin
a-csk-wtcat-apo_b-src-wtcat-holo_seed-296883_sample-1_model,a-csk-wtcat-apo_b-src-wtcat-holo/seed-296883_sample-1,model.cif,B,SRC-WT,Active (BLAminus),C-lobe Donor,A,NA,NA,NA,2.57,9.69,Intact,No Ligand,In,Packed,DFGin,BLAminus,NTin,CTin,59.92,59.68,15.48,NA,NA,6.84,14.93,2.73,NA,NA,NA,NA,3.29,7.76,7.31,9.91,4.08,8.56,3.85,3.4,3.07,3.39,0.84,0.87,8.94,9.81,9.38,a-csk-wtcat-apo_b-src-wtcat-holo,"csk-wtcat-holo
src-wtcat-apo",apo,"csk-wtcat-holo
src-wtcat-apo",TRUE,TRUE,Apo,"csk-wtcat-holo
src-wtcat-apo","csk-wtcat-holo
src-wtcat-apo
[SRC = Apo]","csk-wtcat-holo
src-wtcat-apo
[SRC = Apo]",State 1,Active (BLAminus),In,Intact,DFGin
a-csk-wtcat-apo_b-src-wtcat-holo_seed-296883_sample-2_model,a-csk-wtcat-apo_b-src-wtcat-holo/seed-296883_sample-2,model.cif,B,SRC-WT,Active (BLAminus),C-lobe Donor,A,NA,NA,NA,2.56,9.77,Intact,No Ligand,In,Packed,DFGin,BLAminus,NTin,CTin,60.39,58.83,16.35,NA,NA,6.82,15.14,2.69,NA,NA,NA,NA,3.11,7.7,7.25,10,4.05,8.49,3.76,3.41,3.15,3.4,0.84,0.87,8.96,9.81,9.39,a-csk-wtcat-apo_b-src-wtcat-holo,"csk-wtcat-holo
src-wtcat-apo",apo,"csk-wtcat-holo
src-wtcat-apo",TRUE,TRUE,Apo,"csk-wtcat-holo
src-wtcat-apo","csk-wtcat-holo
src-wtcat-apo
[SRC = Apo]","csk-wtcat-holo
src-wtcat-apo
[SRC = Apo]",State 1,Active (BLAminus),In,Intact,DFGin
a-csk-wtcat-apo_b-src-wtcat-holo_seed-296883_sample-3_model,a-csk-wtcat-apo_b-src-wtcat-holo/seed-296883_sample-3,model.cif,B,SRC-WT,Active (BLAminus),C-lobe Donor,A,NA,NA,NA,2.48,11.34,Intact,No Ligand,In,Packed,DFGin,BLAminus,NTin,CTin,57.51,58.06,15.94,NA,NA,6.74,14.95,2.69,NA,NA,NA,NA,3.16,7.74,7.26,9.96,4.08,8.54,3.74,3.49,3.19,3.37,0.84,0.87,9.11,9.88,9.5,a-csk-wtcat-apo_b-src-wtcat-holo,"csk-wtcat-holo
src-wtcat-apo",apo,"csk-wtcat-holo
src-wtcat-apo",TRUE,TRUE,Apo,"csk-wtcat-holo
src-wtcat-apo","csk-wtcat-holo
src-wtcat-apo
[SRC = Apo]","csk-wtcat-holo
src-wtcat-apo
[SRC = Apo]",State 1,Active (BLAminus),In,Intact,DFGin
a-csk-wtcat-apo_b-src-wtcat-holo_seed-296883_sample-4_model,a-csk-wtcat-apo_b-src-wtcat-holo/seed-296883_sample-4,model.cif,B,SRC-WT,Active (BLAminus),C-lobe Donor,A,NA,NA,NA,2.61,8.82,Intact,No Ligand,In,Packed,DFGin,BLAminus,NTin,CTin,57.54,56.21,15.84,NA,NA,6.9,15.21,3,NA,NA,NA,NA,3.06,7.69,7.28,9.99,3.98,8.4,3.69,3.87,3.09,3.46,0.84,0.87,8.8,9.73,9.27,a-csk-wtcat-apo_b-src-wtcat-holo,"csk-wtcat-holo
src-wtcat-apo",apo,"csk-wtcat-holo
src-wtcat-apo",TRUE,TRUE,Apo,"csk-wtcat-holo
src-wtcat-apo","csk-wtcat-holo
src-wtcat-apo
[SRC = Apo]","csk-wtcat-holo
src-wtcat-apo
[SRC = Apo]",State 2,Active (BLAminus),In,Intact,DFGin
a-csk-wtcat-apo_b-src-wtcat-holo_seed-309981_sample-0_model,a-csk-wtcat-apo_b-src-wtcat-holo/seed-309981_sample-0,model.cif,B,SRC-WT,Active (BLAminus),C-lobe Donor,A,NA,NA,NA,2.6,10.44,Intact,No Ligand,In,Packed,DFGin,BLAminus,NTin,CTin,56.34,57.24,15.56,NA,NA,6.82,15.01,2.98,NA,NA,NA,NA,3.23,7.7,7.25,9.98,4.04,8.5,3.72,3.38,3.1,3.47,0.85,0.87,9.07,9.89,9.48,a-csk-wtcat-apo_b-src-wtcat-holo,"csk-wtcat-holo
src-wtcat-apo",apo,"csk-wtcat-holo
src-wtcat-apo",TRUE,TRUE,Apo,"csk-wtcat-holo
src-wtcat-apo","csk-wtcat-holo
src-wtcat-apo
[SRC = Apo]","csk-wtcat-holo
src-wtcat-apo
[SRC = Apo]",State 1,Active (BLAminus),In,Intact,DFGin
a-csk-wtcat-apo_b-src-wtcat-holo_seed-309981_sample-1_model,a-csk-wtcat-apo_b-src-wtcat-holo/seed-309981_sample-1,model.cif,B,SRC-WT,Active (BLAminus),C-lobe Donor,A,NA,NA,NA,2.58,10,Intact,No Ligand,In,Packed,DFGin,BLAminus,NTin,CTin,63.16,54.95,16.58,NA,NA,6.81,15.17,2.89,NA,NA,NA,NA,3.14,7.71,7.26,9.95,4.09,8.42,3.71,3.44,3.14,3.46,0.84,0.87,9.23,9.83,9.53,a-csk-wtcat-apo_b-src-wtcat-holo,"csk-wtcat-holo
src-wtcat-apo",apo,"csk-wtcat-holo
src-wtcat-apo",TRUE,TRUE,Apo,"csk-wtcat-holo
src-wtcat-apo","csk-wtcat-holo
src-wtcat-apo
[SRC = Apo]","csk-wtcat-holo
src-wtcat-apo
[SRC = Apo]",State 1,Active (BLAminus),In,Intact,DFGin
a-csk-wtcat-apo_b-src-wtcat-holo_seed-309981_sample-2_model,a-csk-wtcat-apo_b-src-wtcat-holo/seed-309981_sample-2,model.cif,B,SRC-WT,Active (BLAminus),C-lobe Donor,A,NA,NA,NA,2.64,11.16,Intact,No Ligand,In,Packed,DFGin,BLAminus,NTin,CTin,63.18,55.37,16.46,NA,NA,6.77,15.23,2.74,NA,NA,NA,NA,3.26,7.66,7.25,10,4.07,8.47,3.73,3.56,3.05,3.47,0.84,0.87,9.05,9.93,9.49,a-csk-wtcat-apo_b-src-wtcat-holo,"csk-wtcat-holo
src-wtcat-apo",apo,"csk-wtcat-holo
src-wtcat-apo",TRUE,TRUE,Apo,"csk-wtcat-holo
src-wtcat-apo","csk-wtcat-holo
src-wtcat-apo
[SRC = Apo]","csk-wtcat-holo
src-wtcat-apo
[SRC = Apo]",State 1,Active (BLAminus),In,Intact,DFGin
a-csk-wtcat-apo_b-src-wtcat-holo_seed-309981_sample-3_model,a-csk-wtcat-apo_b-src-wtcat-holo/seed-309981_sample-3,model.cif,B,SRC-WT,Active (BLAminus),C-lobe Donor,A,NA,NA,NA,2.59,10.67,Intact,No Ligand,In,Packed,DFGin,BLAminus,NTin,CTin,62.34,55.86,16.16,NA,NA,6.72,14.98,2.92,NA,NA,NA,NA,3.4,7.7,7.26,9.95,4.07,8.56,3.71,3.48,3.18,3.41,0.84,0.87,9.04,9.81,9.43,a-csk-wtcat-apo_b-src-wtcat-holo,"csk-wtcat-holo
src-wtcat-apo",apo,"csk-wtcat-holo
src-wtcat-apo",TRUE,TRUE,Apo,"csk-wtcat-holo
src-wtcat-apo","csk-wtcat-holo
src-wtcat-apo
[SRC = Apo]","csk-wtcat-holo
src-wtcat-apo
[SRC = Apo]",State 1,Active (BLAminus),In,Intact,DFGin
a-csk-wtcat-apo_b-src-wtcat-holo_seed-309981_sample-4_model,a-csk-wtcat-apo_b-src-wtcat-holo/seed-309981_sample-4,model.cif,B,SRC-WT,Active (BLAminus),C-lobe Donor,A,NA,NA,NA,2.56,9.31,Intact,No Ligand,In,Packed,DFGin,BLAminus,NTin,CTin,59.24,61.74,15.34,NA,NA,6.78,15.05,2.63,NA,NA,NA,NA,3.16,7.74,7.3,9.96,3.93,8.62,3.78,3.92,3.16,3.37,0.84,0.86,9.13,10.03,9.58,a-csk-wtcat-apo_b-src-wtcat-holo,"csk-wtcat-holo
src-wtcat-apo",apo,"csk-wtcat-holo
src-wtcat-apo",TRUE,TRUE,Apo,"csk-wtcat-holo
src-wtcat-apo","csk-wtcat-holo
src-wtcat-apo
[SRC = Apo]","csk-wtcat-holo
src-wtcat-apo
[SRC = Apo]",State 2,Active (BLAminus),In,Intact,DFGin
a-csk-wtcat-apo_b-src-wtcat-holo_seed-361959_sample-0_model,a-csk-wtcat-apo_b-src-wtcat-holo/seed-361959_sample-0,model.cif,B,SRC-WT,Active (BLAminus),C-lobe Donor,A,NA,NA,NA,2.53,9.56,Intact,No Ligand,In,Packed,DFGin,BLAminus,NTin,CTin,58.29,55.24,16.25,NA,NA,6.81,15.11,2.82,NA,NA,NA,NA,3.27,7.68,7.29,9.96,4.1,8.53,3.78,3.48,3.09,3.45,0.84,0.87,9.03,9.77,9.4,a-csk-wtcat-apo_b-src-wtcat-holo,"csk-wtcat-holo
src-wtcat-apo",apo,"csk-wtcat-holo
src-wtcat-apo",TRUE,TRUE,Apo,"csk-wtcat-holo
src-wtcat-apo","csk-wtcat-holo
src-wtcat-apo
[SRC = Apo]","csk-wtcat-holo
src-wtcat-apo
[SRC = Apo]",State 1,Active (BLAminus),In,Intact,DFGin
a-csk-wtcat-apo_b-src-wtcat-holo_seed-361959_sample-1_model,a-csk-wtcat-apo_b-src-wtcat-holo/seed-361959_sample-1,model.cif,B,SRC-WT,Active (BLAminus),C-lobe Donor,A,NA,NA,NA,2.45,11.4,Intact,No Ligand,In,Packed,DFGin,BLAminus,NTin,CTin,58.44,55.6,15.78,NA,NA,6.78,15,2.7,NA,NA,NA,NA,3.46,7.71,7.24,9.94,4.05,8.55,3.74,3.51,3.12,3.45,0.84,0.86,9.11,10.02,9.56,a-csk-wtcat-apo_b-src-wtcat-holo,"csk-wtcat-holo
src-wtcat-apo",apo,"csk-wtcat-holo
src-wtcat-apo",TRUE,TRUE,Apo,"csk-wtcat-holo
src-wtcat-apo","csk-wtcat-holo
src-wtcat-apo
[SRC = Apo]","csk-wtcat-holo
src-wtcat-apo
[SRC = Apo]",State 1,Active (BLAminus),In,Intact,DFGin
a-csk-wtcat-apo_b-src-wtcat-holo_seed-361959_sample-2_model,a-csk-wtcat-apo_b-src-wtcat-holo/seed-361959_sample-2,model.cif,B,SRC-WT,Active (BLAminus),C-lobe Donor,A,NA,NA,NA,2.49,9.85,Intact,No Ligand,In,Packed,DFGin,BLAminus,NTin,CTin,62.17,56.63,15.24,NA,NA,6.86,14.92,2.82,NA,NA,NA,NA,3.4,7.77,7.31,10.02,4.06,8.63,3.92,3.55,3.91,3.52,0.84,0.87,8.99,9.96,9.48,a-csk-wtcat-apo_b-src-wtcat-holo,"csk-wtcat-holo
src-wtcat-apo",apo,"csk-wtcat-holo
src-wtcat-apo",TRUE,TRUE,Apo,"csk-wtcat-holo
src-wtcat-apo","csk-wtcat-holo
src-wtcat-apo
[SRC = Apo]","csk-wtcat-holo
src-wtcat-apo
[SRC = Apo]",State 3,Active (BLAminus),In,Intact,DFGin
a-csk-wtcat-apo_b-src-wtcat-holo_seed-361959_sample-3_model,a-csk-wtcat-apo_b-src-wtcat-holo/seed-361959_sample-3,model.cif,B,SRC-WT,Active (BLAminus),C-lobe Donor,A,NA,NA,NA,2.53,9.45,Intact,No Ligand,In,Packed,DFGin,BLAminus,NTin,CTin,60.6,58.98,14.38,NA,NA,6.74,14.88,2.92,NA,NA,NA,NA,3.23,7.68,7.27,9.98,3.98,8.53,3.71,3.92,3.59,3.36,0.84,0.86,9.18,10.02,9.6,a-csk-wtcat-apo_b-src-wtcat-holo,"csk-wtcat-holo
src-wtcat-apo",apo,"csk-wtcat-holo
src-wtcat-apo",TRUE,TRUE,Apo,"csk-wtcat-holo
src-wtcat-apo","csk-wtcat-holo
src-wtcat-apo
[SRC = Apo]","csk-wtcat-holo
src-wtcat-apo
[SRC = Apo]",State 2,Active (BLAminus),In,Intact,DFGin
a-csk-wtcat-apo_b-src-wtcat-holo_seed-361959_sample-4_model,a-csk-wtcat-apo_b-src-wtcat-holo/seed-361959_sample-4,model.cif,B,SRC-WT,Active (BLAminus),C-lobe Donor,A,NA,NA,NA,2.54,10.05,Intact,No Ligand,In,Packed,DFGin,BLAminus,NTin,CTin,57.85,56.71,14.96,NA,NA,6.84,14.91,2.71,NA,NA,NA,NA,3.59,7.71,7.29,10,3.99,8.6,3.74,3.88,3.13,3.39,0.84,0.87,8.9,9.87,9.38,a-csk-wtcat-apo_b-src-wtcat-holo,"csk-wtcat-holo
src-wtcat-apo",apo,"csk-wtcat-holo
src-wtcat-apo",TRUE,TRUE,Apo,"csk-wtcat-holo
src-wtcat-apo","csk-wtcat-holo
src-wtcat-apo
[SRC = Apo]","csk-wtcat-holo
src-wtcat-apo
[SRC = Apo]",State 2,Active (BLAminus),In,Intact,DFGin
a-csk-wtcat-apo_b-src-wtcat-holo_seed-638721_sample-0_model,a-csk-wtcat-apo_b-src-wtcat-holo/seed-638721_sample-0,model.cif,B,SRC-WT,Active (BLAminus),C-lobe Donor,A,NA,NA,NA,2.59,10.55,Intact,No Ligand,In,Packed,DFGin,BLAminus,NTin,CTin,56.99,57.49,15.99,NA,NA,6.79,15.15,3.02,NA,NA,NA,NA,3.43,7.77,7.23,10.01,4.06,8.49,3.76,3.47,3.2,3.4,0.85,0.87,8.89,9.7,9.29,a-csk-wtcat-apo_b-src-wtcat-holo,"csk-wtcat-holo
src-wtcat-apo",apo,"csk-wtcat-holo
src-wtcat-apo",TRUE,TRUE,Apo,"csk-wtcat-holo
src-wtcat-apo","csk-wtcat-holo
src-wtcat-apo
[SRC = Apo]","csk-wtcat-holo
src-wtcat-apo
[SRC = Apo]",State 1,Active (BLAminus),In,Intact,DFGin
a-csk-wtcat-apo_b-src-wtcat-holo_seed-638721_sample-1_model,a-csk-wtcat-apo_b-src-wtcat-holo/seed-638721_sample-1,model.cif,B,SRC-WT,Inactive (BLBplus),C-lobe Donor,A,NA,NA,NA,2.58,9.62,Intact,No Ligand,Out,Packed,DFGin,BLBplus,NTin,CTin,60.14,23.65,11.99,NA,NA,4.95,13.2,10.85,NA,NA,NA,NA,3.3,7.74,7.25,10.44,3.89,9.77,3.69,3.57,3.64,3.48,0.84,0.87,9.23,10.27,9.75,a-csk-wtcat-apo_b-src-wtcat-holo,"csk-wtcat-holo
src-wtcat-apo",apo,"csk-wtcat-holo
src-wtcat-apo",TRUE,TRUE,Apo,"csk-wtcat-holo
src-wtcat-apo","csk-wtcat-holo
src-wtcat-apo
[SRC = Apo]","csk-wtcat-holo
src-wtcat-apo
[SRC = Apo]",State 2,Other,Other,Intact,DFGin
a-csk-wtcat-apo_b-src-wtcat-holo_seed-638721_sample-2_model,a-csk-wtcat-apo_b-src-wtcat-holo/seed-638721_sample-2,model.cif,B,SRC-WT,Active (BLAminus),C-lobe Donor,A,NA,NA,NA,2.53,11.38,Intact,No Ligand,In,Packed,DFGin,BLAminus,NTin,CTin,57.07,56.8,15.32,NA,NA,6.73,14.8,2.91,NA,NA,NA,NA,3.35,7.77,7.26,9.94,4.08,8.51,3.83,3.47,3.24,3.45,0.85,0.87,8.95,9.8,9.38,a-csk-wtcat-apo_b-src-wtcat-holo,"csk-wtcat-holo
src-wtcat-apo",apo,"csk-wtcat-holo
src-wtcat-apo",TRUE,TRUE,Apo,"csk-wtcat-holo
src-wtcat-apo","csk-wtcat-holo
src-wtcat-apo
[SRC = Apo]","csk-wtcat-holo
src-wtcat-apo
[SRC = Apo]",State 1,Active (BLAminus),In,Intact,DFGin
a-csk-wtcat-apo_b-src-wtcat-holo_seed-638721_sample-3_model,a-csk-wtcat-apo_b-src-wtcat-holo/seed-638721_sample-3,model.cif,B,SRC-WT,Active (BLAminus),C-lobe Donor,A,NA,NA,NA,2.5,9.35,Intact,No Ligand,In,Packed,DFGin,BLAminus,NTin,CTin,60.93,58.65,14.43,NA,NA,6.77,14.74,2.7,NA,NA,NA,NA,3.25,7.69,7.29,9.95,4.05,8.48,3.7,3.38,3,3.43,0.84,0.86,9.01,9.93,9.47,a-csk-wtcat-apo_b-src-wtcat-holo,"csk-wtcat-holo
src-wtcat-apo",apo,"csk-wtcat-holo
src-wtcat-apo",TRUE,TRUE,Apo,"csk-wtcat-holo
src-wtcat-apo","csk-wtcat-holo
src-wtcat-apo
[SRC = Apo]","csk-wtcat-holo
src-wtcat-apo
[SRC = Apo]",State 1,Active (BLAminus),In,Intact,DFGin
a-csk-wtcat-apo_b-src-wtcat-holo_seed-638721_sample-4_model,a-csk-wtcat-apo_b-src-wtcat-holo/seed-638721_sample-4,model.cif,B,SRC-WT,Active (BLAminus),C-lobe Donor,A,NA,NA,NA,2.58,9.23,Intact,No Ligand,In,Packed,DFGin,BLAminus,NTin,CTin,61.63,55.16,16.27,NA,NA,6.81,15.16,2.76,NA,NA,NA,NA,3.06,7.7,7.27,9.99,4.07,8.5,3.72,3.44,3.01,3.4,0.85,0.87,8.84,9.74,9.29,a-csk-wtcat-apo_b-src-wtcat-holo,"csk-wtcat-holo
src-wtcat-apo",apo,"csk-wtcat-holo
src-wtcat-apo",TRUE,TRUE,Apo,"csk-wtcat-holo
src-wtcat-apo","csk-wtcat-holo
src-wtcat-apo
[SRC = Apo]","csk-wtcat-holo
src-wtcat-apo
[SRC = Apo]",State 1,Active (BLAminus),In,Intact,DFGin
a-csk-wtcat-apo_b-src-wtcat-holo_seed-739083_sample-0_model,a-csk-wtcat-apo_b-src-wtcat-holo/seed-739083_sample-0,model.cif,B,SRC-WT,Active (BLAminus),C-lobe Donor,A,NA,NA,NA,2.56,10.83,Intact,No Ligand,In,Packed,DFGin,BLAminus,NTin,CTin,64,53.85,16.36,NA,NA,6.86,15.16,2.73,NA,NA,NA,NA,3.24,7.65,7.35,9.98,3.98,8.65,3.74,3.92,3.11,3.38,0.85,0.87,8.91,9.62,9.27,a-csk-wtcat-apo_b-src-wtcat-holo,"csk-wtcat-holo
src-wtcat-apo",apo,"csk-wtcat-holo
src-wtcat-apo",TRUE,TRUE,Apo,"csk-wtcat-holo
src-wtcat-apo","csk-wtcat-holo
src-wtcat-apo
[SRC = Apo]","csk-wtcat-holo
src-wtcat-apo
[SRC = Apo]",State 2,Active (BLAminus),In,Intact,DFGin
a-csk-wtcat-apo_b-src-wtcat-holo_seed-739083_sample-1_model,a-csk-wtcat-apo_b-src-wtcat-holo/seed-739083_sample-1,model.cif,B,SRC-WT,Active (BLAminus),C-lobe Donor,A,NA,NA,NA,2.46,9.54,Intact,No Ligand,In,Packed,DFGin,BLAminus,NTin,CTin,62.59,57.63,15.66,NA,NA,6.71,15.04,2.8,NA,NA,NA,NA,3.3,7.71,7.25,10,4.07,8.5,3.75,3.42,3.21,3.43,0.84,0.87,8.99,9.65,9.32,a-csk-wtcat-apo_b-src-wtcat-holo,"csk-wtcat-holo
src-wtcat-apo",apo,"csk-wtcat-holo
src-wtcat-apo",TRUE,TRUE,Apo,"csk-wtcat-holo
src-wtcat-apo","csk-wtcat-holo
src-wtcat-apo
[SRC = Apo]","csk-wtcat-holo
src-wtcat-apo
[SRC = Apo]",State 1,Active (BLAminus),In,Intact,DFGin
a-csk-wtcat-apo_b-src-wtcat-holo_seed-739083_sample-2_model,a-csk-wtcat-apo_b-src-wtcat-holo/seed-739083_sample-2,model.cif,B,SRC-WT,Active (BLAminus),C-lobe Donor,A,NA,NA,NA,2.59,9.22,Intact,No Ligand,In,Packed,DFGin,BLAminus,NTin,CTin,61.97,56.82,16.49,NA,NA,6.78,15.11,2.94,NA,NA,NA,NA,3,7.72,7.29,10.01,4.07,8.57,3.7,3.37,3.07,3.45,0.84,0.87,8.9,9.72,9.31,a-csk-wtcat-apo_b-src-wtcat-holo,"csk-wtcat-holo
src-wtcat-apo",apo,"csk-wtcat-holo
src-wtcat-apo",TRUE,TRUE,Apo,"csk-wtcat-holo
src-wtcat-apo","csk-wtcat-holo
src-wtcat-apo
[SRC = Apo]","csk-wtcat-holo
src-wtcat-apo
[SRC = Apo]",State 1,Active (BLAminus),In,Intact,DFGin
a-csk-wtcat-apo_b-src-wtcat-holo_seed-739083_sample-3_model,a-csk-wtcat-apo_b-src-wtcat-holo/seed-739083_sample-3,model.cif,B,SRC-WT,Active (BLAminus),C-lobe Donor,A,NA,NA,NA,2.56,9.45,Intact,No Ligand,In,Packed,DFGin,BLAminus,NTin,CTin,60.18,61.26,16.12,NA,NA,6.82,15.05,2.74,NA,NA,NA,NA,3.23,7.7,7.34,10.01,3.98,8.63,3.72,3.87,3.19,3.46,0.84,0.87,8.92,9.76,9.34,a-csk-wtcat-apo_b-src-wtcat-holo,"csk-wtcat-holo
src-wtcat-apo",apo,"csk-wtcat-holo
src-wtcat-apo",TRUE,TRUE,Apo,"csk-wtcat-holo
src-wtcat-apo","csk-wtcat-holo
src-wtcat-apo
[SRC = Apo]","csk-wtcat-holo
src-wtcat-apo
[SRC = Apo]",State 2,Active (BLAminus),In,Intact,DFGin
a-csk-wtcat-apo_b-src-wtcat-holo_seed-739083_sample-4_model,a-csk-wtcat-apo_b-src-wtcat-holo/seed-739083_sample-4,model.cif,B,SRC-WT,Active (BLAminus),C-lobe Donor,A,NA,NA,NA,2.51,9.37,Intact,No Ligand,In,Packed,DFGin,BLAminus,NTin,CTin,57.68,57.73,16.49,NA,NA,6.81,15.19,2.84,NA,NA,NA,NA,3.09,7.71,7.28,9.9,4,8.36,3.69,3.81,3.22,3.44,0.85,0.87,8.84,9.66,9.25,a-csk-wtcat-apo_b-src-wtcat-holo,"csk-wtcat-holo
src-wtcat-apo",apo,"csk-wtcat-holo
src-wtcat-apo",TRUE,TRUE,Apo,"csk-wtcat-holo
src-wtcat-apo","csk-wtcat-holo
src-wtcat-apo
[SRC = Apo]","csk-wtcat-holo
src-wtcat-apo
[SRC = Apo]",State 3,Active (BLAminus),In,Intact,DFGin
a-csk-wtcat-apo_b-src-wtcat-holo_seed-769586_sample-0_model,a-csk-wtcat-apo_b-src-wtcat-holo/seed-769586_sample-0,model.cif,B,SRC-WT,Active (BLAminus),C-lobe Donor,A,NA,NA,NA,2.58,10.82,Intact,No Ligand,In,Packed,DFGin,BLAminus,NTin,CTin,55.81,59.11,16.45,NA,NA,6.8,15.25,2.7,NA,NA,NA,NA,3.17,7.66,7.31,9.97,4.06,8.73,3.7,3.45,3.09,3.4,0.84,0.86,9.09,9.89,9.49,a-csk-wtcat-apo_b-src-wtcat-holo,"csk-wtcat-holo
src-wtcat-apo",apo,"csk-wtcat-holo
src-wtcat-apo",TRUE,TRUE,Apo,"csk-wtcat-holo
src-wtcat-apo","csk-wtcat-holo
src-wtcat-apo
[SRC = Apo]","csk-wtcat-holo
src-wtcat-apo
[SRC = Apo]",State 1,Active (BLAminus),In,Intact,DFGin
a-csk-wtcat-apo_b-src-wtcat-holo_seed-769586_sample-1_model,a-csk-wtcat-apo_b-src-wtcat-holo/seed-769586_sample-1,model.cif,B,SRC-WT,Active (BLAminus),C-lobe Donor,A,NA,NA,NA,2.58,9.29,Intact,No Ligand,In,Packed,DFGin,BLAminus,NTin,CTin,62.63,56.85,15.9,NA,NA,6.81,15.18,2.71,NA,NA,NA,NA,3.04,7.74,7.26,9.91,4.07,8.67,3.76,3.44,3.26,3.36,0.84,0.87,9.41,9.79,9.6,a-csk-wtcat-apo_b-src-wtcat-holo,"csk-wtcat-holo
src-wtcat-apo",apo,"csk-wtcat-holo
src-wtcat-apo",TRUE,TRUE,Apo,"csk-wtcat-holo
src-wtcat-apo","csk-wtcat-holo
src-wtcat-apo
[SRC = Apo]","csk-wtcat-holo
src-wtcat-apo
[SRC = Apo]",State 1,Active (BLAminus),In,Intact,DFGin
a-csk-wtcat-apo_b-src-wtcat-holo_seed-769586_sample-2_model,a-csk-wtcat-apo_b-src-wtcat-holo/seed-769586_sample-2,model.cif,B,SRC-WT,Active (BLAminus),C-lobe Donor,A,NA,NA,NA,2.57,9.69,Intact,No Ligand,In,Packed,DFGin,BLAminus,NTin,CTin,61.73,58.24,15.98,NA,NA,6.77,15.02,2.75,NA,NA,NA,NA,2.99,7.67,7.05,9.93,4.07,8.53,3.68,3.5,3.18,3.43,0.84,0.86,9.23,9.99,9.61,a-csk-wtcat-apo_b-src-wtcat-holo,"csk-wtcat-holo
src-wtcat-apo",apo,"csk-wtcat-holo
src-wtcat-apo",TRUE,TRUE,Apo,"csk-wtcat-holo
src-wtcat-apo","csk-wtcat-holo
src-wtcat-apo
[SRC = Apo]","csk-wtcat-holo
src-wtcat-apo
[SRC = Apo]",State 3,Active (BLAminus),In,Intact,DFGin
a-csk-wtcat-apo_b-src-wtcat-holo_seed-769586_sample-3_model,a-csk-wtcat-apo_b-src-wtcat-holo/seed-769586_sample-3,model.cif,B,SRC-WT,Active (BLAminus),C-lobe Donor,A,NA,NA,NA,2.55,9.59,Intact,No Ligand,In,Packed,DFGin,BLAminus,NTin,CTin,58.13,55.31,15.84,NA,NA,6.89,15.08,2.81,NA,NA,NA,NA,3.12,7.69,7.29,9.96,3.99,8.55,3.62,3.85,3.16,3.44,0.84,0.87,8.99,9.85,9.42,a-csk-wtcat-apo_b-src-wtcat-holo,"csk-wtcat-holo
src-wtcat-apo",apo,"csk-wtcat-holo
src-wtcat-apo",TRUE,TRUE,Apo,"csk-wtcat-holo
src-wtcat-apo","csk-wtcat-holo
src-wtcat-apo
[SRC = Apo]","csk-wtcat-holo
src-wtcat-apo
[SRC = Apo]",State 2,Active (BLAminus),In,Intact,DFGin
a-csk-wtcat-apo_b-src-wtcat-holo_seed-769586_sample-4_model,a-csk-wtcat-apo_b-src-wtcat-holo/seed-769586_sample-4,model.cif,B,SRC-WT,Active (BLAminus),C-lobe Donor,A,NA,NA,NA,2.55,9.41,Intact,No Ligand,In,Packed,DFGin,BLAminus,NTin,CTin,57.18,56.56,15.71,NA,NA,6.81,15.13,2.91,NA,NA,NA,NA,3.15,7.64,7.27,9.93,4.05,8.5,3.72,3.47,3.11,3.37,0.84,0.86,9.19,10.01,9.6,a-csk-wtcat-apo_b-src-wtcat-holo,"csk-wtcat-holo
src-wtcat-apo",apo,"csk-wtcat-holo
src-wtcat-apo",TRUE,TRUE,Apo,"csk-wtcat-holo
src-wtcat-apo","csk-wtcat-holo
src-wtcat-apo
[SRC = Apo]","csk-wtcat-holo
src-wtcat-apo
[SRC = Apo]",State 1,Active (BLAminus),In,Intact,DFGin
a-csk-wtcat-apo_b-src-wtcat-py159-apo_seed-1214480_sample-0_model,a-csk-wtcat-apo_b-src-wtcat-py159-apo/seed-1214480_sample-0,model.cif,B,SRC-WT,Active (BLAminus),C-lobe Donor,A,NA,NA,NA,2.6,11.8,Intact,No Ligand,In,Packed,DFGin,BLAminus,NTin,CTin,57.38,71.5,16.46,NA,NA,6.87,15.29,2.83,NA,NA,NA,NA,3.1,7.72,7.26,10.08,4,8.57,3.99,3.66,3.49,3.55,0.82,0.86,10.71,10.12,10.41,a-csk-wtcat-apo_b-src-wtcat-py159-apo,"csk-wtcat-apo
src-wtcat-py159-apo",apo,"csk-wtcat-apo
src-wtcat-py159-apo",FALSE,TRUE,Apo,"csk-wtcat-apo
src-wtcat-py159-apo","csk-wtcat-apo
src-wtcat-py159-apo
[SRC = Apo]","csk-wtcat-apo
src-wtcat-py159-apo
[SRC = Apo]",State 5,Active (BLAminus),In,Intact,DFGin
a-csk-wtcat-apo_b-src-wtcat-py159-apo_seed-1214480_sample-1_model,a-csk-wtcat-apo_b-src-wtcat-py159-apo/seed-1214480_sample-1,model.cif,B,SRC-WT,Active (BLAminus),C-lobe Donor,A,NA,NA,NA,2.59,9.9,Intact,No Ligand,In,Packed,DFGin,BLAminus,NTin,CTin,56.88,70.91,17.02,NA,NA,6.86,15.15,2.68,NA,NA,NA,NA,3.13,7.74,7.25,10.03,4,8.47,3.92,3.69,3.31,3.49,0.79,0.83,11.77,11.51,11.64,a-csk-wtcat-apo_b-src-wtcat-py159-apo,"csk-wtcat-apo
src-wtcat-py159-apo",apo,"csk-wtcat-apo
src-wtcat-py159-apo",FALSE,TRUE,Apo,"csk-wtcat-apo
src-wtcat-py159-apo","csk-wtcat-apo
src-wtcat-py159-apo
[SRC = Apo]","csk-wtcat-apo
src-wtcat-py159-apo
[SRC = Apo]",State 5,Active (BLAminus),In,Intact,DFGin
a-csk-wtcat-apo_b-src-wtcat-py159-apo_seed-1214480_sample-2_model,a-csk-wtcat-apo_b-src-wtcat-py159-apo/seed-1214480_sample-2,model.cif,B,SRC-WT,Active (BLAminus),C-lobe Donor,A,NA,NA,NA,2.64,11.26,Intact,No Ligand,In,Packed,DFGin,BLAminus,NTin,CTin,60.73,75.72,16.69,NA,NA,6.79,15.16,2.86,NA,NA,NA,NA,3.13,7.72,7.27,10,4.05,8.54,3.96,3.7,3.42,3.45,0.83,0.86,10.43,9.87,10.15,a-csk-wtcat-apo_b-src-wtcat-py159-apo,"csk-wtcat-apo
src-wtcat-py159-apo",apo,"csk-wtcat-apo
src-wtcat-py159-apo",FALSE,TRUE,Apo,"csk-wtcat-apo
src-wtcat-py159-apo","csk-wtcat-apo
src-wtcat-py159-apo
[SRC = Apo]","csk-wtcat-apo
src-wtcat-py159-apo
[SRC = Apo]",State 5,Active (BLAminus),In,Intact,DFGin
a-csk-wtcat-apo_b-src-wtcat-py159-apo_seed-1214480_sample-3_model,a-csk-wtcat-apo_b-src-wtcat-py159-apo/seed-1214480_sample-3,model.cif,B,SRC-WT,Active (BLAminus),C-lobe Donor,A,NA,NA,NA,2.64,10.51,Intact,No Ligand,In,Packed,DFGin,BLAminus,NTin,CTin,58.38,72.59,17.05,NA,NA,6.82,15.28,2.86,NA,NA,NA,NA,3.12,7.7,7.33,10.04,4.02,8.47,3.99,3.75,3.2,3.47,0.79,0.83,11.71,11.85,11.78,a-csk-wtcat-apo_b-src-wtcat-py159-apo,"csk-wtcat-apo
src-wtcat-py159-apo",apo,"csk-wtcat-apo
src-wtcat-py159-apo",FALSE,TRUE,Apo,"csk-wtcat-apo
src-wtcat-py159-apo","csk-wtcat-apo
src-wtcat-py159-apo
[SRC = Apo]","csk-wtcat-apo
src-wtcat-py159-apo
[SRC = Apo]",State 5,Active (BLAminus),In,Intact,DFGin
a-csk-wtcat-apo_b-src-wtcat-py159-apo_seed-1214480_sample-4_model,a-csk-wtcat-apo_b-src-wtcat-py159-apo/seed-1214480_sample-4,model.cif,B,SRC-WT,Active (BLAminus),C-lobe Donor,A,NA,NA,NA,2.59,10.06,Intact,No Ligand,In,Packed,DFGin,BLAminus,NTin,CTin,58.71,74.54,17.93,NA,NA,6.73,15.4,3.09,NA,NA,NA,NA,3.06,7.67,7.22,9.99,3.97,8.44,3.87,3.71,3.38,3.45,0.81,0.85,11.18,10.29,10.73,a-csk-wtcat-apo_b-src-wtcat-py159-apo,"csk-wtcat-apo
src-wtcat-py159-apo",apo,"csk-wtcat-apo
src-wtcat-py159-apo",FALSE,TRUE,Apo,"csk-wtcat-apo
src-wtcat-py159-apo","csk-wtcat-apo
src-wtcat-py159-apo
[SRC = Apo]","csk-wtcat-apo
src-wtcat-py159-apo
[SRC = Apo]",State 5,Active (BLAminus),In,Intact,DFGin
a-csk-wtcat-apo_b-src-wtcat-py159-apo_seed-1743021_sample-0_model,a-csk-wtcat-apo_b-src-wtcat-py159-apo/seed-1743021_sample-0,model.cif,B,SRC-WT,Active (BLAminus),C-lobe Donor,A,NA,NA,NA,2.65,10.92,Intact,No Ligand,In,Packed,DFGin,BLAminus,NTin,CTin,58.15,74.49,16.63,NA,NA,6.71,15.03,2.8,NA,NA,NA,NA,3.13,7.74,7.21,10.05,4.01,8.55,3.81,3.71,3.35,3.46,0.83,0.86,10.41,9.55,9.98,a-csk-wtcat-apo_b-src-wtcat-py159-apo,"csk-wtcat-apo
src-wtcat-py159-apo",apo,"csk-wtcat-apo
src-wtcat-py159-apo",FALSE,TRUE,Apo,"csk-wtcat-apo
src-wtcat-py159-apo","csk-wtcat-apo
src-wtcat-py159-apo
[SRC = Apo]","csk-wtcat-apo
src-wtcat-py159-apo
[SRC = Apo]",State 5,Active (BLAminus),In,Intact,DFGin
a-csk-wtcat-apo_b-src-wtcat-py159-apo_seed-1743021_sample-1_model,a-csk-wtcat-apo_b-src-wtcat-py159-apo/seed-1743021_sample-1,model.cif,B,SRC-WT,Active (BLAminus),C-lobe Donor,A,NA,NA,NA,2.65,9.9,Intact,No Ligand,In,Packed,DFGin,BLAminus,NTin,CTin,58.31,76.38,16.65,NA,NA,6.69,14.79,2.7,NA,NA,NA,NA,3.1,7.69,7.24,10.04,4.14,8.5,3.91,3.4,3.29,3.46,0.85,0.87,9.93,8.93,9.43,a-csk-wtcat-apo_b-src-wtcat-py159-apo,"csk-wtcat-apo
src-wtcat-py159-apo",apo,"csk-wtcat-apo
src-wtcat-py159-apo",FALSE,TRUE,Apo,"csk-wtcat-apo
src-wtcat-py159-apo","csk-wtcat-apo
src-wtcat-py159-apo
[SRC = Apo]","csk-wtcat-apo
src-wtcat-py159-apo
[SRC = Apo]",State 3,Active (BLAminus),In,Intact,DFGin
a-csk-wtcat-apo_b-src-wtcat-py159-apo_seed-1743021_sample-2_model,a-csk-wtcat-apo_b-src-wtcat-py159-apo/seed-1743021_sample-2,model.cif,B,SRC-WT,Active (BLAminus),C-lobe Donor,A,NA,NA,NA,2.64,9.83,Intact,No Ligand,In,Packed,DFGin,BLAminus,NTin,CTin,58.85,77.1,17.57,NA,NA,6.75,15.02,2.83,NA,NA,NA,NA,3.14,7.76,7.28,10.02,4.05,8.49,3.89,3.71,3.3,3.51,0.88,0.89,8.88,7.99,8.44,a-csk-wtcat-apo_b-src-wtcat-py159-apo,"csk-wtcat-apo
src-wtcat-py159-apo",apo,"csk-wtcat-apo
src-wtcat-py159-apo",FALSE,TRUE,Apo,"csk-wtcat-apo
src-wtcat-py159-apo","csk-wtcat-apo
src-wtcat-py159-apo
[SRC = Apo]","csk-wtcat-apo
src-wtcat-py159-apo
[SRC = Apo]",State 5,Active (BLAminus),In,Intact,DFGin
a-csk-wtcat-apo_b-src-wtcat-py159-apo_seed-1743021_sample-3_model,a-csk-wtcat-apo_b-src-wtcat-py159-apo/seed-1743021_sample-3,model.cif,B,SRC-WT,Active (BLAminus),C-lobe Donor,A,NA,NA,NA,2.65,11.55,Intact,No Ligand,In,Packed,DFGin,BLAminus,NTin,CTin,60.26,77.12,16.96,NA,NA,6.81,15.09,3.07,NA,NA,NA,NA,3.12,7.73,7.38,10.11,4.04,8.55,3.92,3.74,3.43,3.48,0.84,0.86,10.23,9.68,9.96,a-csk-wtcat-apo_b-src-wtcat-py159-apo,"csk-wtcat-apo
src-wtcat-py159-apo",apo,"csk-wtcat-apo
src-wtcat-py159-apo",FALSE,TRUE,Apo,"csk-wtcat-apo
src-wtcat-py159-apo","csk-wtcat-apo
src-wtcat-py159-apo
[SRC = Apo]","csk-wtcat-apo
src-wtcat-py159-apo
[SRC = Apo]",State 5,Active (BLAminus),In,Intact,DFGin
a-csk-wtcat-apo_b-src-wtcat-py159-apo_seed-1743021_sample-4_model,a-csk-wtcat-apo_b-src-wtcat-py159-apo/seed-1743021_sample-4,model.cif,B,SRC-WT,Active (BLAminus),C-lobe Donor,A,NA,NA,NA,2.72,11.25,Intact,No Ligand,In,Packed,DFGin,BLAminus,NTin,CTin,56.82,72.36,16.12,NA,NA,6.78,15.02,2.73,NA,NA,NA,NA,3.12,7.74,7.23,10,4.05,8.51,3.69,3.6,3.27,3.47,0.84,0.86,10.09,9.29,9.69,a-csk-wtcat-apo_b-src-wtcat-py159-apo,"csk-wtcat-apo
src-wtcat-py159-apo",apo,"csk-wtcat-apo
src-wtcat-py159-apo",FALSE,TRUE,Apo,"csk-wtcat-apo
src-wtcat-py159-apo","csk-wtcat-apo
src-wtcat-py159-apo
[SRC = Apo]","csk-wtcat-apo
src-wtcat-py159-apo
[SRC = Apo]",State 3,Active (BLAminus),In,Intact,DFGin
a-csk-wtcat-apo_b-src-wtcat-py159-apo_seed-1825222_sample-0_model,a-csk-wtcat-apo_b-src-wtcat-py159-apo/seed-1825222_sample-0,model.cif,B,SRC-WT,Active (BLAminus),C-lobe Donor,A,NA,NA,NA,2.59,10.24,Intact,No Ligand,In,Packed,DFGin,BLAminus,NTin,CTin,58.07,71.38,17.24,NA,NA,6.8,15.51,2.66,NA,NA,NA,NA,3.06,7.76,7.27,10.05,3.99,8.53,4.01,3.71,3.44,3.52,0.82,0.85,11.09,10.13,10.61,a-csk-wtcat-apo_b-src-wtcat-py159-apo,"csk-wtcat-apo
src-wtcat-py159-apo",apo,"csk-wtcat-apo
src-wtcat-py159-apo",FALSE,TRUE,Apo,"csk-wtcat-apo
src-wtcat-py159-apo","csk-wtcat-apo
src-wtcat-py159-apo
[SRC = Apo]","csk-wtcat-apo
src-wtcat-py159-apo
[SRC = Apo]",State 5,Active (BLAminus),In,Intact,DFGin
a-csk-wtcat-apo_b-src-wtcat-py159-apo_seed-1825222_sample-1_model,a-csk-wtcat-apo_b-src-wtcat-py159-apo/seed-1825222_sample-1,model.cif,B,SRC-WT,Active (BLAminus),C-lobe Donor,A,NA,NA,NA,2.59,10.78,Intact,No Ligand,In,Packed,DFGin,BLAminus,NTin,CTin,59.07,74.81,17.12,NA,NA,6.79,15.26,2.61,NA,NA,NA,NA,3.09,7.76,7.23,10.01,4.12,8.44,3.94,3.47,3.27,3.55,0.81,0.85,11.29,10.52,10.9,a-csk-wtcat-apo_b-src-wtcat-py159-apo,"csk-wtcat-apo
src-wtcat-py159-apo",apo,"csk-wtcat-apo
src-wtcat-py159-apo",FALSE,TRUE,Apo,"csk-wtcat-apo
src-wtcat-py159-apo","csk-wtcat-apo
src-wtcat-py159-apo
[SRC = Apo]","csk-wtcat-apo
src-wtcat-py159-apo
[SRC = Apo]",State 3,Active (BLAminus),In,Intact,DFGin
a-csk-wtcat-apo_b-src-wtcat-py159-apo_seed-1825222_sample-2_model,a-csk-wtcat-apo_b-src-wtcat-py159-apo/seed-1825222_sample-2,model.cif,B,SRC-WT,Active (BLAminus),C-lobe Donor,A,NA,NA,NA,2.52,9.81,Intact,No Ligand,In,Packed,DFGin,BLAminus,NTin,CTin,59.64,75.82,16.61,NA,NA,6.76,14.98,2.78,NA,NA,NA,NA,3.13,7.66,7.28,10.02,4.06,8.48,3.95,3.7,3.37,3.52,0.84,0.87,10.24,9.2,9.72,a-csk-wtcat-apo_b-src-wtcat-py159-apo,"csk-wtcat-apo
src-wtcat-py159-apo",apo,"csk-wtcat-apo
src-wtcat-py159-apo",FALSE,TRUE,Apo,"csk-wtcat-apo
src-wtcat-py159-apo","csk-wtcat-apo
src-wtcat-py159-apo
[SRC = Apo]","csk-wtcat-apo
src-wtcat-py159-apo
[SRC = Apo]",State 5,Active (BLAminus),In,Intact,DFGin
a-csk-wtcat-apo_b-src-wtcat-py159-apo_seed-1825222_sample-3_model,a-csk-wtcat-apo_b-src-wtcat-py159-apo/seed-1825222_sample-3,model.cif,B,SRC-WT,Active (BLAminus),C-lobe Donor,A,NA,NA,NA,2.64,9.92,Intact,No Ligand,In,Packed,DFGin,BLAminus,NTin,CTin,59.3,78.14,16.76,NA,NA,6.74,15,2.8,NA,NA,NA,NA,3.08,7.64,7.28,9.99,3.95,8.52,3.95,3.82,3.37,3.56,0.82,0.85,10.92,10.19,10.55,a-csk-wtcat-apo_b-src-wtcat-py159-apo,"csk-wtcat-apo
src-wtcat-py159-apo",apo,"csk-wtcat-apo
src-wtcat-py159-apo",FALSE,TRUE,Apo,"csk-wtcat-apo
src-wtcat-py159-apo","csk-wtcat-apo
src-wtcat-py159-apo
[SRC = Apo]","csk-wtcat-apo
src-wtcat-py159-apo
[SRC = Apo]",State 5,Active (BLAminus),In,Intact,DFGin
a-csk-wtcat-apo_b-src-wtcat-py159-apo_seed-1825222_sample-4_model,a-csk-wtcat-apo_b-src-wtcat-py159-apo/seed-1825222_sample-4,model.cif,B,SRC-WT,Active (BLAminus),C-lobe Donor,A,NA,NA,NA,2.55,11.11,Intact,No Ligand,In,Packed,DFGin,BLAminus,NTin,CTin,57.18,74.15,17.65,NA,NA,6.79,15.34,2.77,NA,NA,NA,NA,3.03,7.72,7.19,10.06,4,8.58,3.88,3.63,3.25,3.47,0.83,0.86,10.44,9.59,10.02,a-csk-wtcat-apo_b-src-wtcat-py159-apo,"csk-wtcat-apo
src-wtcat-py159-apo",apo,"csk-wtcat-apo
src-wtcat-py159-apo",FALSE,TRUE,Apo,"csk-wtcat-apo
src-wtcat-py159-apo","csk-wtcat-apo
src-wtcat-py159-apo
[SRC = Apo]","csk-wtcat-apo
src-wtcat-py159-apo
[SRC = Apo]",State 5,Active (BLAminus),In,Intact,DFGin
a-csk-wtcat-apo_b-src-wtcat-py159-apo_seed-1866048_sample-0_model,a-csk-wtcat-apo_b-src-wtcat-py159-apo/seed-1866048_sample-0,model.cif,B,SRC-WT,Active (BLAminus),C-lobe Donor,A,NA,NA,NA,2.63,11.47,Intact,No Ligand,In,Packed,DFGin,BLAminus,NTin,CTin,59.18,77.06,17.35,NA,NA,6.82,15.44,2.74,NA,NA,NA,NA,3.16,7.73,7.25,10.03,4.05,8.52,3.86,3.69,3.43,3.49,0.83,0.86,10.63,9.6,10.12,a-csk-wtcat-apo_b-src-wtcat-py159-apo,"csk-wtcat-apo
src-wtcat-py159-apo",apo,"csk-wtcat-apo
src-wtcat-py159-apo",FALSE,TRUE,Apo,"csk-wtcat-apo
src-wtcat-py159-apo","csk-wtcat-apo
src-wtcat-py159-apo
[SRC = Apo]","csk-wtcat-apo
src-wtcat-py159-apo
[SRC = Apo]",State 5,Active (BLAminus),In,Intact,DFGin
a-csk-wtcat-apo_b-src-wtcat-py159-apo_seed-1866048_sample-1_model,a-csk-wtcat-apo_b-src-wtcat-py159-apo/seed-1866048_sample-1,model.cif,B,SRC-WT,Active (BLAminus),C-lobe Donor,A,NA,NA,NA,2.66,11.92,Intact,No Ligand,In,Packed,DFGin,BLAminus,NTin,CTin,57.21,75.45,16.94,NA,NA,6.88,15.42,2.71,NA,NA,NA,NA,3.08,7.72,7.23,10,4.04,8.57,3.87,3.72,3.48,3.46,0.84,0.86,10.41,9.27,9.84,a-csk-wtcat-apo_b-src-wtcat-py159-apo,"csk-wtcat-apo
src-wtcat-py159-apo",apo,"csk-wtcat-apo
src-wtcat-py159-apo",FALSE,TRUE,Apo,"csk-wtcat-apo
src-wtcat-py159-apo","csk-wtcat-apo
src-wtcat-py159-apo
[SRC = Apo]","csk-wtcat-apo
src-wtcat-py159-apo
[SRC = Apo]",State 5,Active (BLAminus),In,Intact,DFGin
a-csk-wtcat-apo_b-src-wtcat-py159-apo_seed-1866048_sample-2_model,a-csk-wtcat-apo_b-src-wtcat-py159-apo/seed-1866048_sample-2,model.cif,B,SRC-WT,Active (BLAminus),C-lobe Donor,A,NA,NA,NA,2.51,11.07,Intact,No Ligand,In,Packed,DFGin,BLAminus,NTin,CTin,60.06,71.42,17,NA,NA,6.88,15.48,2.66,NA,NA,NA,NA,3.09,7.61,7.3,10.01,4.15,8.53,3.93,3.45,3.24,3.43,0.83,0.86,10.52,9.63,10.07,a-csk-wtcat-apo_b-src-wtcat-py159-apo,"csk-wtcat-apo
src-wtcat-py159-apo",apo,"csk-wtcat-apo
src-wtcat-py159-apo",FALSE,TRUE,Apo,"csk-wtcat-apo
src-wtcat-py159-apo","csk-wtcat-apo
src-wtcat-py159-apo
[SRC = Apo]","csk-wtcat-apo
src-wtcat-py159-apo
[SRC = Apo]",State 3,Active (BLAminus),In,Intact,DFGin
a-csk-wtcat-apo_b-src-wtcat-py159-apo_seed-1866048_sample-3_model,a-csk-wtcat-apo_b-src-wtcat-py159-apo/seed-1866048_sample-3,model.cif,B,SRC-WT,Active (BLAminus),C-lobe Donor,A,NA,NA,NA,2.52,12.15,Intact,No Ligand,In,Packed,DFGin,BLAminus,NTin,CTin,58.28,75.63,16.03,NA,NA,6.81,15.04,2.81,NA,NA,NA,NA,3.08,7.66,7.23,10.02,4.15,8.52,3.92,3.46,3.37,3.43,0.83,0.86,10.41,9.49,9.95,a-csk-wtcat-apo_b-src-wtcat-py159-apo,"csk-wtcat-apo
src-wtcat-py159-apo",apo,"csk-wtcat-apo
src-wtcat-py159-apo",FALSE,TRUE,Apo,"csk-wtcat-apo
src-wtcat-py159-apo","csk-wtcat-apo
src-wtcat-py159-apo
[SRC = Apo]","csk-wtcat-apo
src-wtcat-py159-apo
[SRC = Apo]",State 3,Active (BLAminus),In,Intact,DFGin
a-csk-wtcat-apo_b-src-wtcat-py159-apo_seed-1866048_sample-4_model,a-csk-wtcat-apo_b-src-wtcat-py159-apo/seed-1866048_sample-4,model.cif,B,SRC-WT,Active (BLAminus),C-lobe Donor,A,NA,NA,NA,2.57,10.61,Intact,No Ligand,In,Packed,DFGin,BLAminus,NTin,CTin,57.03,73.6,15.26,NA,NA,6.89,15.04,2.92,NA,NA,NA,NA,3.09,7.63,7.31,10.03,4.04,8.47,3.85,3.74,3.36,3.43,0.85,0.87,9.88,9.24,9.56,a-csk-wtcat-apo_b-src-wtcat-py159-apo,"csk-wtcat-apo
src-wtcat-py159-apo",apo,"csk-wtcat-apo
src-wtcat-py159-apo",FALSE,TRUE,Apo,"csk-wtcat-apo
src-wtcat-py159-apo","csk-wtcat-apo
src-wtcat-py159-apo
[SRC = Apo]","csk-wtcat-apo
src-wtcat-py159-apo
[SRC = Apo]",State 5,Active (BLAminus),In,Intact,DFGin
a-csk-wtcat-apo_b-src-wtcat-py159-apo_seed-1891869_sample-0_model,a-csk-wtcat-apo_b-src-wtcat-py159-apo/seed-1891869_sample-0,model.cif,B,SRC-WT,Active (BLAminus),C-lobe Donor,A,NA,NA,NA,2.6,10.37,Intact,No Ligand,In,Packed,DFGin,BLAminus,NTin,CTin,57.96,78.18,17.24,NA,NA,6.69,15.04,2.89,NA,NA,NA,NA,3.16,7.73,7.2,10.03,3.99,8.52,3.84,3.73,3.47,3.47,0.82,0.85,11.1,9.92,10.51,a-csk-wtcat-apo_b-src-wtcat-py159-apo,"csk-wtcat-apo
src-wtcat-py159-apo",apo,"csk-wtcat-apo
src-wtcat-py159-apo",FALSE,TRUE,Apo,"csk-wtcat-apo
src-wtcat-py159-apo","csk-wtcat-apo
src-wtcat-py159-apo
[SRC = Apo]","csk-wtcat-apo
src-wtcat-py159-apo
[SRC = Apo]",State 5,Active (BLAminus),In,Intact,DFGin
a-csk-wtcat-apo_b-src-wtcat-py159-apo_seed-1891869_sample-1_model,a-csk-wtcat-apo_b-src-wtcat-py159-apo/seed-1891869_sample-1,model.cif,B,SRC-WT,Active (BLAminus),C-lobe Donor,A,NA,NA,NA,2.61,10.66,Intact,No Ligand,In,Packed,DFGin,BLAminus,NTin,CTin,60.58,75.8,16.74,NA,NA,6.86,15.07,2.71,NA,NA,NA,NA,3.1,7.79,7.3,10.04,3.99,8.5,4.03,3.74,3.4,3.48,0.88,0.89,8.84,8.01,8.43,a-csk-wtcat-apo_b-src-wtcat-py159-apo,"csk-wtcat-apo
src-wtcat-py159-apo",apo,"csk-wtcat-apo
src-wtcat-py159-apo",FALSE,TRUE,Apo,"csk-wtcat-apo
src-wtcat-py159-apo","csk-wtcat-apo
src-wtcat-py159-apo
[SRC = Apo]","csk-wtcat-apo
src-wtcat-py159-apo
[SRC = Apo]",State 5,Active (BLAminus),In,Intact,DFGin
a-csk-wtcat-apo_b-src-wtcat-py159-apo_seed-1891869_sample-2_model,a-csk-wtcat-apo_b-src-wtcat-py159-apo/seed-1891869_sample-2,model.cif,B,SRC-WT,Active (BLAminus),C-lobe Donor,A,NA,NA,NA,2.68,10.91,Intact,No Ligand,In,Packed,DFGin,BLAminus,NTin,CTin,59.13,78.87,17.22,NA,NA,6.69,15.07,2.7,NA,NA,NA,NA,3.11,7.79,7.26,9.98,4.13,8.54,4.05,3.46,3.25,3.48,0.85,0.87,10.04,9.35,9.7,a-csk-wtcat-apo_b-src-wtcat-py159-apo,"csk-wtcat-apo
src-wtcat-py159-apo",apo,"csk-wtcat-apo
src-wtcat-py159-apo",FALSE,TRUE,Apo,"csk-wtcat-apo
src-wtcat-py159-apo","csk-wtcat-apo
src-wtcat-py159-apo
[SRC = Apo]","csk-wtcat-apo
src-wtcat-py159-apo
[SRC = Apo]",State 3,Active (BLAminus),In,Intact,DFGin
a-csk-wtcat-apo_b-src-wtcat-py159-apo_seed-1891869_sample-3_model,a-csk-wtcat-apo_b-src-wtcat-py159-apo/seed-1891869_sample-3,model.cif,B,SRC-WT,Active (BLAminus),C-lobe Donor,A,NA,NA,NA,2.69,11.04,Intact,No Ligand,In,Packed,DFGin,BLAminus,NTin,CTin,58.69,77.15,17.34,NA,NA,6.69,15.18,2.82,NA,NA,NA,NA,3.13,7.78,7.21,10.03,3.98,8.45,3.86,3.69,3.31,3.48,0.83,0.86,10.47,9.92,10.2,a-csk-wtcat-apo_b-src-wtcat-py159-apo,"csk-wtcat-apo
src-wtcat-py159-apo",apo,"csk-wtcat-apo
src-wtcat-py159-apo",FALSE,TRUE,Apo,"csk-wtcat-apo
src-wtcat-py159-apo","csk-wtcat-apo
src-wtcat-py159-apo
[SRC = Apo]","csk-wtcat-apo
src-wtcat-py159-apo
[SRC = Apo]",State 5,Active (BLAminus),In,Intact,DFGin
a-csk-wtcat-apo_b-src-wtcat-py159-apo_seed-1891869_sample-4_model,a-csk-wtcat-apo_b-src-wtcat-py159-apo/seed-1891869_sample-4,model.cif,B,SRC-WT,Active (BLAminus),C-lobe Donor,A,NA,NA,NA,2.65,11.55,Intact,No Ligand,In,Packed,DFGin,BLAminus,NTin,CTin,56.64,72.17,15.96,NA,NA,6.91,15.31,3,NA,NA,NA,NA,3.16,7.73,7.24,10.06,3.97,8.47,3.89,3.72,3.55,3.44,0.86,0.88,9.5,8.63,9.07,a-csk-wtcat-apo_b-src-wtcat-py159-apo,"csk-wtcat-apo
src-wtcat-py159-apo",apo,"csk-wtcat-apo
src-wtcat-py159-apo",FALSE,TRUE,Apo,"csk-wtcat-apo
src-wtcat-py159-apo","csk-wtcat-apo
src-wtcat-py159-apo
[SRC = Apo]","csk-wtcat-apo
src-wtcat-py159-apo
[SRC = Apo]",State 5,Active (BLAminus),In,Intact,DFGin
a-csk-wtcat-apo_b-src-wtcat-py159-apo_seed-1909162_sample-0_model,a-csk-wtcat-apo_b-src-wtcat-py159-apo/seed-1909162_sample-0,model.cif,B,SRC-WT,Active (BLAminus),C-lobe Donor,A,NA,NA,NA,2.73,11.93,Intact,No Ligand,In,Packed,DFGin,BLAminus,NTin,CTin,59.28,77.34,16.85,NA,NA,6.66,15.2,2.86,NA,NA,NA,NA,3.09,7.79,7.22,10,3.95,8.53,3.94,3.7,3.34,3.57,0.85,0.87,10.09,8.96,9.53,a-csk-wtcat-apo_b-src-wtcat-py159-apo,"csk-wtcat-apo
src-wtcat-py159-apo",apo,"csk-wtcat-apo
src-wtcat-py159-apo",FALSE,TRUE,Apo,"csk-wtcat-apo
src-wtcat-py159-apo","csk-wtcat-apo
src-wtcat-py159-apo
[SRC = Apo]","csk-wtcat-apo
src-wtcat-py159-apo
[SRC = Apo]",State 5,Active (BLAminus),In,Intact,DFGin
a-csk-wtcat-apo_b-src-wtcat-py159-apo_seed-1909162_sample-1_model,a-csk-wtcat-apo_b-src-wtcat-py159-apo/seed-1909162_sample-1,model.cif,B,SRC-WT,Active (BLAminus),C-lobe Donor,A,NA,NA,NA,2.66,9.63,Intact,No Ligand,In,Packed,DFGin,BLAminus,NTin,CTin,59.76,77.32,17.84,NA,NA,6.72,15.17,2.61,NA,NA,NA,NA,3.05,7.76,7.28,10.06,4.02,8.52,3.97,3.69,3.52,3.47,0.85,0.87,10.02,8.85,9.43,a-csk-wtcat-apo_b-src-wtcat-py159-apo,"csk-wtcat-apo
src-wtcat-py159-apo",apo,"csk-wtcat-apo
src-wtcat-py159-apo",FALSE,TRUE,Apo,"csk-wtcat-apo
src-wtcat-py159-apo","csk-wtcat-apo
src-wtcat-py159-apo
[SRC = Apo]","csk-wtcat-apo
src-wtcat-py159-apo
[SRC = Apo]",State 5,Active (BLAminus),In,Intact,DFGin
a-csk-wtcat-apo_b-src-wtcat-py159-apo_seed-1909162_sample-2_model,a-csk-wtcat-apo_b-src-wtcat-py159-apo/seed-1909162_sample-2,model.cif,B,SRC-WT,Active (BLAminus),C-lobe Donor,A,NA,NA,NA,2.63,9.95,Intact,No Ligand,In,Packed,DFGin,BLAminus,NTin,CTin,58.71,77.34,17.07,NA,NA,6.72,15.11,2.86,NA,NA,NA,NA,3.04,7.76,7.2,9.97,4.12,8.58,3.84,3.45,3.27,3.44,0.84,0.87,10.3,9.09,9.7,a-csk-wtcat-apo_b-src-wtcat-py159-apo,"csk-wtcat-apo
src-wtcat-py159-apo",apo,"csk-wtcat-apo
src-wtcat-py159-apo",FALSE,TRUE,Apo,"csk-wtcat-apo
src-wtcat-py159-apo","csk-wtcat-apo
src-wtcat-py159-apo
[SRC = Apo]","csk-wtcat-apo
src-wtcat-py159-apo
[SRC = Apo]",State 3,Active (BLAminus),In,Intact,DFGin
a-csk-wtcat-apo_b-src-wtcat-py159-apo_seed-1909162_sample-3_model,a-csk-wtcat-apo_b-src-wtcat-py159-apo/seed-1909162_sample-3,model.cif,B,SRC-WT,Active (BLAminus),C-lobe Donor,A,NA,NA,NA,2.54,11.41,Intact,No Ligand,In,Packed,DFGin,BLAminus,NTin,CTin,58.29,75.4,17.39,NA,NA,6.88,15.42,2.93,NA,NA,NA,NA,3.11,7.68,7.26,10.08,4.16,8.45,3.88,3.42,3.33,3.56,0.85,0.87,10.19,9.01,9.6,a-csk-wtcat-apo_b-src-wtcat-py159-apo,"csk-wtcat-apo
src-wtcat-py159-apo",apo,"csk-wtcat-apo
src-wtcat-py159-apo",FALSE,TRUE,Apo,"csk-wtcat-apo
src-wtcat-py159-apo","csk-wtcat-apo
src-wtcat-py159-apo
[SRC = Apo]","csk-wtcat-apo
src-wtcat-py159-apo
[SRC = Apo]",State 3,Active (BLAminus),In,Intact,DFGin
a-csk-wtcat-apo_b-src-wtcat-py159-apo_seed-1909162_sample-4_model,a-csk-wtcat-apo_b-src-wtcat-py159-apo/seed-1909162_sample-4,model.cif,B,SRC-WT,Active (BLAminus),C-lobe Donor,A,NA,NA,NA,2.6,11.41,Intact,No Ligand,In,Packed,DFGin,BLAminus,NTin,CTin,58.91,75.79,17.39,NA,NA,6.8,15.3,3.08,NA,NA,NA,NA,3.14,7.75,7.24,10.04,4.05,8.52,3.91,3.71,3.52,3.56,0.85,0.87,9.86,8.64,9.25,a-csk-wtcat-apo_b-src-wtcat-py159-apo,"csk-wtcat-apo
src-wtcat-py159-apo",apo,"csk-wtcat-apo
src-wtcat-py159-apo",FALSE,TRUE,Apo,"csk-wtcat-apo
src-wtcat-py159-apo","csk-wtcat-apo
src-wtcat-py159-apo
[SRC = Apo]","csk-wtcat-apo
src-wtcat-py159-apo
[SRC = Apo]",State 5,Active (BLAminus),In,Intact,DFGin
a-csk-wtcat-apo_b-src-wtcat-py159-apo_seed-248981_sample-0_model,a-csk-wtcat-apo_b-src-wtcat-py159-apo/seed-248981_sample-0,model.cif,B,SRC-WT,Active (BLAminus),C-lobe Donor,A,NA,NA,NA,2.63,12.19,Intact,No Ligand,In,Packed,DFGin,BLAminus,NTin,CTin,55.34,71.9,16.75,NA,NA,6.83,15.35,2.8,NA,NA,NA,NA,3.06,7.67,7.21,9.99,3.96,8.43,3.79,3.69,3.25,3.44,0.84,0.87,10.19,9.1,9.64,a-csk-wtcat-apo_b-src-wtcat-py159-apo,"csk-wtcat-apo
src-wtcat-py159-apo",apo,"csk-wtcat-apo
src-wtcat-py159-apo",FALSE,TRUE,Apo,"csk-wtcat-apo
src-wtcat-py159-apo","csk-wtcat-apo
src-wtcat-py159-apo
[SRC = Apo]","csk-wtcat-apo
src-wtcat-py159-apo
[SRC = Apo]",State 5,Active (BLAminus),In,Intact,DFGin
a-csk-wtcat-apo_b-src-wtcat-py159-apo_seed-248981_sample-1_model,a-csk-wtcat-apo_b-src-wtcat-py159-apo/seed-248981_sample-1,model.cif,B,SRC-WT,Active (BLAminus),C-lobe Donor,A,NA,NA,NA,2.58,11.25,Intact,No Ligand,In,Packed,DFGin,BLAminus,NTin,CTin,57.29,71.22,16.85,NA,NA,6.82,15.08,2.74,NA,NA,NA,NA,3.03,7.66,7.32,10.04,4.01,8.47,3.99,3.73,3.31,3.47,0.84,0.87,10.06,9.28,9.67,a-csk-wtcat-apo_b-src-wtcat-py159-apo,"csk-wtcat-apo
src-wtcat-py159-apo",apo,"csk-wtcat-apo
src-wtcat-py159-apo",FALSE,TRUE,Apo,"csk-wtcat-apo
src-wtcat-py159-apo","csk-wtcat-apo
src-wtcat-py159-apo
[SRC = Apo]","csk-wtcat-apo
src-wtcat-py159-apo
[SRC = Apo]",State 5,Active (BLAminus),In,Intact,DFGin
a-csk-wtcat-apo_b-src-wtcat-py159-apo_seed-248981_sample-2_model,a-csk-wtcat-apo_b-src-wtcat-py159-apo/seed-248981_sample-2,model.cif,B,SRC-WT,Active (BLAminus),C-lobe Donor,A,NA,NA,NA,2.62,10.6,Intact,No Ligand,In,Packed,DFGin,BLAminus,NTin,CTin,56.84,72.33,16.74,NA,NA,6.81,15.38,2.95,NA,NA,NA,NA,3.06,7.68,7.28,10.05,4,8.5,3.88,3.8,3.42,3.55,0.84,0.86,10.23,9.63,9.93,a-csk-wtcat-apo_b-src-wtcat-py159-apo,"csk-wtcat-apo
src-wtcat-py159-apo",apo,"csk-wtcat-apo
src-wtcat-py159-apo",FALSE,TRUE,Apo,"csk-wtcat-apo
src-wtcat-py159-apo","csk-wtcat-apo
src-wtcat-py159-apo
[SRC = Apo]","csk-wtcat-apo
src-wtcat-py159-apo
[SRC = Apo]",State 5,Active (BLAminus),In,Intact,DFGin
a-csk-wtcat-apo_b-src-wtcat-py159-apo_seed-248981_sample-3_model,a-csk-wtcat-apo_b-src-wtcat-py159-apo/seed-248981_sample-3,model.cif,B,SRC-WT,Active (BLAminus),C-lobe Donor,A,NA,NA,NA,2.59,11.09,Intact,No Ligand,In,Packed,DFGin,BLAminus,NTin,CTin,59.61,72.79,16.83,NA,NA,6.82,15.26,2.97,NA,NA,NA,NA,3.15,7.72,7.26,10.05,4.04,8.49,3.92,3.74,3.4,3.42,0.85,0.87,10.08,9.06,9.57,a-csk-wtcat-apo_b-src-wtcat-py159-apo,"csk-wtcat-apo
src-wtcat-py159-apo",apo,"csk-wtcat-apo
src-wtcat-py159-apo",FALSE,TRUE,Apo,"csk-wtcat-apo
src-wtcat-py159-apo","csk-wtcat-apo
src-wtcat-py159-apo
[SRC = Apo]","csk-wtcat-apo
src-wtcat-py159-apo
[SRC = Apo]",State 5,Active (BLAminus),In,Intact,DFGin
a-csk-wtcat-apo_b-src-wtcat-py159-apo_seed-248981_sample-4_model,a-csk-wtcat-apo_b-src-wtcat-py159-apo/seed-248981_sample-4,model.cif,B,SRC-WT,Active (BLAminus),C-lobe Donor,A,NA,NA,NA,2.51,9.65,Intact,No Ligand,In,Packed,DFGin,BLAminus,NTin,CTin,62.43,56.66,16.32,NA,NA,6.7,14.8,2.89,NA,NA,NA,NA,2.93,7.62,7.27,9.87,4.08,8.47,3.68,3.45,3,3.39,0.82,0.85,10.69,10.14,10.41,a-csk-wtcat-apo_b-src-wtcat-py159-apo,"csk-wtcat-apo
src-wtcat-py159-apo",apo,"csk-wtcat-apo
src-wtcat-py159-apo",FALSE,TRUE,Apo,"csk-wtcat-apo
src-wtcat-py159-apo","csk-wtcat-apo
src-wtcat-py159-apo
[SRC = Apo]","csk-wtcat-apo
src-wtcat-py159-apo
[SRC = Apo]",State 4,Active (BLAminus),In,Intact,DFGin
a-csk-wtcat-apo_b-src-wtcat-py159-apo_seed-325415_sample-0_model,a-csk-wtcat-apo_b-src-wtcat-py159-apo/seed-325415_sample-0,model.cif,B,SRC-WT,Active (BLAminus),C-lobe Donor,A,NA,NA,NA,2.64,11.03,Intact,No Ligand,In,Packed,DFGin,BLAminus,NTin,CTin,57.82,78.77,16.78,NA,NA,6.72,15.17,2.72,NA,NA,NA,NA,3.05,7.8,7.2,9.99,4.09,8.54,3.93,3.41,3.41,3.44,0.83,0.86,10.58,9.54,10.06,a-csk-wtcat-apo_b-src-wtcat-py159-apo,"csk-wtcat-apo
src-wtcat-py159-apo",apo,"csk-wtcat-apo
src-wtcat-py159-apo",FALSE,TRUE,Apo,"csk-wtcat-apo
src-wtcat-py159-apo","csk-wtcat-apo
src-wtcat-py159-apo
[SRC = Apo]","csk-wtcat-apo
src-wtcat-py159-apo
[SRC = Apo]",State 3,Active (BLAminus),In,Intact,DFGin
a-csk-wtcat-apo_b-src-wtcat-py159-apo_seed-325415_sample-1_model,a-csk-wtcat-apo_b-src-wtcat-py159-apo/seed-325415_sample-1,model.cif,B,SRC-WT,Active (BLAminus),C-lobe Donor,A,NA,NA,NA,2.62,11.42,Intact,No Ligand,In,Packed,DFGin,BLAminus,NTin,CTin,55.06,70.31,17.43,NA,NA,6.89,15.44,2.93,NA,NA,NA,NA,3.08,7.72,7.24,9.99,3.98,8.45,3.84,3.71,3.25,3.48,0.87,0.89,8.98,8.05,8.52,a-csk-wtcat-apo_b-src-wtcat-py159-apo,"csk-wtcat-apo
src-wtcat-py159-apo",apo,"csk-wtcat-apo
src-wtcat-py159-apo",FALSE,TRUE,Apo,"csk-wtcat-apo
src-wtcat-py159-apo","csk-wtcat-apo
src-wtcat-py159-apo
[SRC = Apo]","csk-wtcat-apo
src-wtcat-py159-apo
[SRC = Apo]",State 5,Active (BLAminus),In,Intact,DFGin
a-csk-wtcat-apo_b-src-wtcat-py159-apo_seed-325415_sample-2_model,a-csk-wtcat-apo_b-src-wtcat-py159-apo/seed-325415_sample-2,model.cif,B,SRC-WT,Active (BLAminus),C-lobe Donor,A,NA,NA,NA,2.71,9.3,Intact,No Ligand,In,Packed,DFGin,BLAminus,NTin,CTin,58.58,76.56,16.42,NA,NA,6.86,15.28,2.81,NA,NA,NA,NA,3.08,7.82,7.27,10.02,4.02,8.55,3.96,3.68,3.21,3.48,0.85,0.87,10.07,9.14,9.61,a-csk-wtcat-apo_b-src-wtcat-py159-apo,"csk-wtcat-apo
src-wtcat-py159-apo",apo,"csk-wtcat-apo
src-wtcat-py159-apo",FALSE,TRUE,Apo,"csk-wtcat-apo
src-wtcat-py159-apo","csk-wtcat-apo
src-wtcat-py159-apo
[SRC = Apo]","csk-wtcat-apo
src-wtcat-py159-apo
[SRC = Apo]",State 5,Active (BLAminus),In,Intact,DFGin
a-csk-wtcat-apo_b-src-wtcat-py159-apo_seed-325415_sample-3_model,a-csk-wtcat-apo_b-src-wtcat-py159-apo/seed-325415_sample-3,model.cif,B,SRC-WT,Active (BLAminus),C-lobe Donor,A,NA,NA,NA,2.5,11.48,Intact,No Ligand,In,Packed,DFGin,BLAminus,NTin,CTin,58.26,72.63,17.12,NA,NA,6.81,15.22,2.99,NA,NA,NA,NA,3.11,7.69,7.25,10.03,4.06,8.54,3.86,3.72,3.15,3.48,0.83,0.86,10.43,9.55,9.99,a-csk-wtcat-apo_b-src-wtcat-py159-apo,"csk-wtcat-apo
src-wtcat-py159-apo",apo,"csk-wtcat-apo
src-wtcat-py159-apo",FALSE,TRUE,Apo,"csk-wtcat-apo
src-wtcat-py159-apo","csk-wtcat-apo
src-wtcat-py159-apo
[SRC = Apo]","csk-wtcat-apo
src-wtcat-py159-apo
[SRC = Apo]",State 5,Active (BLAminus),In,Intact,DFGin
a-csk-wtcat-apo_b-src-wtcat-py159-apo_seed-325415_sample-4_model,a-csk-wtcat-apo_b-src-wtcat-py159-apo/seed-325415_sample-4,model.cif,B,SRC-WT,Active (BLAminus),C-lobe Donor,A,NA,NA,NA,2.64,10.02,Intact,No Ligand,In,Packed,DFGin,BLAminus,NTin,CTin,57.01,73.12,17.17,NA,NA,6.82,15.4,3.24,NA,NA,NA,NA,3.16,7.68,7.27,10.03,3.97,8.48,3.99,3.78,3.15,3.48,0.84,0.86,10.33,9.2,9.77,a-csk-wtcat-apo_b-src-wtcat-py159-apo,"csk-wtcat-apo
src-wtcat-py159-apo",apo,"csk-wtcat-apo
src-wtcat-py159-apo",FALSE,TRUE,Apo,"csk-wtcat-apo
src-wtcat-py159-apo","csk-wtcat-apo
src-wtcat-py159-apo
[SRC = Apo]","csk-wtcat-apo
src-wtcat-py159-apo
[SRC = Apo]",State 5,Active (BLAminus),In,Intact,DFGin
a-csk-wtcat-apo_b-src-wtcat-py159-apo_seed-385131_sample-0_model,a-csk-wtcat-apo_b-src-wtcat-py159-apo/seed-385131_sample-0,model.cif,B,SRC-WT,Active (BLAminus),C-lobe Donor,A,NA,NA,NA,2.63,9.83,Intact,No Ligand,In,Packed,DFGin,BLAminus,NTin,CTin,59.2,75.35,16.44,NA,NA,6.82,15.22,2.67,NA,NA,NA,NA,3.13,7.73,7.31,10.02,4.01,8.51,4.01,3.73,3.22,3.47,0.85,0.87,9.89,8.92,9.41,a-csk-wtcat-apo_b-src-wtcat-py159-apo,"csk-wtcat-apo
src-wtcat-py159-apo",apo,"csk-wtcat-apo
src-wtcat-py159-apo",FALSE,TRUE,Apo,"csk-wtcat-apo
src-wtcat-py159-apo","csk-wtcat-apo
src-wtcat-py159-apo
[SRC = Apo]","csk-wtcat-apo
src-wtcat-py159-apo
[SRC = Apo]",State 5,Active (BLAminus),In,Intact,DFGin
a-csk-wtcat-apo_b-src-wtcat-py159-apo_seed-385131_sample-1_model,a-csk-wtcat-apo_b-src-wtcat-py159-apo/seed-385131_sample-1,model.cif,B,SRC-WT,Active (BLAminus),C-lobe Donor,A,NA,NA,NA,2.55,11.77,Intact,No Ligand,In,Packed,DFGin,BLAminus,NTin,CTin,55.4,74.62,17.56,NA,NA,6.82,15.27,2.81,NA,NA,NA,NA,3.04,7.66,7.3,10.05,3.99,8.51,3.97,3.77,3.3,3.44,0.84,0.87,10.19,9.21,9.7,a-csk-wtcat-apo_b-src-wtcat-py159-apo,"csk-wtcat-apo
src-wtcat-py159-apo",apo,"csk-wtcat-apo
src-wtcat-py159-apo",FALSE,TRUE,Apo,"csk-wtcat-apo
src-wtcat-py159-apo","csk-wtcat-apo
src-wtcat-py159-apo
[SRC = Apo]","csk-wtcat-apo
src-wtcat-py159-apo
[SRC = Apo]",State 5,Active (BLAminus),In,Intact,DFGin
a-csk-wtcat-apo_b-src-wtcat-py159-apo_seed-385131_sample-2_model,a-csk-wtcat-apo_b-src-wtcat-py159-apo/seed-385131_sample-2,model.cif,B,SRC-WT,Active (BLAminus),C-lobe Donor,A,NA,NA,NA,2.67,10.78,Intact,No Ligand,In,Packed,DFGin,BLAminus,NTin,CTin,59.37,75.17,16.71,NA,NA,6.8,15.07,2.7,NA,NA,NA,NA,3.11,7.77,7.24,10.04,4.06,8.45,3.94,3.61,3.38,3.48,0.85,0.87,9.72,8.87,9.29,a-csk-wtcat-apo_b-src-wtcat-py159-apo,"csk-wtcat-apo
src-wtcat-py159-apo",apo,"csk-wtcat-apo
src-wtcat-py159-apo",FALSE,TRUE,Apo,"csk-wtcat-apo
src-wtcat-py159-apo","csk-wtcat-apo
src-wtcat-py159-apo
[SRC = Apo]","csk-wtcat-apo
src-wtcat-py159-apo
[SRC = Apo]",State 5,Active (BLAminus),In,Intact,DFGin
a-csk-wtcat-apo_b-src-wtcat-py159-apo_seed-385131_sample-3_model,a-csk-wtcat-apo_b-src-wtcat-py159-apo/seed-385131_sample-3,model.cif,B,SRC-WT,Active (BLAminus),C-lobe Donor,A,NA,NA,NA,2.52,10.2,Intact,No Ligand,In,Packed,DFGin,BLAminus,NTin,CTin,59.52,72.88,17.05,NA,NA,6.83,15.4,2.85,NA,NA,NA,NA,3.08,7.76,7.23,9.99,4.01,8.52,3.87,3.7,3.45,3.48,0.84,0.86,10.36,9.28,9.82,a-csk-wtcat-apo_b-src-wtcat-py159-apo,"csk-wtcat-apo
src-wtcat-py159-apo",apo,"csk-wtcat-apo
src-wtcat-py159-apo",FALSE,TRUE,Apo,"csk-wtcat-apo
src-wtcat-py159-apo","csk-wtcat-apo
src-wtcat-py159-apo
[SRC = Apo]","csk-wtcat-apo
src-wtcat-py159-apo
[SRC = Apo]",State 5,Active (BLAminus),In,Intact,DFGin
a-csk-wtcat-apo_b-src-wtcat-py159-apo_seed-385131_sample-4_model,a-csk-wtcat-apo_b-src-wtcat-py159-apo/seed-385131_sample-4,model.cif,B,SRC-WT,Active (BLAminus),C-lobe Donor,A,NA,NA,NA,2.6,10.91,Intact,No Ligand,In,Packed,DFGin,BLAminus,NTin,CTin,59.54,76.56,16.12,NA,NA,6.78,15.08,2.84,NA,NA,NA,NA,3.09,7.8,7.29,10.05,4.04,8.53,3.98,3.71,3.34,3.56,0.83,0.86,10.54,9.54,10.04,a-csk-wtcat-apo_b-src-wtcat-py159-apo,"csk-wtcat-apo
src-wtcat-py159-apo",apo,"csk-wtcat-apo
src-wtcat-py159-apo",FALSE,TRUE,Apo,"csk-wtcat-apo
src-wtcat-py159-apo","csk-wtcat-apo
src-wtcat-py159-apo
[SRC = Apo]","csk-wtcat-apo
src-wtcat-py159-apo
[SRC = Apo]",State 5,Active (BLAminus),In,Intact,DFGin
a-csk-wtcat-apo_b-src-wtcat-py159-apo_seed-481472_sample-0_model,a-csk-wtcat-apo_b-src-wtcat-py159-apo/seed-481472_sample-0,model.cif,B,SRC-WT,Active (BLAminus),C-lobe Donor,A,NA,NA,NA,2.64,10.45,Intact,No Ligand,In,Packed,DFGin,BLAminus,NTin,CTin,59.37,78.39,16.31,NA,NA,6.73,15.03,2.73,NA,NA,NA,NA,3.04,7.71,7.22,9.98,4.01,8.5,3.82,3.64,3.45,3.44,0.85,0.87,9.72,8.88,9.3,a-csk-wtcat-apo_b-src-wtcat-py159-apo,"csk-wtcat-apo
src-wtcat-py159-apo",apo,"csk-wtcat-apo
src-wtcat-py159-apo",FALSE,TRUE,Apo,"csk-wtcat-apo
src-wtcat-py159-apo","csk-wtcat-apo
src-wtcat-py159-apo
[SRC = Apo]","csk-wtcat-apo
src-wtcat-py159-apo
[SRC = Apo]",State 5,Active (BLAminus),In,Intact,DFGin
a-csk-wtcat-apo_b-src-wtcat-py159-apo_seed-481472_sample-1_model,a-csk-wtcat-apo_b-src-wtcat-py159-apo/seed-481472_sample-1,model.cif,B,SRC-WT,Active (BLAminus),C-lobe Donor,A,NA,NA,NA,2.56,10.63,Intact,No Ligand,In,Packed,DFGin,BLAminus,NTin,CTin,60.95,70.59,16.97,NA,NA,6.82,15.23,2.8,NA,NA,NA,NA,3.1,7.75,7.29,10.06,4.03,8.53,3.92,3.76,3.53,3.44,0.84,0.86,10.11,9.28,9.7,a-csk-wtcat-apo_b-src-wtcat-py159-apo,"csk-wtcat-apo
src-wtcat-py159-apo",apo,"csk-wtcat-apo
src-wtcat-py159-apo",FALSE,TRUE,Apo,"csk-wtcat-apo
src-wtcat-py159-apo","csk-wtcat-apo
src-wtcat-py159-apo
[SRC = Apo]","csk-wtcat-apo
src-wtcat-py159-apo
[SRC = Apo]",State 5,Active (BLAminus),In,Intact,DFGin
a-csk-wtcat-apo_b-src-wtcat-py159-apo_seed-481472_sample-2_model,a-csk-wtcat-apo_b-src-wtcat-py159-apo/seed-481472_sample-2,model.cif,B,SRC-WT,Active (BLAminus),C-lobe Donor,A,NA,NA,NA,2.62,11.29,Intact,No Ligand,In,Packed,DFGin,BLAminus,NTin,CTin,59.01,78.43,17.62,NA,NA,6.83,15.6,3.13,NA,NA,NA,NA,3.11,7.66,7.28,9.97,4,8.45,3.87,3.71,3.25,3.45,0.85,0.87,9.84,8.8,9.32,a-csk-wtcat-apo_b-src-wtcat-py159-apo,"csk-wtcat-apo
src-wtcat-py159-apo",apo,"csk-wtcat-apo
src-wtcat-py159-apo",FALSE,TRUE,Apo,"csk-wtcat-apo
src-wtcat-py159-apo","csk-wtcat-apo
src-wtcat-py159-apo
[SRC = Apo]","csk-wtcat-apo
src-wtcat-py159-apo
[SRC = Apo]",State 5,Active (BLAminus),In,Intact,DFGin
a-csk-wtcat-apo_b-src-wtcat-py159-apo_seed-481472_sample-3_model,a-csk-wtcat-apo_b-src-wtcat-py159-apo/seed-481472_sample-3,model.cif,B,SRC-WT,Active (BLAminus),C-lobe Donor,A,NA,NA,NA,2.53,11.59,Intact,No Ligand,In,Packed,DFGin,BLAminus,NTin,CTin,60.34,70.9,16.58,NA,NA,6.71,15,2.88,NA,NA,NA,NA,3.14,7.72,7.31,10.03,4.08,8.67,3.81,3.63,3.55,3.41,0.83,0.86,10.44,9.69,10.06,a-csk-wtcat-apo_b-src-wtcat-py159-apo,"csk-wtcat-apo
src-wtcat-py159-apo",apo,"csk-wtcat-apo
src-wtcat-py159-apo",FALSE,TRUE,Apo,"csk-wtcat-apo
src-wtcat-py159-apo","csk-wtcat-apo
src-wtcat-py159-apo
[SRC = Apo]","csk-wtcat-apo
src-wtcat-py159-apo
[SRC = Apo]",State 3,Active (BLAminus),In,Intact,DFGin
a-csk-wtcat-apo_b-src-wtcat-py159-apo_seed-481472_sample-4_model,a-csk-wtcat-apo_b-src-wtcat-py159-apo/seed-481472_sample-4,model.cif,B,SRC-WT,Active (BLAminus),C-lobe Donor,A,NA,NA,NA,2.6,10.71,Intact,No Ligand,In,Packed,DFGin,BLAminus,NTin,CTin,57.04,72.96,17.53,NA,NA,6.95,15.41,2.75,NA,NA,NA,NA,3.12,7.75,7.32,10.05,4.01,8.61,4.03,3.72,3.58,3.46,0.85,0.87,10.09,9.14,9.62,a-csk-wtcat-apo_b-src-wtcat-py159-apo,"csk-wtcat-apo
src-wtcat-py159-apo",apo,"csk-wtcat-apo
src-wtcat-py159-apo",FALSE,TRUE,Apo,"csk-wtcat-apo
src-wtcat-py159-apo","csk-wtcat-apo
src-wtcat-py159-apo
[SRC = Apo]","csk-wtcat-apo
src-wtcat-py159-apo
[SRC = Apo]",State 5,Active (BLAminus),In,Intact,DFGin
a-csk-wtcat-apo_b-src-wtcat-py159-apo_seed-525287_sample-0_model,a-csk-wtcat-apo_b-src-wtcat-py159-apo/seed-525287_sample-0,model.cif,B,SRC-WT,Active (BLAminus),C-lobe Donor,A,NA,NA,NA,2.58,11,Intact,No Ligand,In,Packed,DFGin,BLAminus,NTin,CTin,58.71,78.16,17.04,NA,NA,6.79,15.27,2.83,NA,NA,NA,NA,3.09,7.73,7.26,10.07,4.04,8.45,3.94,3.78,3.33,3.56,0.81,0.85,10.88,9.91,10.39,a-csk-wtcat-apo_b-src-wtcat-py159-apo,"csk-wtcat-apo
src-wtcat-py159-apo",apo,"csk-wtcat-apo
src-wtcat-py159-apo",FALSE,TRUE,Apo,"csk-wtcat-apo
src-wtcat-py159-apo","csk-wtcat-apo
src-wtcat-py159-apo
[SRC = Apo]","csk-wtcat-apo
src-wtcat-py159-apo
[SRC = Apo]",State 5,Active (BLAminus),In,Intact,DFGin
a-csk-wtcat-apo_b-src-wtcat-py159-apo_seed-525287_sample-1_model,a-csk-wtcat-apo_b-src-wtcat-py159-apo/seed-525287_sample-1,model.cif,B,SRC-WT,Active (BLAminus),C-lobe Donor,A,NA,NA,NA,2.58,11.52,Intact,No Ligand,In,Packed,DFGin,BLAminus,NTin,CTin,57.05,70.16,16.76,NA,NA,6.82,15.28,2.87,NA,NA,NA,NA,3.09,7.72,7.15,10.06,4.1,8.48,3.75,3.46,3.28,3.55,0.81,0.85,11.03,10.61,10.82,a-csk-wtcat-apo_b-src-wtcat-py159-apo,"csk-wtcat-apo
src-wtcat-py159-apo",apo,"csk-wtcat-apo
src-wtcat-py159-apo",FALSE,TRUE,Apo,"csk-wtcat-apo
src-wtcat-py159-apo","csk-wtcat-apo
src-wtcat-py159-apo
[SRC = Apo]","csk-wtcat-apo
src-wtcat-py159-apo
[SRC = Apo]",State 3,Active (BLAminus),In,Intact,DFGin
a-csk-wtcat-apo_b-src-wtcat-py159-apo_seed-525287_sample-2_model,a-csk-wtcat-apo_b-src-wtcat-py159-apo/seed-525287_sample-2,model.cif,B,SRC-WT,Active (BLAminus),C-lobe Donor,A,NA,NA,NA,2.61,10.56,Intact,No Ligand,In,Packed,DFGin,BLAminus,NTin,CTin,59.95,76.05,17.35,NA,NA,6.82,15.37,2.78,NA,NA,NA,NA,3.07,7.62,7.34,10,4,8.45,3.94,3.79,3.25,3.46,0.8,0.84,11.46,10.82,11.14,a-csk-wtcat-apo_b-src-wtcat-py159-apo,"csk-wtcat-apo
src-wtcat-py159-apo",apo,"csk-wtcat-apo
src-wtcat-py159-apo",FALSE,TRUE,Apo,"csk-wtcat-apo
src-wtcat-py159-apo","csk-wtcat-apo
src-wtcat-py159-apo
[SRC = Apo]","csk-wtcat-apo
src-wtcat-py159-apo
[SRC = Apo]",State 5,Active (BLAminus),In,Intact,DFGin
a-csk-wtcat-apo_b-src-wtcat-py159-apo_seed-525287_sample-3_model,a-csk-wtcat-apo_b-src-wtcat-py159-apo/seed-525287_sample-3,model.cif,B,SRC-WT,Active (BLAminus),C-lobe Donor,A,NA,NA,NA,2.63,11.93,Intact,No Ligand,In,Packed,DFGin,BLAminus,NTin,CTin,61.55,71.23,17.73,NA,NA,6.81,15.54,3.16,NA,NA,NA,NA,3.08,7.76,7.21,10,4.05,8.47,3.77,3.68,3.2,3.47,0.84,0.86,10.31,9.35,9.83,a-csk-wtcat-apo_b-src-wtcat-py159-apo,"csk-wtcat-apo
src-wtcat-py159-apo",apo,"csk-wtcat-apo
src-wtcat-py159-apo",FALSE,TRUE,Apo,"csk-wtcat-apo
src-wtcat-py159-apo","csk-wtcat-apo
src-wtcat-py159-apo
[SRC = Apo]","csk-wtcat-apo
src-wtcat-py159-apo
[SRC = Apo]",State 5,Active (BLAminus),In,Intact,DFGin
a-csk-wtcat-apo_b-src-wtcat-py159-apo_seed-525287_sample-4_model,a-csk-wtcat-apo_b-src-wtcat-py159-apo/seed-525287_sample-4,model.cif,B,SRC-WT,Active (BLAminus),C-lobe Donor,A,NA,NA,NA,2.63,9.95,Intact,No Ligand,In,Packed,DFGin,BLAminus,NTin,CTin,56.29,72.41,16.58,NA,NA,6.86,15.08,2.64,NA,NA,NA,NA,3.12,7.76,7.3,10.07,4,8.53,3.95,3.74,3.29,3.47,0.81,0.85,11.25,10.57,10.91,a-csk-wtcat-apo_b-src-wtcat-py159-apo,"csk-wtcat-apo
src-wtcat-py159-apo",apo,"csk-wtcat-apo
src-wtcat-py159-apo",FALSE,TRUE,Apo,"csk-wtcat-apo
src-wtcat-py159-apo","csk-wtcat-apo
src-wtcat-py159-apo
[SRC = Apo]","csk-wtcat-apo
src-wtcat-py159-apo
[SRC = Apo]",State 5,Active (BLAminus),In,Intact,DFGin
a-csk-wtcat-apo_b-src-wtcat-py159-apo_seed-584504_sample-0_model,a-csk-wtcat-apo_b-src-wtcat-py159-apo/seed-584504_sample-0,model.cif,B,SRC-WT,Active (BLAminus),C-lobe Donor,A,NA,NA,NA,2.6,11.08,Intact,No Ligand,In,Packed,DFGin,BLAminus,NTin,CTin,58.02,77.32,16.7,NA,NA,6.8,15.25,2.86,NA,NA,NA,NA,3.14,7.75,7.25,10.03,4.02,8.55,3.92,3.7,3.53,3.47,0.81,0.85,11.13,10.22,10.68,a-csk-wtcat-apo_b-src-wtcat-py159-apo,"csk-wtcat-apo
src-wtcat-py159-apo",apo,"csk-wtcat-apo
src-wtcat-py159-apo",FALSE,TRUE,Apo,"csk-wtcat-apo
src-wtcat-py159-apo","csk-wtcat-apo
src-wtcat-py159-apo
[SRC = Apo]","csk-wtcat-apo
src-wtcat-py159-apo
[SRC = Apo]",State 5,Active (BLAminus),In,Intact,DFGin
a-csk-wtcat-apo_b-src-wtcat-py159-apo_seed-584504_sample-1_model,a-csk-wtcat-apo_b-src-wtcat-py159-apo/seed-584504_sample-1,model.cif,B,SRC-WT,Active (BLAminus),C-lobe Donor,A,NA,NA,NA,2.64,10.43,Intact,No Ligand,In,Packed,DFGin,BLAminus,NTin,CTin,60.79,77.57,17.63,NA,NA,6.71,15.03,3,NA,NA,NA,NA,3.11,7.64,7.29,10.03,4.01,8.55,3.88,3.72,3.25,3.45,0.82,0.86,10.48,9.99,10.23,a-csk-wtcat-apo_b-src-wtcat-py159-apo,"csk-wtcat-apo
src-wtcat-py159-apo",apo,"csk-wtcat-apo
src-wtcat-py159-apo",FALSE,TRUE,Apo,"csk-wtcat-apo
src-wtcat-py159-apo","csk-wtcat-apo
src-wtcat-py159-apo
[SRC = Apo]","csk-wtcat-apo
src-wtcat-py159-apo
[SRC = Apo]",State 5,Active (BLAminus),In,Intact,DFGin
a-csk-wtcat-apo_b-src-wtcat-py159-apo_seed-584504_sample-2_model,a-csk-wtcat-apo_b-src-wtcat-py159-apo/seed-584504_sample-2,model.cif,B,SRC-WT,Active (BLAminus),C-lobe Donor,A,NA,NA,NA,2.61,10.16,Intact,No Ligand,In,Packed,DFGin,BLAminus,NTin,CTin,59.18,74.63,17.46,NA,NA,6.79,15.35,2.85,NA,NA,NA,NA,3.07,7.7,7.34,9.99,4.08,8.45,3.99,3.53,3.21,3.45,0.85,0.87,9.9,8.68,9.29,a-csk-wtcat-apo_b-src-wtcat-py159-apo,"csk-wtcat-apo
src-wtcat-py159-apo",apo,"csk-wtcat-apo
src-wtcat-py159-apo",FALSE,TRUE,Apo,"csk-wtcat-apo
src-wtcat-py159-apo","csk-wtcat-apo
src-wtcat-py159-apo
[SRC = Apo]","csk-wtcat-apo
src-wtcat-py159-apo
[SRC = Apo]",State 3,Active (BLAminus),In,Intact,DFGin
a-csk-wtcat-apo_b-src-wtcat-py159-apo_seed-584504_sample-3_model,a-csk-wtcat-apo_b-src-wtcat-py159-apo/seed-584504_sample-3,model.cif,B,SRC-WT,Active (BLAminus),C-lobe Donor,A,NA,NA,NA,2.61,11.96,Intact,No Ligand,In,Packed,DFGin,BLAminus,NTin,CTin,58.92,81.33,17.9,NA,NA,6.72,15.04,2.81,NA,NA,NA,NA,3.14,7.75,7.26,10.03,4.02,8.49,3.98,3.75,3.45,3.51,0.86,0.87,9.92,8.73,9.32,a-csk-wtcat-apo_b-src-wtcat-py159-apo,"csk-wtcat-apo
src-wtcat-py159-apo",apo,"csk-wtcat-apo
src-wtcat-py159-apo",FALSE,TRUE,Apo,"csk-wtcat-apo
src-wtcat-py159-apo","csk-wtcat-apo
src-wtcat-py159-apo
[SRC = Apo]","csk-wtcat-apo
src-wtcat-py159-apo
[SRC = Apo]",State 5,Active (BLAminus),In,Intact,DFGin
a-csk-wtcat-apo_b-src-wtcat-py159-apo_seed-584504_sample-4_model,a-csk-wtcat-apo_b-src-wtcat-py159-apo/seed-584504_sample-4,model.cif,B,SRC-WT,Active (BLAminus),C-lobe Donor,A,NA,NA,NA,2.59,10.62,Intact,No Ligand,In,Packed,DFGin,BLAminus,NTin,CTin,58.78,65.98,16.99,NA,NA,6.76,15.16,2.6,NA,NA,NA,NA,3.27,7.71,7.29,9.98,4.1,8.48,3.74,3.5,3.15,3.41,0.84,0.86,10.2,9.17,9.68,a-csk-wtcat-apo_b-src-wtcat-py159-apo,"csk-wtcat-apo
src-wtcat-py159-apo",apo,"csk-wtcat-apo
src-wtcat-py159-apo",FALSE,TRUE,Apo,"csk-wtcat-apo
src-wtcat-py159-apo","csk-wtcat-apo
src-wtcat-py159-apo
[SRC = Apo]","csk-wtcat-apo
src-wtcat-py159-apo
[SRC = Apo]",State 1,Active (BLAminus),In,Intact,DFGin
a-csk-wtcat-apo_b-src-wtcat-py159-apo_seed-629729_sample-0_model,a-csk-wtcat-apo_b-src-wtcat-py159-apo/seed-629729_sample-0,model.cif,B,SRC-WT,Active (BLAminus),C-lobe Donor,A,NA,NA,NA,2.47,10.8,Intact,No Ligand,In,Packed,DFGin,BLAminus,NTin,CTin,55.9,69.04,16.67,NA,NA,6.82,15.12,2.72,NA,NA,NA,NA,3.09,7.68,7.27,10,4.03,8.51,3.9,3.75,3.26,3.43,0.79,0.84,11.44,11.02,11.23,a-csk-wtcat-apo_b-src-wtcat-py159-apo,"csk-wtcat-apo
src-wtcat-py159-apo",apo,"csk-wtcat-apo
src-wtcat-py159-apo",FALSE,TRUE,Apo,"csk-wtcat-apo
src-wtcat-py159-apo","csk-wtcat-apo
src-wtcat-py159-apo
[SRC = Apo]","csk-wtcat-apo
src-wtcat-py159-apo
[SRC = Apo]",State 5,Active (BLAminus),In,Intact,DFGin
a-csk-wtcat-apo_b-src-wtcat-py159-apo_seed-629729_sample-1_model,a-csk-wtcat-apo_b-src-wtcat-py159-apo/seed-629729_sample-1,model.cif,B,SRC-WT,Active (BLAminus),C-lobe Donor,A,NA,NA,NA,2.6,11.5,Intact,No Ligand,In,Packed,DFGin,BLAminus,NTin,CTin,57.42,66.29,17.66,NA,NA,6.87,15.46,2.6,NA,NA,NA,NA,3.09,7.67,7.3,9.95,4.1,8.56,3.78,3.49,3.31,3.43,0.82,0.86,10.59,9.83,10.21,a-csk-wtcat-apo_b-src-wtcat-py159-apo,"csk-wtcat-apo
src-wtcat-py159-apo",apo,"csk-wtcat-apo
src-wtcat-py159-apo",FALSE,TRUE,Apo,"csk-wtcat-apo
src-wtcat-py159-apo","csk-wtcat-apo
src-wtcat-py159-apo
[SRC = Apo]","csk-wtcat-apo
src-wtcat-py159-apo
[SRC = Apo]",State 3,Active (BLAminus),In,Intact,DFGin
a-csk-wtcat-apo_b-src-wtcat-py159-apo_seed-629729_sample-2_model,a-csk-wtcat-apo_b-src-wtcat-py159-apo/seed-629729_sample-2,model.cif,B,SRC-WT,Active (BLAminus),C-lobe Donor,A,NA,NA,NA,2.6,11.16,Intact,No Ligand,In,Packed,DFGin,BLAminus,NTin,CTin,56.94,69.85,17.52,NA,NA,6.9,15.35,2.73,NA,NA,NA,NA,3.1,7.73,7.29,10.04,4.02,8.56,3.88,3.76,3.41,3.47,0.8,0.84,11.33,10.93,11.13,a-csk-wtcat-apo_b-src-wtcat-py159-apo,"csk-wtcat-apo
src-wtcat-py159-apo",apo,"csk-wtcat-apo
src-wtcat-py159-apo",FALSE,TRUE,Apo,"csk-wtcat-apo
src-wtcat-py159-apo","csk-wtcat-apo
src-wtcat-py159-apo
[SRC = Apo]","csk-wtcat-apo
src-wtcat-py159-apo
[SRC = Apo]",State 5,Active (BLAminus),In,Intact,DFGin
a-csk-wtcat-apo_b-src-wtcat-py159-apo_seed-629729_sample-3_model,a-csk-wtcat-apo_b-src-wtcat-py159-apo/seed-629729_sample-3,model.cif,B,SRC-WT,Active (BLAminus),C-lobe Donor,A,NA,NA,NA,2.6,10.16,Intact,No Ligand,In,Packed,DFGin,BLAminus,NTin,CTin,55.91,72.55,16.21,NA,NA,6.82,15.35,2.86,NA,NA,NA,NA,3.13,7.74,7.2,9.96,3.98,8.52,3.82,3.72,3.45,3.46,0.82,0.85,10.84,10,10.42,a-csk-wtcat-apo_b-src-wtcat-py159-apo,"csk-wtcat-apo
src-wtcat-py159-apo",apo,"csk-wtcat-apo
src-wtcat-py159-apo",FALSE,TRUE,Apo,"csk-wtcat-apo
src-wtcat-py159-apo","csk-wtcat-apo
src-wtcat-py159-apo
[SRC = Apo]","csk-wtcat-apo
src-wtcat-py159-apo
[SRC = Apo]",State 5,Active (BLAminus),In,Intact,DFGin
a-csk-wtcat-apo_b-src-wtcat-py159-apo_seed-629729_sample-4_model,a-csk-wtcat-apo_b-src-wtcat-py159-apo/seed-629729_sample-4,model.cif,B,SRC-WT,Active (BLAminus),C-lobe Donor,A,NA,NA,NA,2.53,8.94,Intact,No Ligand,In,Packed,DFGin,BLAminus,NTin,CTin,55.38,72.89,17.3,NA,NA,6.97,15.38,2.73,NA,NA,NA,NA,3.15,7.69,7.25,10.08,4.05,8.6,3.85,3.72,3.51,3.47,0.8,0.84,11.49,11.21,11.35,a-csk-wtcat-apo_b-src-wtcat-py159-apo,"csk-wtcat-apo
src-wtcat-py159-apo",apo,"csk-wtcat-apo
src-wtcat-py159-apo",FALSE,TRUE,Apo,"csk-wtcat-apo
src-wtcat-py159-apo","csk-wtcat-apo
src-wtcat-py159-apo
[SRC = Apo]","csk-wtcat-apo
src-wtcat-py159-apo
[SRC = Apo]",State 5,Active (BLAminus),In,Intact,DFGin
a-csk-wtcat-apo_b-src-wtcat-py159-apo_seed-651329_sample-0_model,a-csk-wtcat-apo_b-src-wtcat-py159-apo/seed-651329_sample-0,model.cif,B,SRC-WT,Active (BLAminus),C-lobe Donor,A,NA,NA,NA,2.64,11.78,Intact,No Ligand,In,Packed,DFGin,BLAminus,NTin,CTin,57.77,77.52,15.15,NA,NA,6.77,15.05,2.91,NA,NA,NA,NA,3.09,7.75,7.22,10.02,3.99,8.58,3.94,3.76,3.66,3.49,0.86,0.87,9.7,9.11,9.4,a-csk-wtcat-apo_b-src-wtcat-py159-apo,"csk-wtcat-apo
src-wtcat-py159-apo",apo,"csk-wtcat-apo
src-wtcat-py159-apo",FALSE,TRUE,Apo,"csk-wtcat-apo
src-wtcat-py159-apo","csk-wtcat-apo
src-wtcat-py159-apo
[SRC = Apo]","csk-wtcat-apo
src-wtcat-py159-apo
[SRC = Apo]",State 5,Active (BLAminus),In,Intact,DFGin
a-csk-wtcat-apo_b-src-wtcat-py159-apo_seed-651329_sample-1_model,a-csk-wtcat-apo_b-src-wtcat-py159-apo/seed-651329_sample-1,model.cif,B,SRC-WT,Active (BLAminus),C-lobe Donor,A,NA,NA,NA,2.54,11.12,Intact,No Ligand,In,Packed,DFGin,BLAminus,NTin,CTin,58.92,67.99,16.92,NA,NA,6.71,15.04,2.99,NA,NA,NA,NA,3.07,7.74,7.29,9.96,4.06,8.49,3.76,3.73,3.29,3.4,0.84,0.87,10.21,9.36,9.79,a-csk-wtcat-apo_b-src-wtcat-py159-apo,"csk-wtcat-apo
src-wtcat-py159-apo",apo,"csk-wtcat-apo
src-wtcat-py159-apo",FALSE,TRUE,Apo,"csk-wtcat-apo
src-wtcat-py159-apo","csk-wtcat-apo
src-wtcat-py159-apo
[SRC = Apo]","csk-wtcat-apo
src-wtcat-py159-apo
[SRC = Apo]",State 3,Active (BLAminus),In,Intact,DFGin
a-csk-wtcat-apo_b-src-wtcat-py159-apo_seed-651329_sample-2_model,a-csk-wtcat-apo_b-src-wtcat-py159-apo/seed-651329_sample-2,model.cif,B,SRC-WT,Active (BLAminus),C-lobe Donor,A,NA,NA,NA,2.56,12.17,Intact,No Ligand,In,Packed,DFGin,BLAminus,NTin,CTin,57.97,75.65,16.58,NA,NA,6.85,15.17,2.95,NA,NA,NA,NA,3.17,7.8,7.19,10.05,4,8.52,3.56,3.77,2.98,3.46,0.83,0.86,10.64,9.73,10.19,a-csk-wtcat-apo_b-src-wtcat-py159-apo,"csk-wtcat-apo
src-wtcat-py159-apo",apo,"csk-wtcat-apo
src-wtcat-py159-apo",FALSE,TRUE,Apo,"csk-wtcat-apo
src-wtcat-py159-apo","csk-wtcat-apo
src-wtcat-py159-apo
[SRC = Apo]","csk-wtcat-apo
src-wtcat-py159-apo
[SRC = Apo]",State 3,Active (BLAminus),In,Intact,DFGin
a-csk-wtcat-apo_b-src-wtcat-py159-apo_seed-651329_sample-3_model,a-csk-wtcat-apo_b-src-wtcat-py159-apo/seed-651329_sample-3,model.cif,B,SRC-WT,Active (BLAminus),C-lobe Donor,A,NA,NA,NA,2.64,11.06,Intact,No Ligand,In,Packed,DFGin,BLAminus,NTin,CTin,57.03,72.32,16.54,NA,NA,6.83,15.31,2.86,NA,NA,NA,NA,3.04,7.74,7.25,9.99,3.97,8.55,3.95,3.76,3.28,3.42,0.83,0.86,10.48,9.59,10.04,a-csk-wtcat-apo_b-src-wtcat-py159-apo,"csk-wtcat-apo
src-wtcat-py159-apo",apo,"csk-wtcat-apo
src-wtcat-py159-apo",FALSE,TRUE,Apo,"csk-wtcat-apo
src-wtcat-py159-apo","csk-wtcat-apo
src-wtcat-py159-apo
[SRC = Apo]","csk-wtcat-apo
src-wtcat-py159-apo
[SRC = Apo]",State 5,Active (BLAminus),In,Intact,DFGin
a-csk-wtcat-apo_b-src-wtcat-py159-apo_seed-651329_sample-4_model,a-csk-wtcat-apo_b-src-wtcat-py159-apo/seed-651329_sample-4,model.cif,B,SRC-WT,Active (BLAminus),C-lobe Donor,A,NA,NA,NA,2.57,10.01,Intact,No Ligand,In,Packed,DFGin,BLAminus,NTin,CTin,58.1,78.93,17.23,NA,NA,6.81,15.31,2.71,NA,NA,NA,NA,3.1,7.67,7.25,10.01,3.96,8.48,3.93,3.75,3.4,3.55,0.86,0.88,9.62,8.76,9.19,a-csk-wtcat-apo_b-src-wtcat-py159-apo,"csk-wtcat-apo
src-wtcat-py159-apo",apo,"csk-wtcat-apo
src-wtcat-py159-apo",FALSE,TRUE,Apo,"csk-wtcat-apo
src-wtcat-py159-apo","csk-wtcat-apo
src-wtcat-py159-apo
[SRC = Apo]","csk-wtcat-apo
src-wtcat-py159-apo
[SRC = Apo]",State 5,Active (BLAminus),In,Intact,DFGin
a-csk-wtcat-apo_b-src-wtcat-py159-apo_seed-688357_sample-0_model,a-csk-wtcat-apo_b-src-wtcat-py159-apo/seed-688357_sample-0,model.cif,B,SRC-WT,Active (BLAminus),C-lobe Donor,A,NA,NA,NA,2.53,10.38,Intact,No Ligand,In,Packed,DFGin,BLAminus,NTin,CTin,59.54,74.08,16.75,NA,NA,6.79,15.08,2.73,NA,NA,NA,NA,3.07,7.62,7.25,10.05,4.13,8.45,3.76,3.35,3.28,3.44,0.83,0.86,10.64,9.79,10.21,a-csk-wtcat-apo_b-src-wtcat-py159-apo,"csk-wtcat-apo
src-wtcat-py159-apo",apo,"csk-wtcat-apo
src-wtcat-py159-apo",FALSE,TRUE,Apo,"csk-wtcat-apo
src-wtcat-py159-apo","csk-wtcat-apo
src-wtcat-py159-apo
[SRC = Apo]","csk-wtcat-apo
src-wtcat-py159-apo
[SRC = Apo]",State 1,Active (BLAminus),In,Intact,DFGin
a-csk-wtcat-apo_b-src-wtcat-py159-apo_seed-688357_sample-1_model,a-csk-wtcat-apo_b-src-wtcat-py159-apo/seed-688357_sample-1,model.cif,B,SRC-WT,Active (BLAminus),C-lobe Donor,A,NA,NA,NA,2.62,11.02,Intact,No Ligand,In,Packed,DFGin,BLAminus,NTin,CTin,62.17,65.53,16.91,NA,NA,6.9,15.4,2.91,NA,NA,NA,NA,3.15,7.66,7.3,10.06,3.98,8.58,3.85,3.78,3.43,3.45,0.84,0.86,10.23,9.23,9.73,a-csk-wtcat-apo_b-src-wtcat-py159-apo,"csk-wtcat-apo
src-wtcat-py159-apo",apo,"csk-wtcat-apo
src-wtcat-py159-apo",FALSE,TRUE,Apo,"csk-wtcat-apo
src-wtcat-py159-apo","csk-wtcat-apo
src-wtcat-py159-apo
[SRC = Apo]","csk-wtcat-apo
src-wtcat-py159-apo
[SRC = Apo]",State 5,Active (BLAminus),In,Intact,DFGin
a-csk-wtcat-apo_b-src-wtcat-py159-apo_seed-688357_sample-2_model,a-csk-wtcat-apo_b-src-wtcat-py159-apo/seed-688357_sample-2,model.cif,B,SRC-WT,Active (BLAminus),C-lobe Donor,A,NA,NA,NA,2.64,11.43,Intact,No Ligand,In,Packed,DFGin,BLAminus,NTin,CTin,57.59,70.91,17.41,NA,NA,6.88,15.29,2.72,NA,NA,NA,NA,3.11,7.76,7.25,10,4.03,8.52,3.89,3.72,3.33,3.44,0.8,0.84,11.53,10.49,11.01,a-csk-wtcat-apo_b-src-wtcat-py159-apo,"csk-wtcat-apo
src-wtcat-py159-apo",apo,"csk-wtcat-apo
src-wtcat-py159-apo",FALSE,TRUE,Apo,"csk-wtcat-apo
src-wtcat-py159-apo","csk-wtcat-apo
src-wtcat-py159-apo
[SRC = Apo]","csk-wtcat-apo
src-wtcat-py159-apo
[SRC = Apo]",State 5,Active (BLAminus),In,Intact,DFGin
a-csk-wtcat-apo_b-src-wtcat-py159-apo_seed-688357_sample-3_model,a-csk-wtcat-apo_b-src-wtcat-py159-apo/seed-688357_sample-3,model.cif,B,SRC-WT,Active (BLAminus),C-lobe Donor,A,NA,NA,NA,2.64,8.45,Intact,No Ligand,In,Packed,DFGin,BLAminus,NTin,CTin,59.22,74.4,17.22,NA,NA,6.85,15.37,3.01,NA,NA,NA,NA,3.12,7.66,7.28,10.07,4.05,8.52,3.91,3.67,3.55,3.46,0.82,0.85,10.7,10,10.35,a-csk-wtcat-apo_b-src-wtcat-py159-apo,"csk-wtcat-apo
src-wtcat-py159-apo",apo,"csk-wtcat-apo
src-wtcat-py159-apo",FALSE,TRUE,Apo,"csk-wtcat-apo
src-wtcat-py159-apo","csk-wtcat-apo
src-wtcat-py159-apo
[SRC = Apo]","csk-wtcat-apo
src-wtcat-py159-apo
[SRC = Apo]",State 5,Active (BLAminus),In,Intact,DFGin
a-csk-wtcat-apo_b-src-wtcat-py159-apo_seed-688357_sample-4_model,a-csk-wtcat-apo_b-src-wtcat-py159-apo/seed-688357_sample-4,model.cif,B,SRC-WT,Active (BLAminus),C-lobe Donor,A,NA,NA,NA,2.65,12.06,Intact,No Ligand,In,Packed,DFGin,BLAminus,NTin,CTin,59.65,77.48,16.36,NA,NA,6.8,15.08,2.86,NA,NA,NA,NA,3.04,7.71,7.22,10.01,4.01,8.47,3.79,3.65,3.52,3.5,0.85,0.87,9.85,8.86,9.36,a-csk-wtcat-apo_b-src-wtcat-py159-apo,"csk-wtcat-apo
src-wtcat-py159-apo",apo,"csk-wtcat-apo
src-wtcat-py159-apo",FALSE,TRUE,Apo,"csk-wtcat-apo
src-wtcat-py159-apo","csk-wtcat-apo
src-wtcat-py159-apo
[SRC = Apo]","csk-wtcat-apo
src-wtcat-py159-apo
[SRC = Apo]",State 5,Active (BLAminus),In,Intact,DFGin
a-csk-wtcat-apo_b-src-wtcat-py159-apo_seed-758461_sample-0_model,a-csk-wtcat-apo_b-src-wtcat-py159-apo/seed-758461_sample-0,model.cif,B,SRC-WT,Active (BLAminus),C-lobe Donor,A,NA,NA,NA,2.63,10.93,Intact,No Ligand,In,Packed,DFGin,BLAminus,NTin,CTin,55.88,74.42,17.06,NA,NA,6.66,15,3.01,NA,NA,NA,NA,3.05,7.7,7.29,9.94,3.98,8.49,4.01,3.73,3.25,3.46,0.85,0.87,10.22,8.97,9.6,a-csk-wtcat-apo_b-src-wtcat-py159-apo,"csk-wtcat-apo
src-wtcat-py159-apo",apo,"csk-wtcat-apo
src-wtcat-py159-apo",FALSE,TRUE,Apo,"csk-wtcat-apo
src-wtcat-py159-apo","csk-wtcat-apo
src-wtcat-py159-apo
[SRC = Apo]","csk-wtcat-apo
src-wtcat-py159-apo
[SRC = Apo]",State 5,Active (BLAminus),In,Intact,DFGin
a-csk-wtcat-apo_b-src-wtcat-py159-apo_seed-758461_sample-1_model,a-csk-wtcat-apo_b-src-wtcat-py159-apo/seed-758461_sample-1,model.cif,B,SRC-WT,Active (BLAminus),C-lobe Donor,A,NA,NA,NA,2.74,11.03,Intact,No Ligand,In,Packed,DFGin,BLAminus,NTin,CTin,58.21,77.46,17.22,NA,NA,6.76,15.27,3.11,NA,NA,NA,NA,3.07,7.79,7.25,10,3.98,8.57,3.99,3.77,3.32,3.57,0.84,0.86,10.24,9.25,9.75,a-csk-wtcat-apo_b-src-wtcat-py159-apo,"csk-wtcat-apo
src-wtcat-py159-apo",apo,"csk-wtcat-apo
src-wtcat-py159-apo",FALSE,TRUE,Apo,"csk-wtcat-apo
src-wtcat-py159-apo","csk-wtcat-apo
src-wtcat-py159-apo
[SRC = Apo]","csk-wtcat-apo
src-wtcat-py159-apo
[SRC = Apo]",State 5,Active (BLAminus),In,Intact,DFGin
a-csk-wtcat-apo_b-src-wtcat-py159-apo_seed-758461_sample-2_model,a-csk-wtcat-apo_b-src-wtcat-py159-apo/seed-758461_sample-2,model.cif,B,SRC-WT,Active (BLAminus),C-lobe Donor,A,NA,NA,NA,2.64,12.87,Intact,No Ligand,In,Packed,DFGin,BLAminus,NTin,CTin,58.21,77.11,17.78,NA,NA,6.73,15.41,2.79,NA,NA,NA,NA,3.05,7.69,7.27,10,4,8.46,3.94,3.72,3.21,3.47,0.81,0.84,11.33,10.56,10.95,a-csk-wtcat-apo_b-src-wtcat-py159-apo,"csk-wtcat-apo
src-wtcat-py159-apo",apo,"csk-wtcat-apo
src-wtcat-py159-apo",FALSE,TRUE,Apo,"csk-wtcat-apo
src-wtcat-py159-apo","csk-wtcat-apo
src-wtcat-py159-apo
[SRC = Apo]","csk-wtcat-apo
src-wtcat-py159-apo
[SRC = Apo]",State 5,Active (BLAminus),In,Intact,DFGin
a-csk-wtcat-apo_b-src-wtcat-py159-apo_seed-758461_sample-3_model,a-csk-wtcat-apo_b-src-wtcat-py159-apo/seed-758461_sample-3,model.cif,B,SRC-WT,Active (BLAminus),C-lobe Donor,A,NA,NA,NA,2.59,9.95,Intact,No Ligand,In,Packed,DFGin,BLAminus,NTin,CTin,57.71,72.11,17.17,NA,NA,6.93,15.48,2.68,NA,NA,NA,NA,3.06,7.72,7.28,10.03,4.02,8.48,3.9,3.7,3.22,3.48,0.82,0.85,10.81,9.95,10.38,a-csk-wtcat-apo_b-src-wtcat-py159-apo,"csk-wtcat-apo
src-wtcat-py159-apo",apo,"csk-wtcat-apo
src-wtcat-py159-apo",FALSE,TRUE,Apo,"csk-wtcat-apo
src-wtcat-py159-apo","csk-wtcat-apo
src-wtcat-py159-apo
[SRC = Apo]","csk-wtcat-apo
src-wtcat-py159-apo
[SRC = Apo]",State 5,Active (BLAminus),In,Intact,DFGin
a-csk-wtcat-apo_b-src-wtcat-py159-apo_seed-758461_sample-4_model,a-csk-wtcat-apo_b-src-wtcat-py159-apo/seed-758461_sample-4,model.cif,B,SRC-WT,Active (BLAminus),C-lobe Donor,A,NA,NA,NA,2.59,10.81,Intact,No Ligand,In,Packed,DFGin,BLAminus,NTin,CTin,58.89,75.86,17.87,NA,NA,6.77,15.27,2.7,NA,NA,NA,NA,3.02,7.7,7.29,10.02,4.01,8.57,3.9,3.83,3.21,3.48,0.81,0.84,11.38,10.7,11.04,a-csk-wtcat-apo_b-src-wtcat-py159-apo,"csk-wtcat-apo
src-wtcat-py159-apo",apo,"csk-wtcat-apo
src-wtcat-py159-apo",FALSE,TRUE,Apo,"csk-wtcat-apo
src-wtcat-py159-apo","csk-wtcat-apo
src-wtcat-py159-apo
[SRC = Apo]","csk-wtcat-apo
src-wtcat-py159-apo
[SRC = Apo]",State 5,Active (BLAminus),In,Intact,DFGin
a-csk-wtcat-apo_b-src-wtcat-py159-apo_seed-774080_sample-0_model,a-csk-wtcat-apo_b-src-wtcat-py159-apo/seed-774080_sample-0,model.cif,B,SRC-WT,Active (BLAminus),C-lobe Donor,A,NA,NA,NA,2.57,10.29,Intact,No Ligand,In,Packed,DFGin,BLAminus,NTin,CTin,56.92,73.81,17.55,NA,NA,6.9,15.61,3.32,NA,NA,NA,NA,3.12,7.76,7.2,10.02,3.97,8.54,3.87,3.74,3.6,3.51,0.82,0.85,11.03,9.95,10.49,a-csk-wtcat-apo_b-src-wtcat-py159-apo,"csk-wtcat-apo
src-wtcat-py159-apo",apo,"csk-wtcat-apo
src-wtcat-py159-apo",FALSE,TRUE,Apo,"csk-wtcat-apo
src-wtcat-py159-apo","csk-wtcat-apo
src-wtcat-py159-apo
[SRC = Apo]","csk-wtcat-apo
src-wtcat-py159-apo
[SRC = Apo]",State 5,Active (BLAminus),In,Intact,DFGin
a-csk-wtcat-apo_b-src-wtcat-py159-apo_seed-774080_sample-1_model,a-csk-wtcat-apo_b-src-wtcat-py159-apo/seed-774080_sample-1,model.cif,B,SRC-WT,Active (BLAminus),C-lobe Donor,A,NA,NA,NA,2.62,9.37,Intact,No Ligand,In,Packed,DFGin,BLAminus,NTin,CTin,62.16,59.75,16.55,NA,NA,6.84,15.01,2.76,NA,NA,NA,NA,3.05,7.68,7.26,9.97,4.13,8.49,3.73,3.37,3.09,3.45,0.8,0.84,11.29,11.13,11.21,a-csk-wtcat-apo_b-src-wtcat-py159-apo,"csk-wtcat-apo
src-wtcat-py159-apo",apo,"csk-wtcat-apo
src-wtcat-py159-apo",FALSE,TRUE,Apo,"csk-wtcat-apo
src-wtcat-py159-apo","csk-wtcat-apo
src-wtcat-py159-apo
[SRC = Apo]","csk-wtcat-apo
src-wtcat-py159-apo
[SRC = Apo]",State 1,Active (BLAminus),In,Intact,DFGin
a-csk-wtcat-apo_b-src-wtcat-py159-apo_seed-774080_sample-2_model,a-csk-wtcat-apo_b-src-wtcat-py159-apo/seed-774080_sample-2,model.cif,B,SRC-WT,Active (BLAminus),C-lobe Donor,A,NA,NA,NA,2.59,10.73,Intact,No Ligand,In,Packed,DFGin,BLAminus,NTin,CTin,59.59,74.63,16.69,NA,NA,6.78,15.06,2.68,NA,NA,NA,NA,3.07,7.77,7.21,9.98,4.12,8.58,3.97,3.42,3.25,3.46,0.84,0.86,10.06,9.4,9.73,a-csk-wtcat-apo_b-src-wtcat-py159-apo,"csk-wtcat-apo
src-wtcat-py159-apo",apo,"csk-wtcat-apo
src-wtcat-py159-apo",FALSE,TRUE,Apo,"csk-wtcat-apo
src-wtcat-py159-apo","csk-wtcat-apo
src-wtcat-py159-apo
[SRC = Apo]","csk-wtcat-apo
src-wtcat-py159-apo
[SRC = Apo]",State 3,Active (BLAminus),In,Intact,DFGin
a-csk-wtcat-apo_b-src-wtcat-py159-apo_seed-774080_sample-3_model,a-csk-wtcat-apo_b-src-wtcat-py159-apo/seed-774080_sample-3,model.cif,B,SRC-WT,Active (BLAminus),C-lobe Donor,A,NA,NA,NA,2.61,10.41,Intact,No Ligand,In,Packed,DFGin,BLAminus,NTin,CTin,60.49,70.93,16.89,NA,NA,6.62,14.8,2.75,NA,NA,NA,NA,3.1,7.72,7.24,9.98,4.1,8.54,3.89,3.37,3.28,3.44,0.84,0.87,9.98,9.22,9.6,a-csk-wtcat-apo_b-src-wtcat-py159-apo,"csk-wtcat-apo
src-wtcat-py159-apo",apo,"csk-wtcat-apo
src-wtcat-py159-apo",FALSE,TRUE,Apo,"csk-wtcat-apo
src-wtcat-py159-apo","csk-wtcat-apo
src-wtcat-py159-apo
[SRC = Apo]","csk-wtcat-apo
src-wtcat-py159-apo
[SRC = Apo]",State 3,Active (BLAminus),In,Intact,DFGin
a-csk-wtcat-apo_b-src-wtcat-py159-apo_seed-774080_sample-4_model,a-csk-wtcat-apo_b-src-wtcat-py159-apo/seed-774080_sample-4,model.cif,B,SRC-WT,Active (BLAminus),C-lobe Donor,A,NA,NA,NA,2.63,10.03,Intact,No Ligand,In,Packed,DFGin,BLAminus,NTin,CTin,58.69,76.6,16.67,NA,NA,6.85,15.31,3.01,NA,NA,NA,NA,3.17,7.76,7.29,10.02,4,8.57,4.05,3.78,3.24,3.56,0.84,0.87,9.9,9.35,9.62,a-csk-wtcat-apo_b-src-wtcat-py159-apo,"csk-wtcat-apo
src-wtcat-py159-apo",apo,"csk-wtcat-apo
src-wtcat-py159-apo",FALSE,TRUE,Apo,"csk-wtcat-apo
src-wtcat-py159-apo","csk-wtcat-apo
src-wtcat-py159-apo
[SRC = Apo]","csk-wtcat-apo
src-wtcat-py159-apo
[SRC = Apo]",State 5,Active (BLAminus),In,Intact,DFGin
a-csk-wtcat-apo_b-src-wtcat-py159-apo_seed-802083_sample-0_model,a-csk-wtcat-apo_b-src-wtcat-py159-apo/seed-802083_sample-0,model.cif,B,SRC-WT,Active (BLAminus),C-lobe Donor,A,NA,NA,NA,2.64,11.18,Intact,No Ligand,In,Packed,DFGin,BLAminus,NTin,CTin,58.43,77.5,16.67,NA,NA,6.83,15.21,2.88,NA,NA,NA,NA,3.15,7.75,7.28,10.05,3.98,8.5,4.01,3.79,3.47,3.48,0.8,0.84,11.57,11.22,11.39,a-csk-wtcat-apo_b-src-wtcat-py159-apo,"csk-wtcat-apo
src-wtcat-py159-apo",apo,"csk-wtcat-apo
src-wtcat-py159-apo",FALSE,TRUE,Apo,"csk-wtcat-apo
src-wtcat-py159-apo","csk-wtcat-apo
src-wtcat-py159-apo
[SRC = Apo]","csk-wtcat-apo
src-wtcat-py159-apo
[SRC = Apo]",State 5,Active (BLAminus),In,Intact,DFGin
a-csk-wtcat-apo_b-src-wtcat-py159-apo_seed-802083_sample-1_model,a-csk-wtcat-apo_b-src-wtcat-py159-apo/seed-802083_sample-1,model.cif,B,SRC-WT,Active (BLAminus),C-lobe Donor,A,NA,NA,NA,2.58,11.79,Intact,No Ligand,In,Packed,DFGin,BLAminus,NTin,CTin,58.51,70.3,17.89,NA,NA,6.78,15.32,2.71,NA,NA,NA,NA,3.17,7.73,7.28,9.94,4.12,8.56,3.71,3.35,3.24,3.53,0.81,0.85,11.4,10.95,11.18,a-csk-wtcat-apo_b-src-wtcat-py159-apo,"csk-wtcat-apo
src-wtcat-py159-apo",apo,"csk-wtcat-apo
src-wtcat-py159-apo",FALSE,TRUE,Apo,"csk-wtcat-apo
src-wtcat-py159-apo","csk-wtcat-apo
src-wtcat-py159-apo
[SRC = Apo]","csk-wtcat-apo
src-wtcat-py159-apo
[SRC = Apo]",State 3,Active (BLAminus),In,Intact,DFGin
a-csk-wtcat-apo_b-src-wtcat-py159-apo_seed-802083_sample-2_model,a-csk-wtcat-apo_b-src-wtcat-py159-apo/seed-802083_sample-2,model.cif,B,SRC-WT,Active (BLAminus),C-lobe Donor,A,NA,NA,NA,2.5,11.82,Intact,No Ligand,In,Packed,DFGin,BLAminus,NTin,CTin,58.93,78.85,17.71,NA,NA,6.68,15.11,2.8,NA,NA,NA,NA,3.07,7.7,7.28,9.99,4,8.59,3.87,3.75,3.24,3.52,0.84,0.86,10.47,9.6,10.04,a-csk-wtcat-apo_b-src-wtcat-py159-apo,"csk-wtcat-apo
src-wtcat-py159-apo",apo,"csk-wtcat-apo
src-wtcat-py159-apo",FALSE,TRUE,Apo,"csk-wtcat-apo
src-wtcat-py159-apo","csk-wtcat-apo
src-wtcat-py159-apo
[SRC = Apo]","csk-wtcat-apo
src-wtcat-py159-apo
[SRC = Apo]",State 5,Active (BLAminus),In,Intact,DFGin
a-csk-wtcat-apo_b-src-wtcat-py159-apo_seed-802083_sample-3_model,a-csk-wtcat-apo_b-src-wtcat-py159-apo/seed-802083_sample-3,model.cif,B,SRC-WT,Active (BLAminus),C-lobe Donor,A,NA,NA,NA,2.63,13.01,Intact,No Ligand,In,Packed,DFGin,BLAminus,NTin,CTin,58.28,77.81,16.64,NA,NA,6.69,14.99,2.84,NA,NA,NA,NA,3.05,7.71,7.31,10.04,4.02,8.52,4,3.74,3.45,3.46,0.8,0.84,11.4,11.38,11.39,a-csk-wtcat-apo_b-src-wtcat-py159-apo,"csk-wtcat-apo
src-wtcat-py159-apo",apo,"csk-wtcat-apo
src-wtcat-py159-apo",FALSE,TRUE,Apo,"csk-wtcat-apo
src-wtcat-py159-apo","csk-wtcat-apo
src-wtcat-py159-apo
[SRC = Apo]","csk-wtcat-apo
src-wtcat-py159-apo
[SRC = Apo]",State 5,Active (BLAminus),In,Intact,DFGin
a-csk-wtcat-apo_b-src-wtcat-py159-apo_seed-802083_sample-4_model,a-csk-wtcat-apo_b-src-wtcat-py159-apo/seed-802083_sample-4,model.cif,B,SRC-WT,Active (BLAminus),C-lobe Donor,A,NA,NA,NA,2.55,9.69,Intact,No Ligand,In,Packed,DFGin,BLAminus,NTin,CTin,58.05,75.54,17.69,NA,NA,6.79,15.44,2.96,NA,NA,NA,NA,3.13,7.63,7.23,9.98,4.05,8.57,3.85,3.69,3.41,3.44,0.77,0.82,12.49,12.29,12.39,a-csk-wtcat-apo_b-src-wtcat-py159-apo,"csk-wtcat-apo
src-wtcat-py159-apo",apo,"csk-wtcat-apo
src-wtcat-py159-apo",FALSE,TRUE,Apo,"csk-wtcat-apo
src-wtcat-py159-apo","csk-wtcat-apo
src-wtcat-py159-apo
[SRC = Apo]","csk-wtcat-apo
src-wtcat-py159-apo
[SRC = Apo]",State 5,Active (BLAminus),In,Intact,DFGin
a-csk-wtcat-apo_b-src-wtcat-py159-apo_seed-88848_sample-0_model,a-csk-wtcat-apo_b-src-wtcat-py159-apo/seed-88848_sample-0,model.cif,B,SRC-WT,Active (BLAminus),C-lobe Donor,A,NA,NA,NA,2.63,10.18,Intact,No Ligand,In,Packed,DFGin,BLAminus,NTin,CTin,58.16,79.26,16.95,NA,NA,6.78,15.07,2.68,NA,NA,NA,NA,3.08,7.67,7.24,10.01,3.98,8.57,3.8,3.69,3.08,3.46,0.82,0.86,10.57,9.7,10.13,a-csk-wtcat-apo_b-src-wtcat-py159-apo,"csk-wtcat-apo
src-wtcat-py159-apo",apo,"csk-wtcat-apo
src-wtcat-py159-apo",FALSE,TRUE,Apo,"csk-wtcat-apo
src-wtcat-py159-apo","csk-wtcat-apo
src-wtcat-py159-apo
[SRC = Apo]","csk-wtcat-apo
src-wtcat-py159-apo
[SRC = Apo]",State 5,Active (BLAminus),In,Intact,DFGin
a-csk-wtcat-apo_b-src-wtcat-py159-apo_seed-88848_sample-1_model,a-csk-wtcat-apo_b-src-wtcat-py159-apo/seed-88848_sample-1,model.cif,B,SRC-WT,Active (BLAminus),C-lobe Donor,A,NA,NA,NA,2.69,10.99,Intact,No Ligand,In,Packed,DFGin,BLAminus,NTin,CTin,53.7,74.9,17.13,NA,NA,6.87,15.33,3.19,NA,NA,NA,NA,3.04,7.75,7.29,10.07,4.04,8.51,3.93,3.72,3.32,3.49,0.85,0.87,9.94,8.98,9.46,a-csk-wtcat-apo_b-src-wtcat-py159-apo,"csk-wtcat-apo
src-wtcat-py159-apo",apo,"csk-wtcat-apo
src-wtcat-py159-apo",FALSE,TRUE,Apo,"csk-wtcat-apo
src-wtcat-py159-apo","csk-wtcat-apo
src-wtcat-py159-apo
[SRC = Apo]","csk-wtcat-apo
src-wtcat-py159-apo
[SRC = Apo]",State 5,Active (BLAminus),In,Intact,DFGin
a-csk-wtcat-apo_b-src-wtcat-py159-apo_seed-88848_sample-2_model,a-csk-wtcat-apo_b-src-wtcat-py159-apo/seed-88848_sample-2,model.cif,B,SRC-WT,Active (BLAminus),C-lobe Donor,A,NA,NA,NA,2.57,10.4,Intact,No Ligand,In,Packed,DFGin,BLAminus,NTin,CTin,56.38,74.31,17.19,NA,NA,6.85,15.12,2.65,NA,NA,NA,NA,3.09,7.76,7.29,10.04,4.01,8.46,3.93,3.68,3.24,3.49,0.8,0.85,11.19,10.41,10.8,a-csk-wtcat-apo_b-src-wtcat-py159-apo,"csk-wtcat-apo
src-wtcat-py159-apo",apo,"csk-wtcat-apo
src-wtcat-py159-apo",FALSE,TRUE,Apo,"csk-wtcat-apo
src-wtcat-py159-apo","csk-wtcat-apo
src-wtcat-py159-apo
[SRC = Apo]","csk-wtcat-apo
src-wtcat-py159-apo
[SRC = Apo]",State 5,Active (BLAminus),In,Intact,DFGin
a-csk-wtcat-apo_b-src-wtcat-py159-apo_seed-88848_sample-3_model,a-csk-wtcat-apo_b-src-wtcat-py159-apo/seed-88848_sample-3,model.cif,B,SRC-WT,Active (BLAminus),C-lobe Donor,A,NA,NA,NA,2.66,11.4,Intact,No Ligand,In,Packed,DFGin,BLAminus,NTin,CTin,55.92,71.49,17.06,NA,NA,6.72,15.28,2.87,NA,NA,NA,NA,3.16,7.81,7.18,9.99,3.97,8.5,3.78,3.78,2.87,3.48,0.85,0.87,10.16,8.63,9.39,a-csk-wtcat-apo_b-src-wtcat-py159-apo,"csk-wtcat-apo
src-wtcat-py159-apo",apo,"csk-wtcat-apo
src-wtcat-py159-apo",FALSE,TRUE,Apo,"csk-wtcat-apo
src-wtcat-py159-apo","csk-wtcat-apo
src-wtcat-py159-apo
[SRC = Apo]","csk-wtcat-apo
src-wtcat-py159-apo
[SRC = Apo]",State 5,Active (BLAminus),In,Intact,DFGin
a-csk-wtcat-apo_b-src-wtcat-py159-apo_seed-88848_sample-4_model,a-csk-wtcat-apo_b-src-wtcat-py159-apo/seed-88848_sample-4,model.cif,B,SRC-WT,Active (BLAminus),C-lobe Donor,A,NA,NA,NA,2.65,11.76,Intact,No Ligand,In,Packed,DFGin,BLAminus,NTin,CTin,58.53,78.34,16.87,NA,NA,6.75,15.05,2.71,NA,NA,NA,NA,3.06,7.75,7.28,10.05,4,8.51,3.95,3.69,3.37,3.46,0.83,0.86,10.65,9.61,10.13,a-csk-wtcat-apo_b-src-wtcat-py159-apo,"csk-wtcat-apo
src-wtcat-py159-apo",apo,"csk-wtcat-apo
src-wtcat-py159-apo",FALSE,TRUE,Apo,"csk-wtcat-apo
src-wtcat-py159-apo","csk-wtcat-apo
src-wtcat-py159-apo
[SRC = Apo]","csk-wtcat-apo
src-wtcat-py159-apo
[SRC = Apo]",State 5,Active (BLAminus),In,Intact,DFGin
a-csk-wtcat-apo_b-src-wtcat-py159-apo_seed-892837_sample-0_model,a-csk-wtcat-apo_b-src-wtcat-py159-apo/seed-892837_sample-0,model.cif,B,SRC-WT,Active (BLAminus),C-lobe Donor,A,NA,NA,NA,2.58,11.36,Intact,No Ligand,In,Packed,DFGin,BLAminus,NTin,CTin,57.44,71.7,17.18,NA,NA,6.79,15.39,3.21,NA,NA,NA,NA,3.13,7.64,7.28,10.01,3.99,8.49,3.85,3.77,3.39,3.45,0.84,0.86,10.36,9.45,9.9,a-csk-wtcat-apo_b-src-wtcat-py159-apo,"csk-wtcat-apo
src-wtcat-py159-apo",apo,"csk-wtcat-apo
src-wtcat-py159-apo",FALSE,TRUE,Apo,"csk-wtcat-apo
src-wtcat-py159-apo","csk-wtcat-apo
src-wtcat-py159-apo
[SRC = Apo]","csk-wtcat-apo
src-wtcat-py159-apo
[SRC = Apo]",State 5,Active (BLAminus),In,Intact,DFGin
a-csk-wtcat-apo_b-src-wtcat-py159-apo_seed-892837_sample-1_model,a-csk-wtcat-apo_b-src-wtcat-py159-apo/seed-892837_sample-1,model.cif,B,SRC-WT,Active (BLAminus),C-lobe Donor,A,NA,NA,NA,2.56,10.47,Intact,No Ligand,In,Packed,DFGin,BLAminus,NTin,CTin,59.13,75.35,17.41,NA,NA,6.79,15.14,2.9,NA,NA,NA,NA,3.16,7.69,7.32,10.01,4.01,8.5,4.05,3.81,3.29,3.49,0.84,0.86,10.33,9.35,9.84,a-csk-wtcat-apo_b-src-wtcat-py159-apo,"csk-wtcat-apo
src-wtcat-py159-apo",apo,"csk-wtcat-apo
src-wtcat-py159-apo",FALSE,TRUE,Apo,"csk-wtcat-apo
src-wtcat-py159-apo","csk-wtcat-apo
src-wtcat-py159-apo
[SRC = Apo]","csk-wtcat-apo
src-wtcat-py159-apo
[SRC = Apo]",State 5,Active (BLAminus),In,Intact,DFGin
a-csk-wtcat-apo_b-src-wtcat-py159-apo_seed-892837_sample-2_model,a-csk-wtcat-apo_b-src-wtcat-py159-apo/seed-892837_sample-2,model.cif,B,SRC-WT,Active (BLAminus),C-lobe Donor,A,NA,NA,NA,2.51,9.15,Intact,No Ligand,In,Packed,DFGin,BLAminus,NTin,CTin,56.78,57.97,15.26,NA,NA,6.77,14.76,3,NA,NA,NA,NA,3.12,7.75,7.26,9.95,4.1,8.47,3.73,3.4,3.17,3.45,0.8,0.84,11.41,10.85,11.13,a-csk-wtcat-apo_b-src-wtcat-py159-apo,"csk-wtcat-apo
src-wtcat-py159-apo",apo,"csk-wtcat-apo
src-wtcat-py159-apo",FALSE,TRUE,Apo,"csk-wtcat-apo
src-wtcat-py159-apo","csk-wtcat-apo
src-wtcat-py159-apo
[SRC = Apo]","csk-wtcat-apo
src-wtcat-py159-apo
[SRC = Apo]",State 1,Active (BLAminus),In,Intact,DFGin
a-csk-wtcat-apo_b-src-wtcat-py159-apo_seed-892837_sample-3_model,a-csk-wtcat-apo_b-src-wtcat-py159-apo/seed-892837_sample-3,model.cif,B,SRC-WT,Active (BLAminus),C-lobe Donor,A,NA,NA,NA,2.6,10.46,Intact,No Ligand,In,Packed,DFGin,BLAminus,NTin,CTin,59.66,76.19,16.62,NA,NA,6.77,15.01,2.79,NA,NA,NA,NA,3.05,7.8,7.26,10.01,4,8.56,3.96,3.65,3.48,3.44,0.85,0.87,10.02,9.19,9.61,a-csk-wtcat-apo_b-src-wtcat-py159-apo,"csk-wtcat-apo
src-wtcat-py159-apo",apo,"csk-wtcat-apo
src-wtcat-py159-apo",FALSE,TRUE,Apo,"csk-wtcat-apo
src-wtcat-py159-apo","csk-wtcat-apo
src-wtcat-py159-apo
[SRC = Apo]","csk-wtcat-apo
src-wtcat-py159-apo
[SRC = Apo]",State 5,Active (BLAminus),In,Intact,DFGin
a-csk-wtcat-apo_b-src-wtcat-py159-apo_seed-892837_sample-4_model,a-csk-wtcat-apo_b-src-wtcat-py159-apo/seed-892837_sample-4,model.cif,B,SRC-WT,Active (BLAminus),C-lobe Donor,A,NA,NA,NA,2.67,10.07,Intact,No Ligand,In,Packed,DFGin,BLAminus,NTin,CTin,58.92,79.8,17.97,NA,NA,6.63,15.07,2.72,NA,NA,NA,NA,3.1,7.67,7.28,10.01,3.99,8.46,3.88,3.74,3.34,3.47,0.84,0.87,10.35,9.2,9.77,a-csk-wtcat-apo_b-src-wtcat-py159-apo,"csk-wtcat-apo
src-wtcat-py159-apo",apo,"csk-wtcat-apo
src-wtcat-py159-apo",FALSE,TRUE,Apo,"csk-wtcat-apo
src-wtcat-py159-apo","csk-wtcat-apo
src-wtcat-py159-apo
[SRC = Apo]","csk-wtcat-apo
src-wtcat-py159-apo
[SRC = Apo]",State 5,Active (BLAminus),In,Intact,DFGin
a-csk-wtcat-apo_b-src-wtcat-py159-holo_seed-1060455_sample-0_model,a-csk-wtcat-apo_b-src-wtcat-py159-holo/seed-1060455_sample-0,model.cif,B,SRC-WT,Active (BLAminus),C-lobe Donor,A,NA,NA,NA,2.76,12.31,Intact,No Ligand,In,Packed,DFGin,BLAminus,NTin,CTin,58.79,75.84,16.88,NA,NA,6.78,15.16,2.83,NA,NA,NA,NA,3.15,7.75,7.33,9.98,3.97,8.47,3.95,3.81,3.3,3.49,0.83,0.86,9.7,9.22,9.46,a-csk-wtcat-apo_b-src-wtcat-py159-holo,"csk-wtcat-holo
src-wtcat-py159-apo",apo,"csk-wtcat-holo
src-wtcat-py159-apo",TRUE,TRUE,Apo,"csk-wtcat-holo
src-wtcat-py159-apo","csk-wtcat-holo
src-wtcat-py159-apo
[SRC = Apo]","csk-wtcat-holo
src-wtcat-py159-apo
[SRC = Apo]",State 5,Active (BLAminus),In,Intact,DFGin
a-csk-wtcat-apo_b-src-wtcat-py159-holo_seed-1060455_sample-1_model,a-csk-wtcat-apo_b-src-wtcat-py159-holo/seed-1060455_sample-1,model.cif,B,SRC-WT,Active (BLAminus),C-lobe Donor,A,NA,NA,NA,2.65,8.95,Intact,No Ligand,In,Packed,DFGin,BLAminus,NTin,CTin,59.33,74.37,17.44,NA,NA,6.83,15.26,2.78,NA,NA,NA,NA,3.15,7.81,7.23,9.98,3.99,8.58,3.61,3.73,2.93,3.48,0.82,0.86,10.27,9.63,9.95,a-csk-wtcat-apo_b-src-wtcat-py159-holo,"csk-wtcat-holo
src-wtcat-py159-apo",apo,"csk-wtcat-holo
src-wtcat-py159-apo",TRUE,TRUE,Apo,"csk-wtcat-holo
src-wtcat-py159-apo","csk-wtcat-holo
src-wtcat-py159-apo
[SRC = Apo]","csk-wtcat-holo
src-wtcat-py159-apo
[SRC = Apo]",State 3,Active (BLAminus),In,Intact,DFGin
a-csk-wtcat-apo_b-src-wtcat-py159-holo_seed-1060455_sample-2_model,a-csk-wtcat-apo_b-src-wtcat-py159-holo/seed-1060455_sample-2,model.cif,B,SRC-WT,Active (BLAminus),C-lobe Donor,A,NA,NA,NA,2.64,12.26,Intact,No Ligand,In,Packed,DFGin,BLAminus,NTin,CTin,59.64,76.92,17.35,NA,NA,6.72,15.18,2.69,NA,NA,NA,NA,3.17,7.83,7.25,9.98,4.08,8.56,3.89,3.71,3.53,3.48,0.83,0.87,9.45,9.06,9.25,a-csk-wtcat-apo_b-src-wtcat-py159-holo,"csk-wtcat-holo
src-wtcat-py159-apo",apo,"csk-wtcat-holo
src-wtcat-py159-apo",TRUE,TRUE,Apo,"csk-wtcat-holo
src-wtcat-py159-apo","csk-wtcat-holo
src-wtcat-py159-apo
[SRC = Apo]","csk-wtcat-holo
src-wtcat-py159-apo
[SRC = Apo]",State 5,Active (BLAminus),In,Intact,DFGin
a-csk-wtcat-apo_b-src-wtcat-py159-holo_seed-1060455_sample-3_model,a-csk-wtcat-apo_b-src-wtcat-py159-holo/seed-1060455_sample-3,model.cif,B,SRC-WT,Active (BLAminus),C-lobe Donor,A,NA,NA,NA,2.59,12.25,Intact,No Ligand,In,Packed,DFGin,BLAminus,NTin,CTin,56.69,71.27,16.95,NA,NA,6.72,15.19,2.85,NA,NA,NA,NA,3.06,7.78,7.24,9.96,4.02,8.47,3.94,3.7,3.46,3.47,0.83,0.87,9.72,9.15,9.44,a-csk-wtcat-apo_b-src-wtcat-py159-holo,"csk-wtcat-holo
src-wtcat-py159-apo",apo,"csk-wtcat-holo
src-wtcat-py159-apo",TRUE,TRUE,Apo,"csk-wtcat-holo
src-wtcat-py159-apo","csk-wtcat-holo
src-wtcat-py159-apo
[SRC = Apo]","csk-wtcat-holo
src-wtcat-py159-apo
[SRC = Apo]",State 5,Active (BLAminus),In,Intact,DFGin
a-csk-wtcat-apo_b-src-wtcat-py159-holo_seed-1060455_sample-4_model,a-csk-wtcat-apo_b-src-wtcat-py159-holo/seed-1060455_sample-4,model.cif,B,SRC-WT,Active (BLAminus),C-lobe Donor,A,NA,NA,NA,2.52,11.91,Intact,Intact,In,Packed,DFGin,BLAminus,NTin,CTin,57.96,75.5,15.5,11.49,130.48,6.78,14.87,2.62,5.02,2.07,2.61,3.48,3.05,4,7.09,10.01,4.14,8.57,3.94,3.45,3.43,3.48,0.82,0.85,10.09,9.62,9.86,a-csk-wtcat-apo_b-src-wtcat-py159-holo,"csk-wtcat-apo
src-wtcat-py159-holo",holo,"csk-wtcat-apo
src-wtcat-py159-holo",FALSE,FALSE,Holo,"csk-wtcat-apo
src-wtcat-py159-holo","csk-wtcat-apo
src-wtcat-py159-holo
[SRC = Holo]","csk-wtcat-apo
src-wtcat-py159-holo
[SRC = Holo]",State 7,Active (BLAminus),In,Intact,DFGin
a-csk-wtcat-apo_b-src-wtcat-py159-holo_seed-1103141_sample-0_model,a-csk-wtcat-apo_b-src-wtcat-py159-holo/seed-1103141_sample-0,model.cif,B,SRC-WT,Active (BLAminus),C-lobe Donor,A,NA,NA,NA,2.62,11.55,Intact,No Ligand,In,Packed,DFGin,BLAminus,NTin,CTin,59.46,66.8,16.91,NA,NA,6.9,15.41,2.94,NA,NA,NA,NA,3.13,7.79,7.29,9.95,4.17,8.55,3.71,3.4,3.59,3.49,0.83,0.87,9.53,9.64,9.59,a-csk-wtcat-apo_b-src-wtcat-py159-holo,"csk-wtcat-holo
src-wtcat-py159-apo",apo,"csk-wtcat-holo
src-wtcat-py159-apo",TRUE,TRUE,Apo,"csk-wtcat-holo
src-wtcat-py159-apo","csk-wtcat-holo
src-wtcat-py159-apo
[SRC = Apo]","csk-wtcat-holo
src-wtcat-py159-apo
[SRC = Apo]",State 3,Active (BLAminus),In,Intact,DFGin
a-csk-wtcat-apo_b-src-wtcat-py159-holo_seed-1103141_sample-1_model,a-csk-wtcat-apo_b-src-wtcat-py159-holo/seed-1103141_sample-1,model.cif,B,SRC-WT,Active (BLAminus),C-lobe Donor,A,NA,NA,NA,2.7,11.48,Intact,Intact,In,Packed,DFGin,BLAminus,NTin,CTin,60.57,72.43,16.29,12.01,142.68,6.77,15.16,2.78,5.64,2.08,3.29,3.75,3.12,3.93,7.31,10.02,3.97,8.54,4.02,3.8,3.32,3.49,0.81,0.86,9.75,9.66,9.71,a-csk-wtcat-apo_b-src-wtcat-py159-holo,"csk-wtcat-apo
src-wtcat-py159-holo",holo,"csk-wtcat-apo
src-wtcat-py159-holo",FALSE,FALSE,Holo,"csk-wtcat-apo
src-wtcat-py159-holo","csk-wtcat-apo
src-wtcat-py159-holo
[SRC = Holo]","csk-wtcat-apo
src-wtcat-py159-holo
[SRC = Holo]",State 5,Active (BLAminus),In,Intact,DFGin
a-csk-wtcat-apo_b-src-wtcat-py159-holo_seed-1103141_sample-2_model,a-csk-wtcat-apo_b-src-wtcat-py159-holo/seed-1103141_sample-2,model.cif,B,SRC-WT,Active (BLAminus),C-lobe Donor,A,NA,NA,NA,2.67,11.8,Intact,No Ligand,In,Packed,DFGin,BLAminus,NTin,CTin,59.14,74.27,16.67,NA,NA,6.84,15.21,2.77,NA,NA,NA,NA,3.07,7.77,7.27,10.09,4.01,8.6,3.84,3.74,3.53,3.48,0.81,0.85,10.26,10.6,10.43,a-csk-wtcat-apo_b-src-wtcat-py159-holo,"csk-wtcat-holo
src-wtcat-py159-apo",apo,"csk-wtcat-holo
src-wtcat-py159-apo",TRUE,TRUE,Apo,"csk-wtcat-holo
src-wtcat-py159-apo","csk-wtcat-holo
src-wtcat-py159-apo
[SRC = Apo]","csk-wtcat-holo
src-wtcat-py159-apo
[SRC = Apo]",State 5,Active (BLAminus),In,Intact,DFGin
a-csk-wtcat-apo_b-src-wtcat-py159-holo_seed-1103141_sample-3_model,a-csk-wtcat-apo_b-src-wtcat-py159-holo/seed-1103141_sample-3,model.cif,B,SRC-WT,Active (BLAminus),C-lobe Donor,A,NA,NA,NA,2.53,10.86,Intact,No Ligand,In,Packed,DFGin,BLAminus,NTin,CTin,59.84,74.59,16.05,NA,NA,6.81,15.18,2.77,NA,NA,NA,NA,3.12,7.79,7.36,10.02,4.01,8.55,4.05,3.79,3.27,3.46,0.82,0.86,9.84,10.53,10.18,a-csk-wtcat-apo_b-src-wtcat-py159-holo,"csk-wtcat-holo
src-wtcat-py159-apo",apo,"csk-wtcat-holo
src-wtcat-py159-apo",TRUE,TRUE,Apo,"csk-wtcat-holo
src-wtcat-py159-apo","csk-wtcat-holo
src-wtcat-py159-apo
[SRC = Apo]","csk-wtcat-holo
src-wtcat-py159-apo
[SRC = Apo]",State 5,Active (BLAminus),In,Intact,DFGin
a-csk-wtcat-apo_b-src-wtcat-py159-holo_seed-1103141_sample-4_model,a-csk-wtcat-apo_b-src-wtcat-py159-holo/seed-1103141_sample-4,model.cif,B,SRC-WT,Active (BLAminus),C-lobe Donor,A,NA,NA,NA,2.67,10.77,Intact,No Ligand,In,Packed,DFGin,BLAminus,NTin,CTin,59.23,76.76,17.32,NA,NA,6.8,15.36,2.71,NA,NA,NA,NA,3.1,7.78,7.31,10,4.01,8.56,3.98,3.77,3.41,3.49,0.83,0.86,9.8,9.87,9.84,a-csk-wtcat-apo_b-src-wtcat-py159-holo,"csk-wtcat-holo
src-wtcat-py159-apo",apo,"csk-wtcat-holo
src-wtcat-py159-apo",TRUE,TRUE,Apo,"csk-wtcat-holo
src-wtcat-py159-apo","csk-wtcat-holo
src-wtcat-py159-apo
[SRC = Apo]","csk-wtcat-holo
src-wtcat-py159-apo
[SRC = Apo]",State 5,Active (BLAminus),In,Intact,DFGin
a-csk-wtcat-apo_b-src-wtcat-py159-holo_seed-1169050_sample-0_model,a-csk-wtcat-apo_b-src-wtcat-py159-holo/seed-1169050_sample-0,model.cif,B,SRC-WT,Active (BLAminus),C-lobe Donor,A,NA,NA,NA,2.56,12.11,Intact,No Ligand,In,Packed,DFGin,BLAminus,NTin,CTin,59.06,75.48,16.81,NA,NA,6.72,15.04,2.71,NA,NA,NA,NA,3.11,7.76,7.32,9.99,4.01,8.49,3.91,3.79,3.36,3.55,0.82,0.86,9.92,9.74,9.83,a-csk-wtcat-apo_b-src-wtcat-py159-holo,"csk-wtcat-holo
src-wtcat-py159-apo",apo,"csk-wtcat-holo
src-wtcat-py159-apo",TRUE,TRUE,Apo,"csk-wtcat-holo
src-wtcat-py159-apo","csk-wtcat-holo
src-wtcat-py159-apo
[SRC = Apo]","csk-wtcat-holo
src-wtcat-py159-apo
[SRC = Apo]",State 5,Active (BLAminus),In,Intact,DFGin
a-csk-wtcat-apo_b-src-wtcat-py159-holo_seed-1169050_sample-1_model,a-csk-wtcat-apo_b-src-wtcat-py159-holo/seed-1169050_sample-1,model.cif,B,SRC-WT,Active (BLAminus),C-lobe Donor,A,NA,NA,NA,2.78,11.55,Intact,No Ligand,In,Packed,DFGin,BLAminus,NTin,CTin,59,76.34,16.93,NA,NA,6.85,15.34,2.78,NA,NA,NA,NA,3.05,7.83,7.25,10.04,4.04,8.55,3.91,3.75,3.49,3.49,0.83,0.86,9.61,9.49,9.55,a-csk-wtcat-apo_b-src-wtcat-py159-holo,"csk-wtcat-holo
src-wtcat-py159-apo",apo,"csk-wtcat-holo
src-wtcat-py159-apo",TRUE,TRUE,Apo,"csk-wtcat-holo
src-wtcat-py159-apo","csk-wtcat-holo
src-wtcat-py159-apo
[SRC = Apo]","csk-wtcat-holo
src-wtcat-py159-apo
[SRC = Apo]",State 5,Active (BLAminus),In,Intact,DFGin
a-csk-wtcat-apo_b-src-wtcat-py159-holo_seed-1169050_sample-2_model,a-csk-wtcat-apo_b-src-wtcat-py159-holo/seed-1169050_sample-2,model.cif,B,SRC-WT,Active (BLAminus),C-lobe Donor,A,NA,NA,NA,2.7,12.01,Intact,No Ligand,In,Packed,DFGin,BLAminus,NTin,CTin,60.13,75.7,16.51,NA,NA,6.85,15.22,2.79,NA,NA,NA,NA,3.1,7.74,7.27,10.03,4.02,8.53,3.83,3.73,3.39,3.46,0.83,0.87,9.36,9.35,9.36,a-csk-wtcat-apo_b-src-wtcat-py159-holo,"csk-wtcat-holo
src-wtcat-py159-apo",apo,"csk-wtcat-holo
src-wtcat-py159-apo",TRUE,TRUE,Apo,"csk-wtcat-holo
src-wtcat-py159-apo","csk-wtcat-holo
src-wtcat-py159-apo
[SRC = Apo]","csk-wtcat-holo
src-wtcat-py159-apo
[SRC = Apo]",State 5,Active (BLAminus),In,Intact,DFGin
a-csk-wtcat-apo_b-src-wtcat-py159-holo_seed-1169050_sample-3_model,a-csk-wtcat-apo_b-src-wtcat-py159-holo/seed-1169050_sample-3,model.cif,B,SRC-WT,Active (BLAminus),C-lobe Donor,A,NA,NA,NA,2.73,10.76,Intact,No Ligand,In,Packed,DFGin,BLAminus,NTin,CTin,59.89,75.17,16.35,NA,NA,6.67,15.06,2.77,NA,NA,NA,NA,3.06,7.75,7.3,10.05,4.04,8.53,3.97,3.81,3.37,3.48,0.82,0.86,10.16,9.71,9.94,a-csk-wtcat-apo_b-src-wtcat-py159-holo,"csk-wtcat-holo
src-wtcat-py159-apo",apo,"csk-wtcat-holo
src-wtcat-py159-apo",TRUE,TRUE,Apo,"csk-wtcat-holo
src-wtcat-py159-apo","csk-wtcat-holo
src-wtcat-py159-apo
[SRC = Apo]","csk-wtcat-holo
src-wtcat-py159-apo
[SRC = Apo]",State 5,Active (BLAminus),In,Intact,DFGin
a-csk-wtcat-apo_b-src-wtcat-py159-holo_seed-1169050_sample-4_model,a-csk-wtcat-apo_b-src-wtcat-py159-holo/seed-1169050_sample-4,model.cif,B,SRC-WT,Active (BLAminus),C-lobe Donor,A,NA,NA,NA,2.59,11.24,Intact,No Ligand,In,Packed,DFGin,BLAminus,NTin,CTin,56.02,71.02,17.48,NA,NA,6.88,15.58,2.78,NA,NA,NA,NA,3.09,7.71,7.24,10.03,4.05,8.49,3.79,3.76,3.32,3.47,0.83,0.86,9.57,9.17,9.37,a-csk-wtcat-apo_b-src-wtcat-py159-holo,"csk-wtcat-holo
src-wtcat-py159-apo",apo,"csk-wtcat-holo
src-wtcat-py159-apo",TRUE,TRUE,Apo,"csk-wtcat-holo
src-wtcat-py159-apo","csk-wtcat-holo
src-wtcat-py159-apo
[SRC = Apo]","csk-wtcat-holo
src-wtcat-py159-apo
[SRC = Apo]",State 5,Active (BLAminus),In,Intact,DFGin
a-csk-wtcat-apo_b-src-wtcat-py159-holo_seed-1381938_sample-0_model,a-csk-wtcat-apo_b-src-wtcat-py159-holo/seed-1381938_sample-0,model.cif,B,SRC-WT,Active (BLAminus),C-lobe Donor,A,NA,NA,NA,2.64,11.47,Intact,No Ligand,In,Packed,DFGin,BLAminus,NTin,CTin,60.6,76.7,16.81,NA,NA,6.72,15.07,2.85,NA,NA,NA,NA,3.08,7.76,7.22,10.06,3.96,8.57,3.86,3.74,3.47,3.6,0.85,0.87,9.47,8.85,9.16,a-csk-wtcat-apo_b-src-wtcat-py159-holo,"csk-wtcat-holo
src-wtcat-py159-apo",apo,"csk-wtcat-holo
src-wtcat-py159-apo",TRUE,TRUE,Apo,"csk-wtcat-holo
src-wtcat-py159-apo","csk-wtcat-holo
src-wtcat-py159-apo
[SRC = Apo]","csk-wtcat-holo
src-wtcat-py159-apo
[SRC = Apo]",State 5,Active (BLAminus),In,Intact,DFGin
a-csk-wtcat-apo_b-src-wtcat-py159-holo_seed-1381938_sample-1_model,a-csk-wtcat-apo_b-src-wtcat-py159-holo/seed-1381938_sample-1,model.cif,B,SRC-WT,Active (BLAminus),C-lobe Donor,A,NA,NA,NA,2.6,11.85,Intact,No Ligand,In,Packed,DFGin,BLAminus,NTin,CTin,59.55,67.76,17.28,NA,NA,6.72,15.2,2.67,NA,NA,NA,NA,3.12,7.78,7.33,9.95,4.14,8.6,3.72,3.43,3.12,3.44,0.85,0.88,9.11,8.6,8.86,a-csk-wtcat-apo_b-src-wtcat-py159-holo,"csk-wtcat-holo
src-wtcat-py159-apo",apo,"csk-wtcat-holo
src-wtcat-py159-apo",TRUE,TRUE,Apo,"csk-wtcat-holo
src-wtcat-py159-apo","csk-wtcat-holo
src-wtcat-py159-apo
[SRC = Apo]","csk-wtcat-holo
src-wtcat-py159-apo
[SRC = Apo]",State 3,Active (BLAminus),In,Intact,DFGin
a-csk-wtcat-apo_b-src-wtcat-py159-holo_seed-1381938_sample-2_model,a-csk-wtcat-apo_b-src-wtcat-py159-holo/seed-1381938_sample-2,model.cif,B,SRC-WT,Active (BLAminus),C-lobe Donor,A,NA,NA,NA,2.73,11.49,Intact,No Ligand,In,Packed,DFGin,BLAminus,NTin,CTin,59.99,74.65,17.68,NA,NA,6.78,15.49,2.9,NA,NA,NA,NA,3.07,7.87,7.25,10.01,4.02,8.49,3.95,3.76,3.44,3.59,0.86,0.89,8.83,8.23,8.53,a-csk-wtcat-apo_b-src-wtcat-py159-holo,"csk-wtcat-holo
src-wtcat-py159-apo",apo,"csk-wtcat-holo
src-wtcat-py159-apo",TRUE,TRUE,Apo,"csk-wtcat-holo
src-wtcat-py159-apo","csk-wtcat-holo
src-wtcat-py159-apo
[SRC = Apo]","csk-wtcat-holo
src-wtcat-py159-apo
[SRC = Apo]",State 5,Active (BLAminus),In,Intact,DFGin
a-csk-wtcat-apo_b-src-wtcat-py159-holo_seed-1381938_sample-3_model,a-csk-wtcat-apo_b-src-wtcat-py159-holo/seed-1381938_sample-3,model.cif,B,SRC-WT,Active (BLAminus),C-lobe Donor,A,NA,NA,NA,2.67,12.38,Intact,No Ligand,In,Packed,DFGin,BLAminus,NTin,CTin,60.09,76.92,15.08,NA,NA,6.75,14.84,3.03,NA,NA,NA,NA,3.02,7.85,7.31,9.98,4.07,8.49,3.87,3.75,3.24,3.47,0.84,0.87,9.42,9.46,9.44,a-csk-wtcat-apo_b-src-wtcat-py159-holo,"csk-wtcat-holo
src-wtcat-py159-apo",apo,"csk-wtcat-holo
src-wtcat-py159-apo",TRUE,TRUE,Apo,"csk-wtcat-holo
src-wtcat-py159-apo","csk-wtcat-holo
src-wtcat-py159-apo
[SRC = Apo]","csk-wtcat-holo
src-wtcat-py159-apo
[SRC = Apo]",State 8,Active (BLAminus),In,Intact,DFGin
a-csk-wtcat-apo_b-src-wtcat-py159-holo_seed-1381938_sample-4_model,a-csk-wtcat-apo_b-src-wtcat-py159-holo/seed-1381938_sample-4,model.cif,B,SRC-WT,Active (BLAminus),C-lobe Donor,A,NA,NA,NA,2.62,11.16,Intact,No Ligand,In,Packed,DFGin,BLAminus,NTin,CTin,57.47,72.76,16.78,NA,NA,6.86,15.37,3.1,NA,NA,NA,NA,3.1,7.78,7.25,10,4,8.46,3.92,3.73,3.34,3.48,0.85,0.88,9.49,8.75,9.12,a-csk-wtcat-apo_b-src-wtcat-py159-holo,"csk-wtcat-holo
src-wtcat-py159-apo",apo,"csk-wtcat-holo
src-wtcat-py159-apo",TRUE,TRUE,Apo,"csk-wtcat-holo
src-wtcat-py159-apo","csk-wtcat-holo
src-wtcat-py159-apo
[SRC = Apo]","csk-wtcat-holo
src-wtcat-py159-apo
[SRC = Apo]",State 5,Active (BLAminus),In,Intact,DFGin
a-csk-wtcat-apo_b-src-wtcat-py159-holo_seed-1397209_sample-0_model,a-csk-wtcat-apo_b-src-wtcat-py159-holo/seed-1397209_sample-0,model.cif,B,SRC-WT,Active (BLAminus),C-lobe Donor,A,NA,NA,NA,2.68,11.45,Intact,No Ligand,In,Packed,DFGin,BLAminus,NTin,CTin,58.37,75.09,17.24,NA,NA,6.79,15.46,2.85,NA,NA,NA,NA,3.09,7.66,7.28,9.97,4.04,8.44,3.8,3.74,3.35,3.45,0.82,0.86,9.96,9.7,9.83,a-csk-wtcat-apo_b-src-wtcat-py159-holo,"csk-wtcat-holo
src-wtcat-py159-apo",apo,"csk-wtcat-holo
src-wtcat-py159-apo",TRUE,TRUE,Apo,"csk-wtcat-holo
src-wtcat-py159-apo","csk-wtcat-holo
src-wtcat-py159-apo
[SRC = Apo]","csk-wtcat-holo
src-wtcat-py159-apo
[SRC = Apo]",State 5,Active (BLAminus),In,Intact,DFGin
a-csk-wtcat-apo_b-src-wtcat-py159-holo_seed-1397209_sample-1_model,a-csk-wtcat-apo_b-src-wtcat-py159-holo/seed-1397209_sample-1,model.cif,B,SRC-WT,Active (BLAminus),C-lobe Donor,A,NA,NA,NA,2.54,11.93,Intact,No Ligand,In,Packed,DFGin,BLAminus,NTin,CTin,58.64,74.41,16.93,NA,NA,6.71,15.18,3.04,NA,NA,NA,NA,3.07,7.73,7.28,10.01,4.01,8.47,3.91,3.78,3.42,3.45,0.82,0.86,10.12,9.87,9.99,a-csk-wtcat-apo_b-src-wtcat-py159-holo,"csk-wtcat-holo
src-wtcat-py159-apo",apo,"csk-wtcat-holo
src-wtcat-py159-apo",TRUE,TRUE,Apo,"csk-wtcat-holo
src-wtcat-py159-apo","csk-wtcat-holo
src-wtcat-py159-apo
[SRC = Apo]","csk-wtcat-holo
src-wtcat-py159-apo
[SRC = Apo]",State 5,Active (BLAminus),In,Intact,DFGin
a-csk-wtcat-apo_b-src-wtcat-py159-holo_seed-1397209_sample-2_model,a-csk-wtcat-apo_b-src-wtcat-py159-holo/seed-1397209_sample-2,model.cif,B,SRC-WT,Active (BLAminus),C-lobe Donor,A,NA,NA,NA,2.68,11.35,Intact,No Ligand,In,Packed,DFGin,BLAminus,NTin,CTin,59.18,76.36,16.14,NA,NA,6.79,14.97,2.76,NA,NA,NA,NA,3.08,7.84,7.26,9.98,4.01,8.6,3.99,3.79,3.49,3.44,0.83,0.86,9.67,9.57,9.62,a-csk-wtcat-apo_b-src-wtcat-py159-holo,"csk-wtcat-holo
src-wtcat-py159-apo",apo,"csk-wtcat-holo
src-wtcat-py159-apo",TRUE,TRUE,Apo,"csk-wtcat-holo
src-wtcat-py159-apo","csk-wtcat-holo
src-wtcat-py159-apo
[SRC = Apo]","csk-wtcat-holo
src-wtcat-py159-apo
[SRC = Apo]",State 5,Active (BLAminus),In,Intact,DFGin
a-csk-wtcat-apo_b-src-wtcat-py159-holo_seed-1397209_sample-3_model,a-csk-wtcat-apo_b-src-wtcat-py159-holo/seed-1397209_sample-3,model.cif,B,SRC-WT,Active (BLAminus),C-lobe Donor,A,NA,NA,NA,2.69,11.38,Intact,No Ligand,In,Packed,DFGin,BLAminus,NTin,CTin,56.64,70.08,17.31,NA,NA,6.79,15.54,2.91,NA,NA,NA,NA,3.1,7.71,7.24,9.97,3.98,8.54,3.85,3.72,3.32,3.47,0.84,0.87,9.65,9.03,9.34,a-csk-wtcat-apo_b-src-wtcat-py159-holo,"csk-wtcat-holo
src-wtcat-py159-apo",apo,"csk-wtcat-holo
src-wtcat-py159-apo",TRUE,TRUE,Apo,"csk-wtcat-holo
src-wtcat-py159-apo","csk-wtcat-holo
src-wtcat-py159-apo
[SRC = Apo]","csk-wtcat-holo
src-wtcat-py159-apo
[SRC = Apo]",State 5,Active (BLAminus),In,Intact,DFGin
a-csk-wtcat-apo_b-src-wtcat-py159-holo_seed-1397209_sample-4_model,a-csk-wtcat-apo_b-src-wtcat-py159-holo/seed-1397209_sample-4,model.cif,B,SRC-WT,Active (BLAminus),C-lobe Donor,A,NA,NA,NA,2.65,12.35,Intact,No Ligand,In,Packed,DFGin,BLAminus,NTin,CTin,59.33,76.91,16.57,NA,NA,6.77,15.26,2.65,NA,NA,NA,NA,3.13,7.87,7.17,10,4.07,8.55,3.89,3.62,3.71,3.49,0.82,0.86,10.06,9.83,9.95,a-csk-wtcat-apo_b-src-wtcat-py159-holo,"csk-wtcat-holo
src-wtcat-py159-apo",apo,"csk-wtcat-holo
src-wtcat-py159-apo",TRUE,TRUE,Apo,"csk-wtcat-holo
src-wtcat-py159-apo","csk-wtcat-holo
src-wtcat-py159-apo
[SRC = Apo]","csk-wtcat-holo
src-wtcat-py159-apo
[SRC = Apo]",State 3,Active (BLAminus),In,Intact,DFGin
a-csk-wtcat-apo_b-src-wtcat-py159-holo_seed-1640752_sample-0_model,a-csk-wtcat-apo_b-src-wtcat-py159-holo/seed-1640752_sample-0,model.cif,B,SRC-WT,Active (BLAminus),C-lobe Donor,A,NA,NA,NA,2.57,12.28,Intact,Intact,In,Packed,DFGin,BLAminus,NTin,CTin,59.24,74.32,16.72,12.09,123.92,6.73,15.14,2.71,6.19,2.28,2.6,4.16,3.11,4.05,7.22,9.99,4.02,8.66,3.84,3.68,3.56,3.46,0.82,0.85,10.18,10.04,10.11,a-csk-wtcat-apo_b-src-wtcat-py159-holo,"csk-wtcat-apo
src-wtcat-py159-holo",holo,"csk-wtcat-apo
src-wtcat-py159-holo",FALSE,FALSE,Holo,"csk-wtcat-apo
src-wtcat-py159-holo","csk-wtcat-apo
src-wtcat-py159-holo
[SRC = Holo]","csk-wtcat-apo
src-wtcat-py159-holo
[SRC = Holo]",State 8,Active (BLAminus),In,Intact,DFGin
a-csk-wtcat-apo_b-src-wtcat-py159-holo_seed-1640752_sample-1_model,a-csk-wtcat-apo_b-src-wtcat-py159-holo/seed-1640752_sample-1,model.cif,B,SRC-WT,Active (BLAminus),C-lobe Donor,A,NA,NA,NA,2.64,10.92,Intact,No Ligand,In,Packed,DFGin,BLAminus,NTin,CTin,60.97,73.67,16.95,NA,NA,6.73,15.15,2.66,NA,NA,NA,NA,3.06,7.77,7.29,10.01,4.03,8.64,3.9,3.71,3.49,3.46,0.83,0.87,9.35,9.38,9.37,a-csk-wtcat-apo_b-src-wtcat-py159-holo,"csk-wtcat-holo
src-wtcat-py159-apo",apo,"csk-wtcat-holo
src-wtcat-py159-apo",TRUE,TRUE,Apo,"csk-wtcat-holo
src-wtcat-py159-apo","csk-wtcat-holo
src-wtcat-py159-apo
[SRC = Apo]","csk-wtcat-holo
src-wtcat-py159-apo
[SRC = Apo]",State 5,Active (BLAminus),In,Intact,DFGin
a-csk-wtcat-apo_b-src-wtcat-py159-holo_seed-1640752_sample-2_model,a-csk-wtcat-apo_b-src-wtcat-py159-holo/seed-1640752_sample-2,model.cif,B,SRC-WT,Active (BLAminus),C-lobe Donor,A,NA,NA,NA,2.55,9.92,Intact,Intact,In,Packed,DFGin,BLAminus,NTin,CTin,58.92,61.96,15.9,10.99,127.77,6.58,14.68,2.73,6.58,2.87,2.66,3.3,3.12,4.65,7.31,9.9,4.01,8.49,3.72,3.89,3.19,3.45,0.79,0.84,10.77,10.61,10.69,a-csk-wtcat-apo_b-src-wtcat-py159-holo,"csk-wtcat-apo
src-wtcat-py159-holo",holo,"csk-wtcat-apo
src-wtcat-py159-holo",FALSE,FALSE,Holo,"csk-wtcat-apo
src-wtcat-py159-holo","csk-wtcat-apo
src-wtcat-py159-holo
[SRC = Holo]","csk-wtcat-apo
src-wtcat-py159-holo
[SRC = Holo]",State 4,Active (BLAminus),In,Intact,DFGin
a-csk-wtcat-apo_b-src-wtcat-py159-holo_seed-1640752_sample-3_model,a-csk-wtcat-apo_b-src-wtcat-py159-holo/seed-1640752_sample-3,model.cif,B,SRC-WT,Active (BLAminus),C-lobe Donor,A,NA,NA,NA,2.68,11.4,Intact,No Ligand,In,Packed,DFGin,BLAminus,NTin,CTin,57.19,70.1,17.25,NA,NA,6.84,15.29,2.94,NA,NA,NA,NA,3.07,7.75,7.27,10.04,4.01,8.48,3.68,3.8,2.97,3.53,0.82,0.86,9.76,9.79,9.77,a-csk-wtcat-apo_b-src-wtcat-py159-holo,"csk-wtcat-holo
src-wtcat-py159-apo",apo,"csk-wtcat-holo
src-wtcat-py159-apo",TRUE,TRUE,Apo,"csk-wtcat-holo
src-wtcat-py159-apo","csk-wtcat-holo
src-wtcat-py159-apo
[SRC = Apo]","csk-wtcat-holo
src-wtcat-py159-apo
[SRC = Apo]",State 5,Active (BLAminus),In,Intact,DFGin
a-csk-wtcat-apo_b-src-wtcat-py159-holo_seed-1640752_sample-4_model,a-csk-wtcat-apo_b-src-wtcat-py159-holo/seed-1640752_sample-4,model.cif,B,SRC-WT,Active (BLAminus),C-lobe Donor,A,NA,NA,NA,2.59,10.57,Intact,Intact,In,Packed,DFGin,BLAminus,NTin,CTin,60.11,76.57,15.28,11.04,127.06,6.71,14.75,3.05,5.11,2.03,2.57,3.37,3.02,4.15,7.24,10.01,4.03,8.53,3.93,3.73,3.22,3.5,0.83,0.86,9.7,9.62,9.66,a-csk-wtcat-apo_b-src-wtcat-py159-holo,"csk-wtcat-apo
src-wtcat-py159-holo",holo,"csk-wtcat-apo
src-wtcat-py159-holo",FALSE,FALSE,Holo,"csk-wtcat-apo
src-wtcat-py159-holo","csk-wtcat-apo
src-wtcat-py159-holo
[SRC = Holo]","csk-wtcat-apo
src-wtcat-py159-holo
[SRC = Holo]",State 8,Active (BLAminus),In,Intact,DFGin
a-csk-wtcat-apo_b-src-wtcat-py159-holo_seed-1836205_sample-0_model,a-csk-wtcat-apo_b-src-wtcat-py159-holo/seed-1836205_sample-0,model.cif,B,SRC-WT,Active (BLAminus),C-lobe Donor,A,NA,NA,NA,2.63,11.94,Intact,Intact,In,Packed,DFGin,BLAminus,NTin,CTin,59.15,66.79,16.72,12.43,123.58,6.73,14.86,2.61,6.37,2.41,2.08,3.87,3.22,3.87,7.31,9.88,4.19,8.58,3.7,3.62,3.11,3.44,0.82,0.85,10.22,9.72,9.97,a-csk-wtcat-apo_b-src-wtcat-py159-holo,"csk-wtcat-apo
src-wtcat-py159-holo",holo,"csk-wtcat-apo
src-wtcat-py159-holo",FALSE,FALSE,Holo,"csk-wtcat-apo
src-wtcat-py159-holo","csk-wtcat-apo
src-wtcat-py159-holo
[SRC = Holo]","csk-wtcat-apo
src-wtcat-py159-holo
[SRC = Holo]",State 4,Active (BLAminus),In,Intact,DFGin
a-csk-wtcat-apo_b-src-wtcat-py159-holo_seed-1836205_sample-1_model,a-csk-wtcat-apo_b-src-wtcat-py159-holo/seed-1836205_sample-1,model.cif,B,SRC-WT,Active (BLAminus),C-lobe Donor,A,NA,NA,NA,2.6,11.98,Intact,No Ligand,In,Packed,DFGin,BLAminus,NTin,CTin,56,74.65,16.57,NA,NA,6.86,15.44,2.88,NA,NA,NA,NA,3.13,7.72,7.26,9.99,3.98,8.55,3.81,3.75,3.38,3.46,0.83,0.86,9.77,9.42,9.59,a-csk-wtcat-apo_b-src-wtcat-py159-holo,"csk-wtcat-holo
src-wtcat-py159-apo",apo,"csk-wtcat-holo
src-wtcat-py159-apo",TRUE,TRUE,Apo,"csk-wtcat-holo
src-wtcat-py159-apo","csk-wtcat-holo
src-wtcat-py159-apo
[SRC = Apo]","csk-wtcat-holo
src-wtcat-py159-apo
[SRC = Apo]",State 5,Active (BLAminus),In,Intact,DFGin
a-csk-wtcat-apo_b-src-wtcat-py159-holo_seed-1836205_sample-2_model,a-csk-wtcat-apo_b-src-wtcat-py159-holo/seed-1836205_sample-2,model.cif,B,SRC-WT,Active (BLAminus),C-lobe Donor,A,NA,NA,NA,2.61,11.93,Intact,No Ligand,In,Packed,DFGin,BLAminus,NTin,CTin,60.53,75.5,17.62,NA,NA,6.72,15.4,2.65,NA,NA,NA,NA,3.1,7.81,7.25,9.96,4.04,8.57,3.86,3.74,3.44,3.56,0.84,0.87,9.13,8.93,9.03,a-csk-wtcat-apo_b-src-wtcat-py159-holo,"csk-wtcat-holo
src-wtcat-py159-apo",apo,"csk-wtcat-holo
src-wtcat-py159-apo",TRUE,TRUE,Apo,"csk-wtcat-holo
src-wtcat-py159-apo","csk-wtcat-holo
src-wtcat-py159-apo
[SRC = Apo]","csk-wtcat-holo
src-wtcat-py159-apo
[SRC = Apo]",State 5,Active (BLAminus),In,Intact,DFGin
a-csk-wtcat-apo_b-src-wtcat-py159-holo_seed-1836205_sample-3_model,a-csk-wtcat-apo_b-src-wtcat-py159-holo/seed-1836205_sample-3,model.cif,B,SRC-WT,Active (BLAminus),C-lobe Donor,A,NA,NA,NA,2.65,10.95,Intact,No Ligand,In,Packed,DFGin,BLAminus,NTin,CTin,59.01,74.59,17.62,NA,NA,6.73,15.41,2.78,NA,NA,NA,NA,3.04,7.74,7.27,10,3.99,8.45,3.81,3.73,3.38,3.46,0.84,0.88,8.92,8.63,8.78,a-csk-wtcat-apo_b-src-wtcat-py159-holo,"csk-wtcat-holo
src-wtcat-py159-apo",apo,"csk-wtcat-holo
src-wtcat-py159-apo",TRUE,TRUE,Apo,"csk-wtcat-holo
src-wtcat-py159-apo","csk-wtcat-holo
src-wtcat-py159-apo
[SRC = Apo]","csk-wtcat-holo
src-wtcat-py159-apo
[SRC = Apo]",State 5,Active (BLAminus),In,Intact,DFGin
a-csk-wtcat-apo_b-src-wtcat-py159-holo_seed-1836205_sample-4_model,a-csk-wtcat-apo_b-src-wtcat-py159-holo/seed-1836205_sample-4,model.cif,B,SRC-WT,Active (BLAminus),C-lobe Donor,A,NA,NA,NA,2.54,11.99,Intact,No Ligand,In,Packed,DFGin,BLAminus,NTin,CTin,58.46,77.85,15.57,NA,NA,6.71,14.74,2.77,NA,NA,NA,NA,3.08,7.8,7.26,9.99,4.05,8.57,3.88,3.7,3.32,3.45,0.83,0.86,9.75,9.61,9.68,a-csk-wtcat-apo_b-src-wtcat-py159-holo,"csk-wtcat-holo
src-wtcat-py159-apo",apo,"csk-wtcat-holo
src-wtcat-py159-apo",TRUE,TRUE,Apo,"csk-wtcat-holo
src-wtcat-py159-apo","csk-wtcat-holo
src-wtcat-py159-apo
[SRC = Apo]","csk-wtcat-holo
src-wtcat-py159-apo
[SRC = Apo]",State 3,Active (BLAminus),In,Intact,DFGin
a-csk-wtcat-apo_b-src-wtcat-py159-holo_seed-188626_sample-0_model,a-csk-wtcat-apo_b-src-wtcat-py159-holo/seed-188626_sample-0,model.cif,B,SRC-WT,Active (BLAminus),C-lobe Donor,A,NA,NA,NA,2.67,11.47,Intact,No Ligand,In,Packed,DFGin,BLAminus,NTin,CTin,61.49,70.01,17.14,NA,NA,6.8,15.61,2.77,NA,NA,NA,NA,3.13,7.74,7.23,10,4,8.49,3.76,3.68,3.25,3.49,0.83,0.86,9.76,9.3,9.53,a-csk-wtcat-apo_b-src-wtcat-py159-holo,"csk-wtcat-holo
src-wtcat-py159-apo",apo,"csk-wtcat-holo
src-wtcat-py159-apo",TRUE,TRUE,Apo,"csk-wtcat-holo
src-wtcat-py159-apo","csk-wtcat-holo
src-wtcat-py159-apo
[SRC = Apo]","csk-wtcat-holo
src-wtcat-py159-apo
[SRC = Apo]",State 5,Active (BLAminus),In,Intact,DFGin
a-csk-wtcat-apo_b-src-wtcat-py159-holo_seed-188626_sample-1_model,a-csk-wtcat-apo_b-src-wtcat-py159-holo/seed-188626_sample-1,model.cif,B,SRC-WT,Active (BLAminus),C-lobe Donor,A,NA,NA,NA,2.65,11.57,Intact,No Ligand,In,Packed,DFGin,BLAminus,NTin,CTin,59.16,76.97,16.28,NA,NA,6.79,15.33,2.92,NA,NA,NA,NA,3.13,7.82,7.19,10.04,4.05,8.53,3.82,3.69,3.26,3.5,0.85,0.88,8.69,8.67,8.68,a-csk-wtcat-apo_b-src-wtcat-py159-holo,"csk-wtcat-holo
src-wtcat-py159-apo",apo,"csk-wtcat-holo
src-wtcat-py159-apo",TRUE,TRUE,Apo,"csk-wtcat-holo
src-wtcat-py159-apo","csk-wtcat-holo
src-wtcat-py159-apo
[SRC = Apo]","csk-wtcat-holo
src-wtcat-py159-apo
[SRC = Apo]",State 5,Active (BLAminus),In,Intact,DFGin
a-csk-wtcat-apo_b-src-wtcat-py159-holo_seed-188626_sample-2_model,a-csk-wtcat-apo_b-src-wtcat-py159-holo/seed-188626_sample-2,model.cif,B,SRC-WT,Active (BLAminus),C-lobe Donor,A,NA,NA,NA,2.7,12.03,Intact,No Ligand,In,Packed,DFGin,BLAminus,NTin,CTin,59.96,75.58,16.82,NA,NA,6.65,15.11,2.7,NA,NA,NA,NA,3.1,7.92,7.24,9.98,4.03,8.58,3.98,3.77,3.5,3.51,0.83,0.86,9.98,9.29,9.63,a-csk-wtcat-apo_b-src-wtcat-py159-holo,"csk-wtcat-holo
src-wtcat-py159-apo",apo,"csk-wtcat-holo
src-wtcat-py159-apo",TRUE,TRUE,Apo,"csk-wtcat-holo
src-wtcat-py159-apo","csk-wtcat-holo
src-wtcat-py159-apo
[SRC = Apo]","csk-wtcat-holo
src-wtcat-py159-apo
[SRC = Apo]",State 5,Active (BLAminus),In,Intact,DFGin
a-csk-wtcat-apo_b-src-wtcat-py159-holo_seed-188626_sample-3_model,a-csk-wtcat-apo_b-src-wtcat-py159-holo/seed-188626_sample-3,model.cif,B,SRC-WT,Active (BLAminus),C-lobe Donor,A,NA,NA,NA,2.65,11.14,Intact,No Ligand,In,Packed,DFGin,BLAminus,NTin,CTin,60.49,74.81,16.38,NA,NA,6.73,15.14,2.71,NA,NA,NA,NA,3.04,7.78,7.21,10.01,4.16,8.51,3.83,3.38,3.37,3.55,0.82,0.86,9.83,9.79,9.81,a-csk-wtcat-apo_b-src-wtcat-py159-holo,"csk-wtcat-holo
src-wtcat-py159-apo",apo,"csk-wtcat-holo
src-wtcat-py159-apo",TRUE,TRUE,Apo,"csk-wtcat-holo
src-wtcat-py159-apo","csk-wtcat-holo
src-wtcat-py159-apo
[SRC = Apo]","csk-wtcat-holo
src-wtcat-py159-apo
[SRC = Apo]",State 7,Active (BLAminus),In,Intact,DFGin
a-csk-wtcat-apo_b-src-wtcat-py159-holo_seed-188626_sample-4_model,a-csk-wtcat-apo_b-src-wtcat-py159-holo/seed-188626_sample-4,model.cif,B,SRC-WT,Active (BLAminus),C-lobe Donor,A,NA,NA,NA,2.75,11.35,Intact,Intact,In,Packed,DFGin,BLAminus,NTin,CTin,59.88,76.42,16.4,12.7,135.65,6.73,15.17,2.99,5.2,2.69,2.76,3.21,3.12,3.93,7.16,9.99,4.15,8.51,3.74,3.4,3.7,3.46,0.83,0.86,10.03,9.3,9.66,a-csk-wtcat-apo_b-src-wtcat-py159-holo,"csk-wtcat-apo
src-wtcat-py159-holo",holo,"csk-wtcat-apo
src-wtcat-py159-holo",FALSE,FALSE,Holo,"csk-wtcat-apo
src-wtcat-py159-holo","csk-wtcat-apo
src-wtcat-py159-holo
[SRC = Holo]","csk-wtcat-apo
src-wtcat-py159-holo
[SRC = Holo]",State 7,Active (BLAminus),In,Intact,DFGin
a-csk-wtcat-apo_b-src-wtcat-py159-holo_seed-1912430_sample-0_model,a-csk-wtcat-apo_b-src-wtcat-py159-holo/seed-1912430_sample-0,model.cif,B,SRC-WT,Active (BLAminus),C-lobe Donor,A,NA,NA,NA,2.72,11.61,Intact,No Ligand,In,Packed,DFGin,BLAminus,NTin,CTin,55.85,72.39,17.91,NA,NA,6.84,15.32,2.75,NA,NA,NA,NA,3.08,7.69,7.23,10.06,4.05,8.5,3.86,3.63,3.12,3.55,0.84,0.87,8.85,8.96,8.91,a-csk-wtcat-apo_b-src-wtcat-py159-holo,"csk-wtcat-holo
src-wtcat-py159-apo",apo,"csk-wtcat-holo
src-wtcat-py159-apo",TRUE,TRUE,Apo,"csk-wtcat-holo
src-wtcat-py159-apo","csk-wtcat-holo
src-wtcat-py159-apo
[SRC = Apo]","csk-wtcat-holo
src-wtcat-py159-apo
[SRC = Apo]",State 5,Active (BLAminus),In,Intact,DFGin
a-csk-wtcat-apo_b-src-wtcat-py159-holo_seed-1912430_sample-1_model,a-csk-wtcat-apo_b-src-wtcat-py159-holo/seed-1912430_sample-1,model.cif,B,SRC-WT,Active (BLAminus),C-lobe Donor,A,NA,NA,NA,2.63,10.47,Intact,No Ligand,In,Packed,DFGin,BLAminus,NTin,CTin,59.86,76.5,15.84,NA,NA,6.64,14.84,3,NA,NA,NA,NA,3.2,7.87,7.24,10.03,4.04,8.48,3.74,3.77,2.97,3.49,0.82,0.86,10.13,9.94,10.04,a-csk-wtcat-apo_b-src-wtcat-py159-holo,"csk-wtcat-holo
src-wtcat-py159-apo",apo,"csk-wtcat-holo
src-wtcat-py159-apo",TRUE,TRUE,Apo,"csk-wtcat-holo
src-wtcat-py159-apo","csk-wtcat-holo
src-wtcat-py159-apo
[SRC = Apo]","csk-wtcat-holo
src-wtcat-py159-apo
[SRC = Apo]",State 3,Active (BLAminus),In,Intact,DFGin
a-csk-wtcat-apo_b-src-wtcat-py159-holo_seed-1912430_sample-2_model,a-csk-wtcat-apo_b-src-wtcat-py159-holo/seed-1912430_sample-2,model.cif,B,SRC-WT,Active (BLAminus),C-lobe Donor,A,NA,NA,NA,2.62,12.23,Intact,Intact,In,Packed,DFGin,BLAminus,NTin,CTin,60.13,72.29,15.93,11.61,150.77,6.81,14.97,2.86,6.25,2.2,2.56,3.28,3.06,4.11,7.28,10.04,4.18,8.55,3.88,3.51,3.33,3.48,0.82,0.85,10.27,9.88,10.07,a-csk-wtcat-apo_b-src-wtcat-py159-holo,"csk-wtcat-apo
src-wtcat-py159-holo",holo,"csk-wtcat-apo
src-wtcat-py159-holo",FALSE,FALSE,Holo,"csk-wtcat-apo
src-wtcat-py159-holo","csk-wtcat-apo
src-wtcat-py159-holo
[SRC = Holo]","csk-wtcat-apo
src-wtcat-py159-holo
[SRC = Holo]",State 7,Active (BLAminus),In,Intact,DFGin
a-csk-wtcat-apo_b-src-wtcat-py159-holo_seed-1912430_sample-3_model,a-csk-wtcat-apo_b-src-wtcat-py159-holo/seed-1912430_sample-3,model.cif,B,SRC-WT,Active (BLAminus),C-lobe Donor,A,NA,NA,NA,2.65,12.66,Intact,No Ligand,In,Packed,DFGin,BLAminus,NTin,CTin,59.38,73.91,17.5,NA,NA,6.82,15.33,2.85,NA,NA,NA,NA,3.04,7.8,7.23,10.01,3.99,8.43,3.9,3.67,3.45,3.48,0.81,0.85,10.24,9.85,10.04,a-csk-wtcat-apo_b-src-wtcat-py159-holo,"csk-wtcat-holo
src-wtcat-py159-apo",apo,"csk-wtcat-holo
src-wtcat-py159-apo",TRUE,TRUE,Apo,"csk-wtcat-holo
src-wtcat-py159-apo","csk-wtcat-holo
src-wtcat-py159-apo
[SRC = Apo]","csk-wtcat-holo
src-wtcat-py159-apo
[SRC = Apo]",State 5,Active (BLAminus),In,Intact,DFGin
a-csk-wtcat-apo_b-src-wtcat-py159-holo_seed-1912430_sample-4_model,a-csk-wtcat-apo_b-src-wtcat-py159-holo/seed-1912430_sample-4,model.cif,B,SRC-WT,Active (BLAminus),C-lobe Donor,A,NA,NA,NA,2.62,11.57,Intact,No Ligand,In,Packed,DFGin,BLAminus,NTin,CTin,58.33,76.05,16.78,NA,NA,6.84,15.43,2.85,NA,NA,NA,NA,3.04,7.81,7.27,10.02,4.05,8.55,3.88,3.68,3.32,3.52,0.84,0.87,9.26,9.05,9.16,a-csk-wtcat-apo_b-src-wtcat-py159-holo,"csk-wtcat-holo
src-wtcat-py159-apo",apo,"csk-wtcat-holo
src-wtcat-py159-apo",TRUE,TRUE,Apo,"csk-wtcat-holo
src-wtcat-py159-apo","csk-wtcat-holo
src-wtcat-py159-apo
[SRC = Apo]","csk-wtcat-holo
src-wtcat-py159-apo
[SRC = Apo]",State 5,Active (BLAminus),In,Intact,DFGin
a-csk-wtcat-apo_b-src-wtcat-py159-holo_seed-1922269_sample-0_model,a-csk-wtcat-apo_b-src-wtcat-py159-holo/seed-1922269_sample-0,model.cif,B,SRC-WT,Active (BLAminus),C-lobe Donor,A,NA,NA,NA,2.64,8.36,Intact,No Ligand,In,Packed,DFGin,BLAminus,NTin,CTin,59.59,75.82,16.71,NA,NA,6.74,15.05,2.79,NA,NA,NA,NA,3.08,7.79,7.28,10.01,4.04,8.49,3.79,3.77,3.5,3.45,0.83,0.86,9.69,9.15,9.42,a-csk-wtcat-apo_b-src-wtcat-py159-holo,"csk-wtcat-holo
src-wtcat-py159-apo",apo,"csk-wtcat-holo
src-wtcat-py159-apo",TRUE,TRUE,Apo,"csk-wtcat-holo
src-wtcat-py159-apo","csk-wtcat-holo
src-wtcat-py159-apo
[SRC = Apo]","csk-wtcat-holo
src-wtcat-py159-apo
[SRC = Apo]",State 5,Active (BLAminus),In,Intact,DFGin
a-csk-wtcat-apo_b-src-wtcat-py159-holo_seed-1922269_sample-1_model,a-csk-wtcat-apo_b-src-wtcat-py159-holo/seed-1922269_sample-1,model.cif,B,SRC-WT,Active (BLAminus),C-lobe Donor,A,NA,NA,NA,2.57,12.02,Intact,Intact,In,Packed,DFGin,BLAminus,NTin,CTin,60.32,73.31,16.07,11.31,129.42,6.71,14.96,2.76,5.67,1.95,2.55,3.82,3.08,4.04,7.26,10.06,4.07,8.47,3.93,3.73,3.46,3.48,0.83,0.86,9.93,9.19,9.56,a-csk-wtcat-apo_b-src-wtcat-py159-holo,"csk-wtcat-apo
src-wtcat-py159-holo",holo,"csk-wtcat-apo
src-wtcat-py159-holo",FALSE,FALSE,Holo,"csk-wtcat-apo
src-wtcat-py159-holo","csk-wtcat-apo
src-wtcat-py159-holo
[SRC = Holo]","csk-wtcat-apo
src-wtcat-py159-holo
[SRC = Holo]",State 8,Active (BLAminus),In,Intact,DFGin
a-csk-wtcat-apo_b-src-wtcat-py159-holo_seed-1922269_sample-2_model,a-csk-wtcat-apo_b-src-wtcat-py159-holo/seed-1922269_sample-2,model.cif,B,SRC-WT,Active (BLAminus),C-lobe Donor,A,NA,NA,NA,2.58,10.05,Intact,No Ligand,In,Packed,DFGin,BLAminus,NTin,CTin,56.42,57.59,16.52,NA,NA,6.78,15.04,2.78,NA,NA,NA,NA,3.44,7.67,7.29,9.93,4.11,8.53,3.76,3.47,3.07,3.44,0.82,0.85,9.94,9.8,9.87,a-csk-wtcat-apo_b-src-wtcat-py159-holo,"csk-wtcat-holo
src-wtcat-py159-apo",apo,"csk-wtcat-holo
src-wtcat-py159-apo",TRUE,TRUE,Apo,"csk-wtcat-holo
src-wtcat-py159-apo","csk-wtcat-holo
src-wtcat-py159-apo
[SRC = Apo]","csk-wtcat-holo
src-wtcat-py159-apo
[SRC = Apo]",State 1,Active (BLAminus),In,Intact,DFGin
a-csk-wtcat-apo_b-src-wtcat-py159-holo_seed-1922269_sample-3_model,a-csk-wtcat-apo_b-src-wtcat-py159-holo/seed-1922269_sample-3,model.cif,B,SRC-WT,Active (BLAminus),C-lobe Donor,A,NA,NA,NA,2.61,10.7,Intact,No Ligand,In,Packed,DFGin,BLAminus,NTin,CTin,59.83,76.04,17.89,NA,NA,6.88,15.57,2.74,NA,NA,NA,NA,3.08,7.76,7.28,10.05,4.07,8.59,3.83,3.69,3.13,3.49,0.84,0.87,9.62,8.95,9.29,a-csk-wtcat-apo_b-src-wtcat-py159-holo,"csk-wtcat-holo
src-wtcat-py159-apo",apo,"csk-wtcat-holo
src-wtcat-py159-apo",TRUE,TRUE,Apo,"csk-wtcat-holo
src-wtcat-py159-apo","csk-wtcat-holo
src-wtcat-py159-apo
[SRC = Apo]","csk-wtcat-holo
src-wtcat-py159-apo
[SRC = Apo]",State 5,Active (BLAminus),In,Intact,DFGin
a-csk-wtcat-apo_b-src-wtcat-py159-holo_seed-1922269_sample-4_model,a-csk-wtcat-apo_b-src-wtcat-py159-holo/seed-1922269_sample-4,model.cif,B,SRC-WT,Active (BLAminus),C-lobe Donor,A,NA,NA,NA,2.66,12.42,Intact,No Ligand,In,Packed,DFGin,BLAminus,NTin,CTin,59.58,74.43,17.98,NA,NA,6.79,15.57,2.71,NA,NA,NA,NA,3.12,7.69,7.28,10,4,8.58,3.89,3.72,3.21,3.54,0.82,0.86,9.67,9.48,9.57,a-csk-wtcat-apo_b-src-wtcat-py159-holo,"csk-wtcat-holo
src-wtcat-py159-apo",apo,"csk-wtcat-holo
src-wtcat-py159-apo",TRUE,TRUE,Apo,"csk-wtcat-holo
src-wtcat-py159-apo","csk-wtcat-holo
src-wtcat-py159-apo
[SRC = Apo]","csk-wtcat-holo
src-wtcat-py159-apo
[SRC = Apo]",State 5,Active (BLAminus),In,Intact,DFGin
a-csk-wtcat-apo_b-src-wtcat-py159-holo_seed-1970551_sample-0_model,a-csk-wtcat-apo_b-src-wtcat-py159-holo/seed-1970551_sample-0,model.cif,B,SRC-WT,Active (BLAminus),C-lobe Donor,A,NA,NA,NA,2.6,10.48,Intact,No Ligand,In,Packed,DFGin,BLAminus,NTin,CTin,59.12,76.41,16.27,NA,NA,6.71,15.24,2.78,NA,NA,NA,NA,3.1,7.72,7.23,10,3.97,8.51,3.8,3.74,3.37,3.46,0.82,0.86,9.44,9.74,9.59,a-csk-wtcat-apo_b-src-wtcat-py159-holo,"csk-wtcat-holo
src-wtcat-py159-apo",apo,"csk-wtcat-holo
src-wtcat-py159-apo",TRUE,TRUE,Apo,"csk-wtcat-holo
src-wtcat-py159-apo","csk-wtcat-holo
src-wtcat-py159-apo
[SRC = Apo]","csk-wtcat-holo
src-wtcat-py159-apo
[SRC = Apo]",State 5,Active (BLAminus),In,Intact,DFGin
a-csk-wtcat-apo_b-src-wtcat-py159-holo_seed-1970551_sample-1_model,a-csk-wtcat-apo_b-src-wtcat-py159-holo/seed-1970551_sample-1,model.cif,B,SRC-WT,Active (BLAminus),C-lobe Donor,A,NA,NA,NA,2.61,11.57,Intact,No Ligand,In,Packed,DFGin,BLAminus,NTin,CTin,58.92,76,16.79,NA,NA,6.75,15.14,2.75,NA,NA,NA,NA,3.06,7.73,7.34,10,4.02,8.54,3.98,3.77,3.2,3.46,0.82,0.86,9.73,10.1,9.91,a-csk-wtcat-apo_b-src-wtcat-py159-holo,"csk-wtcat-holo
src-wtcat-py159-apo",apo,"csk-wtcat-holo
src-wtcat-py159-apo",TRUE,TRUE,Apo,"csk-wtcat-holo
src-wtcat-py159-apo","csk-wtcat-holo
src-wtcat-py159-apo
[SRC = Apo]","csk-wtcat-holo
src-wtcat-py159-apo
[SRC = Apo]",State 5,Active (BLAminus),In,Intact,DFGin
a-csk-wtcat-apo_b-src-wtcat-py159-holo_seed-1970551_sample-2_model,a-csk-wtcat-apo_b-src-wtcat-py159-holo/seed-1970551_sample-2,model.cif,B,SRC-WT,Active (BLAminus),C-lobe Donor,A,NA,NA,NA,2.59,10.21,Intact,No Ligand,In,Packed,DFGin,BLAminus,NTin,CTin,57.66,75.72,16.57,NA,NA,6.7,15.04,2.73,NA,NA,NA,NA,3.08,7.77,7.23,9.97,4.02,8.57,3.89,3.71,3.41,3.48,0.83,0.86,9.64,9.56,9.6,a-csk-wtcat-apo_b-src-wtcat-py159-holo,"csk-wtcat-holo
src-wtcat-py159-apo",apo,"csk-wtcat-holo
src-wtcat-py159-apo",TRUE,TRUE,Apo,"csk-wtcat-holo
src-wtcat-py159-apo","csk-wtcat-holo
src-wtcat-py159-apo
[SRC = Apo]","csk-wtcat-holo
src-wtcat-py159-apo
[SRC = Apo]",State 5,Active (BLAminus),In,Intact,DFGin
a-csk-wtcat-apo_b-src-wtcat-py159-holo_seed-1970551_sample-3_model,a-csk-wtcat-apo_b-src-wtcat-py159-holo/seed-1970551_sample-3,model.cif,B,SRC-WT,Active (BLAminus),C-lobe Donor,A,NA,NA,NA,2.62,10.71,Intact,No Ligand,In,Packed,DFGin,BLAminus,NTin,CTin,57.62,76.8,17.42,NA,NA,6.66,15.27,2.62,NA,NA,NA,NA,3.08,7.72,7.23,9.97,4.03,8.44,3.86,3.75,3.27,3.46,0.83,0.86,9.66,9.54,9.6,a-csk-wtcat-apo_b-src-wtcat-py159-holo,"csk-wtcat-holo
src-wtcat-py159-apo",apo,"csk-wtcat-holo
src-wtcat-py159-apo",TRUE,TRUE,Apo,"csk-wtcat-holo
src-wtcat-py159-apo","csk-wtcat-holo
src-wtcat-py159-apo
[SRC = Apo]","csk-wtcat-holo
src-wtcat-py159-apo
[SRC = Apo]",State 5,Active (BLAminus),In,Intact,DFGin
a-csk-wtcat-apo_b-src-wtcat-py159-holo_seed-1970551_sample-4_model,a-csk-wtcat-apo_b-src-wtcat-py159-holo/seed-1970551_sample-4,model.cif,B,SRC-WT,Active (BLAminus),C-lobe Donor,A,NA,NA,NA,2.64,10.31,Intact,No Ligand,In,Packed,DFGin,BLAminus,NTin,CTin,57.05,57.19,15.75,NA,NA,6.79,14.89,3.02,NA,NA,NA,NA,3.1,7.78,7.25,9.95,3.99,8.54,3.65,3.8,3.25,3.44,0.8,0.84,10.35,10.88,10.62,a-csk-wtcat-apo_b-src-wtcat-py159-holo,"csk-wtcat-holo
src-wtcat-py159-apo",apo,"csk-wtcat-holo
src-wtcat-py159-apo",TRUE,TRUE,Apo,"csk-wtcat-holo
src-wtcat-py159-apo","csk-wtcat-holo
src-wtcat-py159-apo
[SRC = Apo]","csk-wtcat-holo
src-wtcat-py159-apo
[SRC = Apo]",State 3,Active (BLAminus),In,Intact,DFGin
a-csk-wtcat-apo_b-src-wtcat-py159-holo_seed-250699_sample-0_model,a-csk-wtcat-apo_b-src-wtcat-py159-holo/seed-250699_sample-0,model.cif,B,SRC-WT,Active (BLAminus),C-lobe Donor,A,NA,NA,NA,2.61,11.71,Intact,No Ligand,In,Packed,DFGin,BLAminus,NTin,CTin,58.91,75.17,16.87,NA,NA,6.73,15.25,2.91,NA,NA,NA,NA,3.08,7.77,7.24,10.05,4.03,8.51,3.82,3.69,3.56,3.46,0.83,0.87,9.4,9.01,9.21,a-csk-wtcat-apo_b-src-wtcat-py159-holo,"csk-wtcat-holo
src-wtcat-py159-apo",apo,"csk-wtcat-holo
src-wtcat-py159-apo",TRUE,TRUE,Apo,"csk-wtcat-holo
src-wtcat-py159-apo","csk-wtcat-holo
src-wtcat-py159-apo
[SRC = Apo]","csk-wtcat-holo
src-wtcat-py159-apo
[SRC = Apo]",State 5,Active (BLAminus),In,Intact,DFGin
a-csk-wtcat-apo_b-src-wtcat-py159-holo_seed-250699_sample-1_model,a-csk-wtcat-apo_b-src-wtcat-py159-holo/seed-250699_sample-1,model.cif,B,SRC-WT,Active (BLAminus),C-lobe Donor,A,NA,NA,NA,2.54,11.9,Intact,No Ligand,In,Packed,DFGin,BLAminus,NTin,CTin,59.4,77.1,17.09,NA,NA,6.69,15.23,3.04,NA,NA,NA,NA,3.01,7.72,7.24,10,3.99,8.56,3.8,3.73,3.33,3.45,0.84,0.87,9.64,8.99,9.32,a-csk-wtcat-apo_b-src-wtcat-py159-holo,"csk-wtcat-holo
src-wtcat-py159-apo",apo,"csk-wtcat-holo
src-wtcat-py159-apo",TRUE,TRUE,Apo,"csk-wtcat-holo
src-wtcat-py159-apo","csk-wtcat-holo
src-wtcat-py159-apo
[SRC = Apo]","csk-wtcat-holo
src-wtcat-py159-apo
[SRC = Apo]",State 5,Active (BLAminus),In,Intact,DFGin
a-csk-wtcat-apo_b-src-wtcat-py159-holo_seed-250699_sample-2_model,a-csk-wtcat-apo_b-src-wtcat-py159-holo/seed-250699_sample-2,model.cif,B,SRC-WT,Active (BLAminus),C-lobe Donor,A,NA,NA,NA,2.63,10.88,Intact,No Ligand,In,Packed,DFGin,BLAminus,NTin,CTin,59.14,76.79,17.43,NA,NA,6.74,15.31,2.93,NA,NA,NA,NA,3.13,7.74,7.24,9.97,4.06,8.54,3.85,3.65,3.24,3.47,0.82,0.86,9.99,9.6,9.79,a-csk-wtcat-apo_b-src-wtcat-py159-holo,"csk-wtcat-holo
src-wtcat-py159-apo",apo,"csk-wtcat-holo
src-wtcat-py159-apo",TRUE,TRUE,Apo,"csk-wtcat-holo
src-wtcat-py159-apo","csk-wtcat-holo
src-wtcat-py159-apo
[SRC = Apo]","csk-wtcat-holo
src-wtcat-py159-apo
[SRC = Apo]",State 5,Active (BLAminus),In,Intact,DFGin
a-csk-wtcat-apo_b-src-wtcat-py159-holo_seed-250699_sample-3_model,a-csk-wtcat-apo_b-src-wtcat-py159-holo/seed-250699_sample-3,model.cif,B,SRC-WT,Active (BLAminus),C-lobe Donor,A,NA,NA,NA,2.63,11.88,Intact,Intact,In,Packed,DFGin,BLAminus,NTin,CTin,59.53,76.04,16.2,11.88,122.02,6.71,14.91,2.69,5.75,2.18,2.58,3.85,3.09,4.07,7.24,9.96,4.05,8.49,3.96,3.74,3.46,3.51,0.81,0.85,10.43,9.89,10.16,a-csk-wtcat-apo_b-src-wtcat-py159-holo,"csk-wtcat-apo
src-wtcat-py159-holo",holo,"csk-wtcat-apo
src-wtcat-py159-holo",FALSE,FALSE,Holo,"csk-wtcat-apo
src-wtcat-py159-holo","csk-wtcat-apo
src-wtcat-py159-holo
[SRC = Holo]","csk-wtcat-apo
src-wtcat-py159-holo
[SRC = Holo]",State 8,Active (BLAminus),In,Intact,DFGin
a-csk-wtcat-apo_b-src-wtcat-py159-holo_seed-250699_sample-4_model,a-csk-wtcat-apo_b-src-wtcat-py159-holo/seed-250699_sample-4,model.cif,B,SRC-WT,Active (BLAminus),C-lobe Donor,A,NA,NA,NA,2.64,11.96,Intact,No Ligand,In,Packed,DFGin,BLAminus,NTin,CTin,58.64,74.95,16.82,NA,NA,6.79,15.27,2.86,NA,NA,NA,NA,3.1,7.71,7.31,10,3.99,8.48,4.08,3.79,3.29,3.51,0.84,0.87,9.68,9.07,9.38,a-csk-wtcat-apo_b-src-wtcat-py159-holo,"csk-wtcat-holo
src-wtcat-py159-apo",apo,"csk-wtcat-holo
src-wtcat-py159-apo",TRUE,TRUE,Apo,"csk-wtcat-holo
src-wtcat-py159-apo","csk-wtcat-holo
src-wtcat-py159-apo
[SRC = Apo]","csk-wtcat-holo
src-wtcat-py159-apo
[SRC = Apo]",State 5,Active (BLAminus),In,Intact,DFGin
a-csk-wtcat-apo_b-src-wtcat-py159-holo_seed-339648_sample-0_model,a-csk-wtcat-apo_b-src-wtcat-py159-holo/seed-339648_sample-0,model.cif,B,SRC-WT,Active (BLAminus),C-lobe Donor,A,NA,NA,NA,2.56,11.07,Intact,No Ligand,In,Packed,DFGin,BLAminus,NTin,CTin,60.84,75.58,17.67,NA,NA,6.84,15.4,2.64,NA,NA,NA,NA,3.04,7.79,7.25,10.04,3.99,8.49,3.66,3.72,3.11,3.45,0.84,0.87,9.56,9.22,9.39,a-csk-wtcat-apo_b-src-wtcat-py159-holo,"csk-wtcat-holo
src-wtcat-py159-apo",apo,"csk-wtcat-holo
src-wtcat-py159-apo",TRUE,TRUE,Apo,"csk-wtcat-holo
src-wtcat-py159-apo","csk-wtcat-holo
src-wtcat-py159-apo
[SRC = Apo]","csk-wtcat-holo
src-wtcat-py159-apo
[SRC = Apo]",State 5,Active (BLAminus),In,Intact,DFGin
a-csk-wtcat-apo_b-src-wtcat-py159-holo_seed-339648_sample-1_model,a-csk-wtcat-apo_b-src-wtcat-py159-holo/seed-339648_sample-1,model.cif,B,SRC-WT,Active (BLAminus),C-lobe Donor,A,NA,NA,NA,2.56,11.95,Intact,No Ligand,In,Packed,DFGin,BLAminus,NTin,CTin,60.35,73.19,18.6,NA,NA,6.73,15.76,5.75,NA,NA,NA,NA,3.04,7.77,7.22,9.98,4,8.51,3.79,3.66,3.12,3.46,0.85,0.88,9.17,8.82,9,a-csk-wtcat-apo_b-src-wtcat-py159-holo,"csk-wtcat-holo
src-wtcat-py159-apo",apo,"csk-wtcat-holo
src-wtcat-py159-apo",TRUE,TRUE,Apo,"csk-wtcat-holo
src-wtcat-py159-apo","csk-wtcat-holo
src-wtcat-py159-apo
[SRC = Apo]","csk-wtcat-holo
src-wtcat-py159-apo
[SRC = Apo]",State 5,Active (BLAminus),In,Intact,DFGin
a-csk-wtcat-apo_b-src-wtcat-py159-holo_seed-339648_sample-2_model,a-csk-wtcat-apo_b-src-wtcat-py159-holo/seed-339648_sample-2,model.cif,B,SRC-WT,Active (BLAminus),C-lobe Donor,A,NA,NA,NA,2.65,10.33,Intact,No Ligand,In,Packed,DFGin,BLAminus,NTin,CTin,60.33,70.65,17.33,NA,NA,6.82,15.51,2.96,NA,NA,NA,NA,3.13,7.75,7.15,10,3.99,8.5,3.73,3.67,3.51,3.47,0.84,0.87,9.68,9.28,9.48,a-csk-wtcat-apo_b-src-wtcat-py159-holo,"csk-wtcat-holo
src-wtcat-py159-apo",apo,"csk-wtcat-holo
src-wtcat-py159-apo",TRUE,TRUE,Apo,"csk-wtcat-holo
src-wtcat-py159-apo","csk-wtcat-holo
src-wtcat-py159-apo
[SRC = Apo]","csk-wtcat-holo
src-wtcat-py159-apo
[SRC = Apo]",State 5,Active (BLAminus),In,Intact,DFGin
a-csk-wtcat-apo_b-src-wtcat-py159-holo_seed-339648_sample-3_model,a-csk-wtcat-apo_b-src-wtcat-py159-holo/seed-339648_sample-3,model.cif,B,SRC-WT,Active (BLAminus),C-lobe Donor,A,NA,NA,NA,2.74,11.75,Intact,No Ligand,In,Packed,DFGin,BLAminus,NTin,CTin,58.4,75.23,16.58,NA,NA,6.79,15.32,2.72,NA,NA,NA,NA,3.08,7.77,7.22,10.01,4.08,8.5,3.93,3.45,3.22,3.48,0.84,0.87,9.86,9.35,9.61,a-csk-wtcat-apo_b-src-wtcat-py159-holo,"csk-wtcat-holo
src-wtcat-py159-apo",apo,"csk-wtcat-holo
src-wtcat-py159-apo",TRUE,TRUE,Apo,"csk-wtcat-holo
src-wtcat-py159-apo","csk-wtcat-holo
src-wtcat-py159-apo
[SRC = Apo]","csk-wtcat-holo
src-wtcat-py159-apo
[SRC = Apo]",State 3,Active (BLAminus),In,Intact,DFGin
a-csk-wtcat-apo_b-src-wtcat-py159-holo_seed-339648_sample-4_model,a-csk-wtcat-apo_b-src-wtcat-py159-holo/seed-339648_sample-4,model.cif,B,SRC-WT,Active (BLAminus),C-lobe Donor,A,NA,NA,NA,2.62,10.82,Intact,No Ligand,In,Packed,DFGin,BLAminus,NTin,CTin,60.11,73.98,16.48,NA,NA,6.76,15.16,2.85,NA,NA,NA,NA,3.09,7.82,7.23,9.99,4,8.54,3.92,3.73,3.66,3.46,0.84,0.87,9.54,9.51,9.52,a-csk-wtcat-apo_b-src-wtcat-py159-holo,"csk-wtcat-holo
src-wtcat-py159-apo",apo,"csk-wtcat-holo
src-wtcat-py159-apo",TRUE,TRUE,Apo,"csk-wtcat-holo
src-wtcat-py159-apo","csk-wtcat-holo
src-wtcat-py159-apo
[SRC = Apo]","csk-wtcat-holo
src-wtcat-py159-apo
[SRC = Apo]",State 5,Active (BLAminus),In,Intact,DFGin
a-csk-wtcat-apo_b-src-wtcat-py159-holo_seed-538125_sample-0_model,a-csk-wtcat-apo_b-src-wtcat-py159-holo/seed-538125_sample-0,model.cif,B,SRC-WT,Active (BLAminus),C-lobe Donor,A,NA,NA,NA,2.6,10.37,Intact,No Ligand,In,Packed,DFGin,BLAminus,NTin,CTin,60.78,73.08,16.56,NA,NA,6.69,15.06,2.71,NA,NA,NA,NA,3.09,7.76,7.24,9.95,4.02,8.53,3.83,3.78,3.31,3.46,0.84,0.87,9.31,9.07,9.19,a-csk-wtcat-apo_b-src-wtcat-py159-holo,"csk-wtcat-holo
src-wtcat-py159-apo",apo,"csk-wtcat-holo
src-wtcat-py159-apo",TRUE,TRUE,Apo,"csk-wtcat-holo
src-wtcat-py159-apo","csk-wtcat-holo
src-wtcat-py159-apo
[SRC = Apo]","csk-wtcat-holo
src-wtcat-py159-apo
[SRC = Apo]",State 5,Active (BLAminus),In,Intact,DFGin
a-csk-wtcat-apo_b-src-wtcat-py159-holo_seed-538125_sample-1_model,a-csk-wtcat-apo_b-src-wtcat-py159-holo/seed-538125_sample-1,model.cif,B,SRC-WT,Active (BLAminus),C-lobe Donor,A,NA,NA,NA,2.62,11.84,Intact,Intact,In,Packed,DFGin,BLAminus,NTin,CTin,60.1,74.03,14.88,11.04,131.14,6.67,14.63,2.86,4.89,2.27,2.44,2.81,3.11,4.17,7.12,9.94,4.03,8.52,3.83,3.64,3.25,3.47,0.83,0.87,9.64,8.92,9.28,a-csk-wtcat-apo_b-src-wtcat-py159-holo,"csk-wtcat-apo
src-wtcat-py159-holo",holo,"csk-wtcat-apo
src-wtcat-py159-holo",FALSE,FALSE,Holo,"csk-wtcat-apo
src-wtcat-py159-holo","csk-wtcat-apo
src-wtcat-py159-holo
[SRC = Holo]","csk-wtcat-apo
src-wtcat-py159-holo
[SRC = Holo]",State 7,Active (BLAminus),In,Intact,DFGin
a-csk-wtcat-apo_b-src-wtcat-py159-holo_seed-538125_sample-2_model,a-csk-wtcat-apo_b-src-wtcat-py159-holo/seed-538125_sample-2,model.cif,B,SRC-WT,Active (BLAminus),C-lobe Donor,A,NA,NA,NA,2.66,11.53,Intact,No Ligand,In,Packed,DFGin,BLAminus,NTin,CTin,56.13,71.64,15.67,NA,NA,6.93,15.25,2.9,NA,NA,NA,NA,3.15,7.75,7.29,9.98,4.03,8.49,3.87,3.72,3.55,3.48,0.85,0.88,8.94,8.75,8.84,a-csk-wtcat-apo_b-src-wtcat-py159-holo,"csk-wtcat-holo
src-wtcat-py159-apo",apo,"csk-wtcat-holo
src-wtcat-py159-apo",TRUE,TRUE,Apo,"csk-wtcat-holo
src-wtcat-py159-apo","csk-wtcat-holo
src-wtcat-py159-apo
[SRC = Apo]","csk-wtcat-holo
src-wtcat-py159-apo
[SRC = Apo]",State 5,Active (BLAminus),In,Intact,DFGin
a-csk-wtcat-apo_b-src-wtcat-py159-holo_seed-538125_sample-3_model,a-csk-wtcat-apo_b-src-wtcat-py159-holo/seed-538125_sample-3,model.cif,B,SRC-WT,Active (BLAminus),C-lobe Donor,A,NA,NA,NA,2.62,11.45,Intact,No Ligand,In,Packed,DFGin,BLAminus,NTin,CTin,57.91,70.89,17.33,NA,NA,6.78,15.43,2.73,NA,NA,NA,NA,3.05,7.69,7.32,10,4,8.46,3.89,3.75,3.27,3.48,0.85,0.88,8.84,8.54,8.69,a-csk-wtcat-apo_b-src-wtcat-py159-holo,"csk-wtcat-holo
src-wtcat-py159-apo",apo,"csk-wtcat-holo
src-wtcat-py159-apo",TRUE,TRUE,Apo,"csk-wtcat-holo
src-wtcat-py159-apo","csk-wtcat-holo
src-wtcat-py159-apo
[SRC = Apo]","csk-wtcat-holo
src-wtcat-py159-apo
[SRC = Apo]",State 5,Active (BLAminus),In,Intact,DFGin
a-csk-wtcat-apo_b-src-wtcat-py159-holo_seed-538125_sample-4_model,a-csk-wtcat-apo_b-src-wtcat-py159-holo/seed-538125_sample-4,model.cif,B,SRC-WT,Active (BLAminus),C-lobe Donor,A,NA,NA,NA,2.65,11.5,Intact,No Ligand,In,Packed,DFGin,BLAminus,NTin,CTin,60.09,77.21,17.45,NA,NA,6.72,15.32,2.74,NA,NA,NA,NA,3.11,7.83,7.26,10,4,8.43,3.96,3.68,3.44,3.48,0.84,0.87,9.44,8.88,9.16,a-csk-wtcat-apo_b-src-wtcat-py159-holo,"csk-wtcat-holo
src-wtcat-py159-apo",apo,"csk-wtcat-holo
src-wtcat-py159-apo",TRUE,TRUE,Apo,"csk-wtcat-holo
src-wtcat-py159-apo","csk-wtcat-holo
src-wtcat-py159-apo
[SRC = Apo]","csk-wtcat-holo
src-wtcat-py159-apo
[SRC = Apo]",State 5,Active (BLAminus),In,Intact,DFGin
a-csk-wtcat-apo_b-src-wtcat-py159-holo_seed-748643_sample-0_model,a-csk-wtcat-apo_b-src-wtcat-py159-holo/seed-748643_sample-0,model.cif,B,SRC-WT,Active (BLAminus),C-lobe Donor,A,NA,NA,NA,2.61,11.73,Intact,No Ligand,In,Packed,DFGin,BLAminus,NTin,CTin,59.21,73.69,17.46,NA,NA,6.78,15.24,2.66,NA,NA,NA,NA,3.12,7.77,7.24,10.03,4.03,8.55,3.51,3.74,2.89,3.47,0.83,0.87,9.33,9.43,9.38,a-csk-wtcat-apo_b-src-wtcat-py159-holo,"csk-wtcat-holo
src-wtcat-py159-apo",apo,"csk-wtcat-holo
src-wtcat-py159-apo",TRUE,TRUE,Apo,"csk-wtcat-holo
src-wtcat-py159-apo","csk-wtcat-holo
src-wtcat-py159-apo
[SRC = Apo]","csk-wtcat-holo
src-wtcat-py159-apo
[SRC = Apo]",State 3,Active (BLAminus),In,Intact,DFGin
a-csk-wtcat-apo_b-src-wtcat-py159-holo_seed-748643_sample-1_model,a-csk-wtcat-apo_b-src-wtcat-py159-holo/seed-748643_sample-1,model.cif,B,SRC-WT,Active (BLAminus),C-lobe Donor,A,NA,NA,NA,2.52,11.94,Intact,No Ligand,In,Packed,DFGin,BLAminus,NTin,CTin,57.36,70.14,18.13,NA,NA,6.76,15.54,2.58,NA,NA,NA,NA,3.09,7.72,7.2,10.03,4.08,8.58,3.93,3.41,3.48,3.43,0.83,0.86,9.88,9.73,9.8,a-csk-wtcat-apo_b-src-wtcat-py159-holo,"csk-wtcat-holo
src-wtcat-py159-apo",apo,"csk-wtcat-holo
src-wtcat-py159-apo",TRUE,TRUE,Apo,"csk-wtcat-holo
src-wtcat-py159-apo","csk-wtcat-holo
src-wtcat-py159-apo
[SRC = Apo]","csk-wtcat-holo
src-wtcat-py159-apo
[SRC = Apo]",State 3,Active (BLAminus),In,Intact,DFGin
a-csk-wtcat-apo_b-src-wtcat-py159-holo_seed-748643_sample-2_model,a-csk-wtcat-apo_b-src-wtcat-py159-holo/seed-748643_sample-2,model.cif,B,SRC-WT,Active (BLAminus),C-lobe Donor,A,NA,NA,NA,2.54,11.13,Intact,No Ligand,In,Packed,DFGin,BLAminus,NTin,CTin,58.65,74.57,16.26,NA,NA,6.74,15.17,2.83,NA,NA,NA,NA,3.04,7.78,7.25,10.01,3.97,8.5,3.93,3.74,3.31,3.52,0.83,0.87,9.43,9.69,9.56,a-csk-wtcat-apo_b-src-wtcat-py159-holo,"csk-wtcat-holo
src-wtcat-py159-apo",apo,"csk-wtcat-holo
src-wtcat-py159-apo",TRUE,TRUE,Apo,"csk-wtcat-holo
src-wtcat-py159-apo","csk-wtcat-holo
src-wtcat-py159-apo
[SRC = Apo]","csk-wtcat-holo
src-wtcat-py159-apo
[SRC = Apo]",State 5,Active (BLAminus),In,Intact,DFGin
a-csk-wtcat-apo_b-src-wtcat-py159-holo_seed-748643_sample-3_model,a-csk-wtcat-apo_b-src-wtcat-py159-holo/seed-748643_sample-3,model.cif,B,SRC-WT,Active (BLAminus),C-lobe Donor,A,NA,NA,NA,2.63,11.72,Intact,Intact,In,Packed,DFGin,BLAminus,NTin,CTin,57.15,77.29,15.96,11.59,149.61,6.83,15.06,2.98,6.17,2.23,3.17,3.18,3.09,3.98,7.19,9.9,4.04,8.52,3.97,3.72,3.29,3.49,0.83,0.86,9.92,9.3,9.61,a-csk-wtcat-apo_b-src-wtcat-py159-holo,"csk-wtcat-apo
src-wtcat-py159-holo",holo,"csk-wtcat-apo
src-wtcat-py159-holo",FALSE,FALSE,Holo,"csk-wtcat-apo
src-wtcat-py159-holo","csk-wtcat-apo
src-wtcat-py159-holo
[SRC = Holo]","csk-wtcat-apo
src-wtcat-py159-holo
[SRC = Holo]",State 8,Active (BLAminus),In,Intact,DFGin
a-csk-wtcat-apo_b-src-wtcat-py159-holo_seed-748643_sample-4_model,a-csk-wtcat-apo_b-src-wtcat-py159-holo/seed-748643_sample-4,model.cif,B,SRC-WT,Active (BLAminus),C-lobe Donor,A,NA,NA,NA,2.64,11.74,Intact,No Ligand,In,Packed,DFGin,BLAminus,NTin,CTin,60.39,71.21,16.56,NA,NA,6.66,14.87,2.7,NA,NA,NA,NA,3.1,7.74,7.26,9.98,3.96,8.53,3.88,3.74,3.29,3.46,0.83,0.86,9.75,9.64,9.7,a-csk-wtcat-apo_b-src-wtcat-py159-holo,"csk-wtcat-holo
src-wtcat-py159-apo",apo,"csk-wtcat-holo
src-wtcat-py159-apo",TRUE,TRUE,Apo,"csk-wtcat-holo
src-wtcat-py159-apo","csk-wtcat-holo
src-wtcat-py159-apo
[SRC = Apo]","csk-wtcat-holo
src-wtcat-py159-apo
[SRC = Apo]",State 5,Active (BLAminus),In,Intact,DFGin
a-csk-wtcat-apo_b-src-wtcat-py159-holo_seed-834810_sample-0_model,a-csk-wtcat-apo_b-src-wtcat-py159-holo/seed-834810_sample-0,model.cif,B,SRC-WT,Active (BLAminus),C-lobe Donor,A,NA,NA,NA,2.7,11.79,Intact,No Ligand,In,Packed,DFGin,BLAminus,NTin,CTin,59.89,73.86,16.83,NA,NA,6.78,15.29,2.87,NA,NA,NA,NA,3.08,7.76,7.23,10.04,4.01,8.5,3.7,3.74,3.37,3.52,0.82,0.86,9.51,9.6,9.55,a-csk-wtcat-apo_b-src-wtcat-py159-holo,"csk-wtcat-holo
src-wtcat-py159-apo",apo,"csk-wtcat-holo
src-wtcat-py159-apo",TRUE,TRUE,Apo,"csk-wtcat-holo
src-wtcat-py159-apo","csk-wtcat-holo
src-wtcat-py159-apo
[SRC = Apo]","csk-wtcat-holo
src-wtcat-py159-apo
[SRC = Apo]",State 5,Active (BLAminus),In,Intact,DFGin
a-csk-wtcat-apo_b-src-wtcat-py159-holo_seed-834810_sample-1_model,a-csk-wtcat-apo_b-src-wtcat-py159-holo/seed-834810_sample-1,model.cif,B,SRC-WT,Active (BLAminus),C-lobe Donor,A,NA,NA,NA,2.68,11.63,Intact,No Ligand,In,Packed,DFGin,BLAminus,NTin,CTin,60.08,75.03,16.8,NA,NA,6.69,15.03,2.8,NA,NA,NA,NA,3.12,7.77,7.31,9.97,4.02,8.5,3.93,3.77,3.36,3.48,0.82,0.86,9.87,9.72,9.79,a-csk-wtcat-apo_b-src-wtcat-py159-holo,"csk-wtcat-holo
src-wtcat-py159-apo",apo,"csk-wtcat-holo
src-wtcat-py159-apo",TRUE,TRUE,Apo,"csk-wtcat-holo
src-wtcat-py159-apo","csk-wtcat-holo
src-wtcat-py159-apo
[SRC = Apo]","csk-wtcat-holo
src-wtcat-py159-apo
[SRC = Apo]",State 5,Active (BLAminus),In,Intact,DFGin
a-csk-wtcat-apo_b-src-wtcat-py159-holo_seed-834810_sample-2_model,a-csk-wtcat-apo_b-src-wtcat-py159-holo/seed-834810_sample-2,model.cif,B,SRC-WT,Active (BLAminus),C-lobe Donor,A,NA,NA,NA,2.51,9.28,Intact,No Ligand,In,Packed,DFGin,BLAminus,NTin,CTin,59.59,61.21,16.36,NA,NA,6.72,15.02,2.6,NA,NA,NA,NA,3.1,7.69,7.26,9.92,3.98,8.58,3.61,3.82,3.21,3.53,0.8,0.84,10.4,10.8,10.6,a-csk-wtcat-apo_b-src-wtcat-py159-holo,"csk-wtcat-holo
src-wtcat-py159-apo",apo,"csk-wtcat-holo
src-wtcat-py159-apo",TRUE,TRUE,Apo,"csk-wtcat-holo
src-wtcat-py159-apo","csk-wtcat-holo
src-wtcat-py159-apo
[SRC = Apo]","csk-wtcat-holo
src-wtcat-py159-apo
[SRC = Apo]",State 2,Active (BLAminus),In,Intact,DFGin
a-csk-wtcat-apo_b-src-wtcat-py159-holo_seed-834810_sample-3_model,a-csk-wtcat-apo_b-src-wtcat-py159-holo/seed-834810_sample-3,model.cif,B,SRC-WT,Active (BLAminus),C-lobe Donor,A,NA,NA,NA,2.7,10.54,Intact,Intact,In,Packed,DFGin,BLAminus,NTin,CTin,61.76,70.56,15.61,11.34,124.17,6.78,15.06,2.9,5.46,1.98,2.45,3.77,3.1,4.06,7.23,10,4.04,8.58,3.95,3.77,3.46,3.54,0.79,0.84,10.84,10.72,10.78,a-csk-wtcat-apo_b-src-wtcat-py159-holo,"csk-wtcat-apo
src-wtcat-py159-holo",holo,"csk-wtcat-apo
src-wtcat-py159-holo",FALSE,FALSE,Holo,"csk-wtcat-apo
src-wtcat-py159-holo","csk-wtcat-apo
src-wtcat-py159-holo
[SRC = Holo]","csk-wtcat-apo
src-wtcat-py159-holo
[SRC = Holo]",State 8,Active (BLAminus),In,Intact,DFGin
a-csk-wtcat-apo_b-src-wtcat-py159-holo_seed-834810_sample-4_model,a-csk-wtcat-apo_b-src-wtcat-py159-holo/seed-834810_sample-4,model.cif,B,SRC-WT,Active (BLAminus),C-lobe Donor,A,NA,NA,NA,2.56,11.77,Intact,No Ligand,In,Packed,DFGin,BLAminus,NTin,CTin,58.16,72.53,16.44,NA,NA,6.82,15.29,3.16,NA,NA,NA,NA,3.08,7.75,7.3,10.03,4.05,8.53,3.98,3.75,3.53,3.48,0.84,0.87,9.08,9.08,9.08,a-csk-wtcat-apo_b-src-wtcat-py159-holo,"csk-wtcat-holo
src-wtcat-py159-apo",apo,"csk-wtcat-holo
src-wtcat-py159-apo",TRUE,TRUE,Apo,"csk-wtcat-holo
src-wtcat-py159-apo","csk-wtcat-holo
src-wtcat-py159-apo
[SRC = Apo]","csk-wtcat-holo
src-wtcat-py159-apo
[SRC = Apo]",State 5,Active (BLAminus),In,Intact,DFGin
a-csk-wtcat-apo_b-src-wtcat-py159-holo_seed-846744_sample-0_model,a-csk-wtcat-apo_b-src-wtcat-py159-holo/seed-846744_sample-0,model.cif,B,SRC-WT,Active (BLAminus),C-lobe Donor,A,NA,NA,NA,2.63,12.81,Intact,No Ligand,In,Packed,DFGin,BLAminus,NTin,CTin,58.91,76.76,14.29,NA,NA,6.8,14.66,3.05,NA,NA,NA,NA,3.2,7.91,7.19,10.09,4.02,8.49,3.74,3.78,3.32,3.53,0.81,0.85,10.63,10.66,10.64,a-csk-wtcat-apo_b-src-wtcat-py159-holo,"csk-wtcat-holo
src-wtcat-py159-apo",apo,"csk-wtcat-holo
src-wtcat-py159-apo",TRUE,TRUE,Apo,"csk-wtcat-holo
src-wtcat-py159-apo","csk-wtcat-holo
src-wtcat-py159-apo
[SRC = Apo]","csk-wtcat-holo
src-wtcat-py159-apo
[SRC = Apo]",State 3,Active (BLAminus),In,Intact,DFGin
a-csk-wtcat-apo_b-src-wtcat-py159-holo_seed-846744_sample-1_model,a-csk-wtcat-apo_b-src-wtcat-py159-holo/seed-846744_sample-1,model.cif,B,SRC-WT,Active (BLAminus),C-lobe Donor,A,NA,NA,NA,2.72,10.44,Intact,No Ligand,In,Packed,DFGin,BLAminus,NTin,CTin,57.71,71.3,16.01,NA,NA,6.76,15.35,2.8,NA,NA,NA,NA,3.09,7.84,7.23,9.94,3.99,8.54,3.91,3.78,3.51,3.47,0.84,0.87,9.55,8.99,9.27,a-csk-wtcat-apo_b-src-wtcat-py159-holo,"csk-wtcat-holo
src-wtcat-py159-apo",apo,"csk-wtcat-holo
src-wtcat-py159-apo",TRUE,TRUE,Apo,"csk-wtcat-holo
src-wtcat-py159-apo","csk-wtcat-holo
src-wtcat-py159-apo
[SRC = Apo]","csk-wtcat-holo
src-wtcat-py159-apo
[SRC = Apo]",State 5,Active (BLAminus),In,Intact,DFGin
a-csk-wtcat-apo_b-src-wtcat-py159-holo_seed-846744_sample-2_model,a-csk-wtcat-apo_b-src-wtcat-py159-holo/seed-846744_sample-2,model.cif,B,SRC-WT,Active (BLAminus),C-lobe Donor,A,NA,NA,NA,2.7,8.14,Intact,No Ligand,In,Packed,DFGin,BLAminus,NTin,CTin,59.77,76.58,16.31,NA,NA,6.82,15.08,2.76,NA,NA,NA,NA,3.09,7.85,7.23,10,4,8.52,3.87,3.71,3.37,3.47,0.82,0.86,10.19,10.05,10.12,a-csk-wtcat-apo_b-src-wtcat-py159-holo,"csk-wtcat-holo
src-wtcat-py159-apo",apo,"csk-wtcat-holo
src-wtcat-py159-apo",TRUE,TRUE,Apo,"csk-wtcat-holo
src-wtcat-py159-apo","csk-wtcat-holo
src-wtcat-py159-apo
[SRC = Apo]","csk-wtcat-holo
src-wtcat-py159-apo
[SRC = Apo]",State 5,Active (BLAminus),In,Intact,DFGin
a-csk-wtcat-apo_b-src-wtcat-py159-holo_seed-846744_sample-3_model,a-csk-wtcat-apo_b-src-wtcat-py159-holo/seed-846744_sample-3,model.cif,B,SRC-WT,Active (BLAminus),C-lobe Donor,A,NA,NA,NA,2.71,9.67,Intact,No Ligand,In,Packed,DFGin,BLAminus,NTin,CTin,58.42,77.51,15.95,NA,NA,6.86,15.27,2.86,NA,NA,NA,NA,3.09,7.75,7.24,10.05,4.04,8.51,3.82,3.73,3.4,3.46,0.81,0.85,10.57,10.24,10.41,a-csk-wtcat-apo_b-src-wtcat-py159-holo,"csk-wtcat-holo
src-wtcat-py159-apo",apo,"csk-wtcat-holo
src-wtcat-py159-apo",TRUE,TRUE,Apo,"csk-wtcat-holo
src-wtcat-py159-apo","csk-wtcat-holo
src-wtcat-py159-apo
[SRC = Apo]","csk-wtcat-holo
src-wtcat-py159-apo
[SRC = Apo]",State 5,Active (BLAminus),In,Intact,DFGin
a-csk-wtcat-apo_b-src-wtcat-py159-holo_seed-846744_sample-4_model,a-csk-wtcat-apo_b-src-wtcat-py159-holo/seed-846744_sample-4,model.cif,B,SRC-WT,Active (BLAminus),C-lobe Donor,A,NA,NA,NA,2.64,10.24,Intact,No Ligand,In,Packed,DFGin,BLAminus,NTin,CTin,59.22,72.17,17.36,NA,NA,6.79,15.55,2.75,NA,NA,NA,NA,3.08,7.8,7.2,10,3.99,8.54,3.54,3.72,2.93,3.45,0.82,0.86,10.29,9.9,10.09,a-csk-wtcat-apo_b-src-wtcat-py159-holo,"csk-wtcat-holo
src-wtcat-py159-apo",apo,"csk-wtcat-holo
src-wtcat-py159-apo",TRUE,TRUE,Apo,"csk-wtcat-holo
src-wtcat-py159-apo","csk-wtcat-holo
src-wtcat-py159-apo
[SRC = Apo]","csk-wtcat-holo
src-wtcat-py159-apo
[SRC = Apo]",State 3,Active (BLAminus),In,Intact,DFGin
a-csk-wtcat-apo_b-src-wtcat-py159-holo_seed-895624_sample-0_model,a-csk-wtcat-apo_b-src-wtcat-py159-holo/seed-895624_sample-0,model.cif,B,SRC-WT,Active (BLAminus),C-lobe Donor,A,NA,NA,NA,2.65,10.85,Intact,No Ligand,In,Packed,DFGin,BLAminus,NTin,CTin,60.32,76.25,17.02,NA,NA,6.73,15.27,2.88,NA,NA,NA,NA,3.08,7.68,7.21,10.05,3.89,8.5,3.81,3.75,3.24,3.47,0.85,0.87,9.37,8.86,9.11,a-csk-wtcat-apo_b-src-wtcat-py159-holo,"csk-wtcat-holo
src-wtcat-py159-apo",apo,"csk-wtcat-holo
src-wtcat-py159-apo",TRUE,TRUE,Apo,"csk-wtcat-holo
src-wtcat-py159-apo","csk-wtcat-holo
src-wtcat-py159-apo
[SRC = Apo]","csk-wtcat-holo
src-wtcat-py159-apo
[SRC = Apo]",State 5,Active (BLAminus),In,Intact,DFGin
a-csk-wtcat-apo_b-src-wtcat-py159-holo_seed-895624_sample-1_model,a-csk-wtcat-apo_b-src-wtcat-py159-holo/seed-895624_sample-1,model.cif,B,SRC-WT,Active (BLAminus),C-lobe Donor,A,NA,NA,NA,2.61,11.49,Intact,No Ligand,In,Packed,DFGin,BLAminus,NTin,CTin,60.87,76.14,17.48,NA,NA,6.72,15.03,2.67,NA,NA,NA,NA,3.07,7.72,7.36,10,3.97,8.44,3.93,3.82,3.25,3.45,0.85,0.88,9.11,8.69,8.9,a-csk-wtcat-apo_b-src-wtcat-py159-holo,"csk-wtcat-holo
src-wtcat-py159-apo",apo,"csk-wtcat-holo
src-wtcat-py159-apo",TRUE,TRUE,Apo,"csk-wtcat-holo
src-wtcat-py159-apo","csk-wtcat-holo
src-wtcat-py159-apo
[SRC = Apo]","csk-wtcat-holo
src-wtcat-py159-apo
[SRC = Apo]",State 5,Active (BLAminus),In,Intact,DFGin
a-csk-wtcat-apo_b-src-wtcat-py159-holo_seed-895624_sample-2_model,a-csk-wtcat-apo_b-src-wtcat-py159-holo/seed-895624_sample-2,model.cif,B,SRC-WT,Active (BLAminus),C-lobe Donor,A,NA,NA,NA,2.61,10.27,Intact,No Ligand,In,Packed,DFGin,BLAminus,NTin,CTin,57.9,71.2,16.7,NA,NA,6.86,15.31,2.87,NA,NA,NA,NA,3.09,7.73,7.22,10.01,3.97,8.5,3.81,3.68,3.37,3.46,0.86,0.89,8.47,8.77,8.62,a-csk-wtcat-apo_b-src-wtcat-py159-holo,"csk-wtcat-holo
src-wtcat-py159-apo",apo,"csk-wtcat-holo
src-wtcat-py159-apo",TRUE,TRUE,Apo,"csk-wtcat-holo
src-wtcat-py159-apo","csk-wtcat-holo
src-wtcat-py159-apo
[SRC = Apo]","csk-wtcat-holo
src-wtcat-py159-apo
[SRC = Apo]",State 5,Active (BLAminus),In,Intact,DFGin
a-csk-wtcat-apo_b-src-wtcat-py159-holo_seed-895624_sample-3_model,a-csk-wtcat-apo_b-src-wtcat-py159-holo/seed-895624_sample-3,model.cif,B,SRC-WT,Active (BLAminus),C-lobe Donor,A,NA,NA,NA,2.6,12.11,Intact,No Ligand,In,Packed,DFGin,BLAminus,NTin,CTin,57.64,71.64,15.76,NA,NA,6.82,15.08,2.85,NA,NA,NA,NA,3.13,7.71,7.3,10,4.01,8.58,3.85,3.74,3.37,3.47,0.83,0.86,9.86,9.84,9.85,a-csk-wtcat-apo_b-src-wtcat-py159-holo,"csk-wtcat-holo
src-wtcat-py159-apo",apo,"csk-wtcat-holo
src-wtcat-py159-apo",TRUE,TRUE,Apo,"csk-wtcat-holo
src-wtcat-py159-apo","csk-wtcat-holo
src-wtcat-py159-apo
[SRC = Apo]","csk-wtcat-holo
src-wtcat-py159-apo
[SRC = Apo]",State 5,Active (BLAminus),In,Intact,DFGin
a-csk-wtcat-apo_b-src-wtcat-py159-holo_seed-895624_sample-4_model,a-csk-wtcat-apo_b-src-wtcat-py159-holo/seed-895624_sample-4,model.cif,B,SRC-WT,Active (BLAminus),C-lobe Donor,A,NA,NA,NA,2.68,11.69,Intact,No Ligand,In,Packed,DFGin,BLAminus,NTin,CTin,59.64,76.71,17.28,NA,NA,6.78,15.35,2.94,NA,NA,NA,NA,3.09,7.65,7.35,9.98,3.98,8.5,3.92,3.78,3.24,3.47,0.83,0.87,9.56,9.41,9.48,a-csk-wtcat-apo_b-src-wtcat-py159-holo,"csk-wtcat-holo
src-wtcat-py159-apo",apo,"csk-wtcat-holo
src-wtcat-py159-apo",TRUE,TRUE,Apo,"csk-wtcat-holo
src-wtcat-py159-apo","csk-wtcat-holo
src-wtcat-py159-apo
[SRC = Apo]","csk-wtcat-holo
src-wtcat-py159-apo
[SRC = Apo]",State 5,Active (BLAminus),In,Intact,DFGin
a-csk-wtcat-apo_b-src-wtcat-py159-holo_seed-925151_sample-0_model,a-csk-wtcat-apo_b-src-wtcat-py159-holo/seed-925151_sample-0,model.cif,B,SRC-WT,Active (BLAminus),C-lobe Donor,A,NA,NA,NA,2.63,11.9,Intact,No Ligand,In,Packed,DFGin,BLAminus,NTin,CTin,59.79,77.57,17.46,NA,NA,6.82,15.45,2.7,NA,NA,NA,NA,3.08,7.74,7.26,10.03,4.01,8.53,3.81,3.67,3.4,3.53,0.83,0.87,9.58,9.25,9.41,a-csk-wtcat-apo_b-src-wtcat-py159-holo,"csk-wtcat-holo
src-wtcat-py159-apo",apo,"csk-wtcat-holo
src-wtcat-py159-apo",TRUE,TRUE,Apo,"csk-wtcat-holo
src-wtcat-py159-apo","csk-wtcat-holo
src-wtcat-py159-apo
[SRC = Apo]","csk-wtcat-holo
src-wtcat-py159-apo
[SRC = Apo]",State 5,Active (BLAminus),In,Intact,DFGin
a-csk-wtcat-apo_b-src-wtcat-py159-holo_seed-925151_sample-1_model,a-csk-wtcat-apo_b-src-wtcat-py159-holo/seed-925151_sample-1,model.cif,B,SRC-WT,Active (BLAminus),C-lobe Donor,A,NA,NA,NA,2.73,12.46,Intact,No Ligand,In,Packed,DFGin,BLAminus,NTin,CTin,60.48,74.41,17.62,NA,NA,6.74,15.16,2.71,NA,NA,NA,NA,3.11,7.76,7.24,9.98,4.04,8.49,3.92,3.73,3.39,3.46,0.83,0.86,9.65,9.43,9.54,a-csk-wtcat-apo_b-src-wtcat-py159-holo,"csk-wtcat-holo
src-wtcat-py159-apo",apo,"csk-wtcat-holo
src-wtcat-py159-apo",TRUE,TRUE,Apo,"csk-wtcat-holo
src-wtcat-py159-apo","csk-wtcat-holo
src-wtcat-py159-apo
[SRC = Apo]","csk-wtcat-holo
src-wtcat-py159-apo
[SRC = Apo]",State 5,Active (BLAminus),In,Intact,DFGin
a-csk-wtcat-apo_b-src-wtcat-py159-holo_seed-925151_sample-2_model,a-csk-wtcat-apo_b-src-wtcat-py159-holo/seed-925151_sample-2,model.cif,B,SRC-WT,Active (BLAminus),C-lobe Donor,A,NA,NA,NA,2.64,11.56,Intact,No Ligand,In,Packed,DFGin,BLAminus,NTin,CTin,60.35,77.9,16.14,NA,NA,6.76,15.11,2.74,NA,NA,NA,NA,3.07,7.83,7.28,9.95,4,8.61,3.96,3.7,3.5,3.44,0.82,0.86,9.83,9.8,9.82,a-csk-wtcat-apo_b-src-wtcat-py159-holo,"csk-wtcat-holo
src-wtcat-py159-apo",apo,"csk-wtcat-holo
src-wtcat-py159-apo",TRUE,TRUE,Apo,"csk-wtcat-holo
src-wtcat-py159-apo","csk-wtcat-holo
src-wtcat-py159-apo
[SRC = Apo]","csk-wtcat-holo
src-wtcat-py159-apo
[SRC = Apo]",State 5,Active (BLAminus),In,Intact,DFGin
a-csk-wtcat-apo_b-src-wtcat-py159-holo_seed-925151_sample-3_model,a-csk-wtcat-apo_b-src-wtcat-py159-holo/seed-925151_sample-3,model.cif,B,SRC-WT,Active (BLAminus),C-lobe Donor,A,NA,NA,NA,2.7,10.56,Intact,No Ligand,In,Packed,DFGin,BLAminus,NTin,CTin,59.41,77.26,16.45,NA,NA,6.67,14.79,2.73,NA,NA,NA,NA,3.09,7.81,7.23,9.95,4.18,8.55,3.93,3.49,3.1,3.49,0.83,0.86,9.65,9.35,9.5,a-csk-wtcat-apo_b-src-wtcat-py159-holo,"csk-wtcat-holo
src-wtcat-py159-apo",apo,"csk-wtcat-holo
src-wtcat-py159-apo",TRUE,TRUE,Apo,"csk-wtcat-holo
src-wtcat-py159-apo","csk-wtcat-holo
src-wtcat-py159-apo
[SRC = Apo]","csk-wtcat-holo
src-wtcat-py159-apo
[SRC = Apo]",State 7,Active (BLAminus),In,Intact,DFGin
a-csk-wtcat-apo_b-src-wtcat-py159-holo_seed-925151_sample-4_model,a-csk-wtcat-apo_b-src-wtcat-py159-holo/seed-925151_sample-4,model.cif,B,SRC-WT,Active (BLAminus),C-lobe Donor,A,NA,NA,NA,2.6,12.62,Intact,No Ligand,In,Packed,DFGin,BLAminus,NTin,CTin,60.43,76.05,16.99,NA,NA,6.82,15.17,3.06,NA,NA,NA,NA,3.13,7.8,7.28,10.03,4.03,8.55,3.89,3.75,3.2,3.45,0.81,0.85,10.29,10.34,10.31,a-csk-wtcat-apo_b-src-wtcat-py159-holo,"csk-wtcat-holo
src-wtcat-py159-apo",apo,"csk-wtcat-holo
src-wtcat-py159-apo",TRUE,TRUE,Apo,"csk-wtcat-holo
src-wtcat-py159-apo","csk-wtcat-holo
src-wtcat-py159-apo
[SRC = Apo]","csk-wtcat-holo
src-wtcat-py159-apo
[SRC = Apo]",State 5,Active (BLAminus),In,Intact,DFGin
a-csk-wtcat-apo_b-src-wtcat-py159-holo_seed-96652_sample-0_model,a-csk-wtcat-apo_b-src-wtcat-py159-holo/seed-96652_sample-0,model.cif,B,SRC-WT,Active (BLAminus),C-lobe Donor,A,NA,NA,NA,2.49,11.9,Intact,No Ligand,In,Packed,DFGin,BLAminus,NTin,CTin,57.42,73.98,16.53,NA,NA,6.79,15.05,2.63,NA,NA,NA,NA,3.09,7.82,7.23,9.98,4.07,8.57,3.89,3.7,3.31,3.44,0.82,0.86,10.16,9.95,10.05,a-csk-wtcat-apo_b-src-wtcat-py159-holo,"csk-wtcat-holo
src-wtcat-py159-apo",apo,"csk-wtcat-holo
src-wtcat-py159-apo",TRUE,TRUE,Apo,"csk-wtcat-holo
src-wtcat-py159-apo","csk-wtcat-holo
src-wtcat-py159-apo
[SRC = Apo]","csk-wtcat-holo
src-wtcat-py159-apo
[SRC = Apo]",State 3,Active (BLAminus),In,Intact,DFGin
a-csk-wtcat-apo_b-src-wtcat-py159-holo_seed-96652_sample-1_model,a-csk-wtcat-apo_b-src-wtcat-py159-holo/seed-96652_sample-1,model.cif,B,SRC-WT,Active (BLAminus),C-lobe Donor,A,NA,NA,NA,2.66,10.14,Intact,No Ligand,In,Packed,DFGin,BLAminus,NTin,CTin,58.55,75.97,16.61,NA,NA,6.72,15.17,2.75,NA,NA,NA,NA,3.07,7.86,7.25,10.02,4.01,8.48,4.01,3.73,3.41,3.48,0.81,0.85,10.44,10.36,10.4,a-csk-wtcat-apo_b-src-wtcat-py159-holo,"csk-wtcat-holo
src-wtcat-py159-apo",apo,"csk-wtcat-holo
src-wtcat-py159-apo",TRUE,TRUE,Apo,"csk-wtcat-holo
src-wtcat-py159-apo","csk-wtcat-holo
src-wtcat-py159-apo
[SRC = Apo]","csk-wtcat-holo
src-wtcat-py159-apo
[SRC = Apo]",State 5,Active (BLAminus),In,Intact,DFGin
a-csk-wtcat-apo_b-src-wtcat-py159-holo_seed-96652_sample-2_model,a-csk-wtcat-apo_b-src-wtcat-py159-holo/seed-96652_sample-2,model.cif,B,SRC-WT,Active (BLAminus),C-lobe Donor,A,NA,NA,NA,2.7,9.97,Intact,No Ligand,In,Packed,DFGin,BLAminus,NTin,CTin,57.09,69.58,16.17,NA,NA,6.86,15.29,2.92,NA,NA,NA,NA,3.08,7.79,7.23,10.03,4,8.43,3.9,3.72,3.26,3.49,0.82,0.86,9.73,9.86,9.79,a-csk-wtcat-apo_b-src-wtcat-py159-holo,"csk-wtcat-holo
src-wtcat-py159-apo",apo,"csk-wtcat-holo
src-wtcat-py159-apo",TRUE,TRUE,Apo,"csk-wtcat-holo
src-wtcat-py159-apo","csk-wtcat-holo
src-wtcat-py159-apo
[SRC = Apo]","csk-wtcat-holo
src-wtcat-py159-apo
[SRC = Apo]",State 5,Active (BLAminus),In,Intact,DFGin
a-csk-wtcat-apo_b-src-wtcat-py159-holo_seed-96652_sample-3_model,a-csk-wtcat-apo_b-src-wtcat-py159-holo/seed-96652_sample-3,model.cif,B,SRC-WT,Active (BLAminus),C-lobe Donor,A,NA,NA,NA,2.64,10.64,Intact,No Ligand,In,Packed,DFGin,BLAminus,NTin,CTin,58.6,57.42,16.56,NA,NA,6.81,15.06,2.75,NA,NA,NA,NA,3.08,7.69,7.29,9.94,4.09,8.49,3.72,3.42,3.16,3.42,0.81,0.85,10.09,10.17,10.13,a-csk-wtcat-apo_b-src-wtcat-py159-holo,"csk-wtcat-holo
src-wtcat-py159-apo",apo,"csk-wtcat-holo
src-wtcat-py159-apo",TRUE,TRUE,Apo,"csk-wtcat-holo
src-wtcat-py159-apo","csk-wtcat-holo
src-wtcat-py159-apo
[SRC = Apo]","csk-wtcat-holo
src-wtcat-py159-apo
[SRC = Apo]",State 1,Active (BLAminus),In,Intact,DFGin
a-csk-wtcat-apo_b-src-wtcat-py159-holo_seed-96652_sample-4_model,a-csk-wtcat-apo_b-src-wtcat-py159-holo/seed-96652_sample-4,model.cif,B,SRC-WT,Active (BLAminus),C-lobe Donor,A,NA,NA,NA,2.61,11.42,Intact,No Ligand,In,Packed,DFGin,BLAminus,NTin,CTin,60.05,73.52,16.59,NA,NA,6.7,15.21,2.94,NA,NA,NA,NA,3.11,7.82,7.25,9.97,3.99,8.47,3.78,3.85,3.12,3.46,0.83,0.86,9.66,9.34,9.5,a-csk-wtcat-apo_b-src-wtcat-py159-holo,"csk-wtcat-holo
src-wtcat-py159-apo",apo,"csk-wtcat-holo
src-wtcat-py159-apo",TRUE,TRUE,Apo,"csk-wtcat-holo
src-wtcat-py159-apo","csk-wtcat-holo
src-wtcat-py159-apo
[SRC = Apo]","csk-wtcat-holo
src-wtcat-py159-apo
[SRC = Apo]",State 5,Active (BLAminus),In,Intact,DFGin
a-csk-wtcat-holo_b-src-wtcat-apo_seed-1013420_sample-0_model,a-csk-wtcat-holo_b-src-wtcat-apo/seed-1013420_sample-0,model.cif,D,SRC-WT,Active (BLAminus),C-lobe Donor,A,NA,NA,NA,2.58,9.32,Intact,No Ligand,In,Packed,DFGin,BLAminus,NTin,CTin,57.16,55.74,16.49,NA,NA,6.93,15.37,2.96,NA,NA,NA,NA,3.19,7.68,7.26,9.99,3.99,8.61,3.67,3.89,3.22,3.39,0.84,0.87,9.19,10.54,9.86,a-csk-wtcat-holo_b-src-wtcat-apo,"csk-wtcat-holo
src-wtcat-apo",apo,"csk-wtcat-holo
src-wtcat-apo",FALSE,TRUE,Apo,"csk-wtcat-holo
src-wtcat-apo","csk-wtcat-holo
src-wtcat-apo
[SRC = Apo]","csk-wtcat-holo
src-wtcat-apo
[SRC = Apo]",State 2,Active (BLAminus),In,Intact,DFGin
a-csk-wtcat-holo_b-src-wtcat-apo_seed-1013420_sample-1_model,a-csk-wtcat-holo_b-src-wtcat-apo/seed-1013420_sample-1,model.cif,D,SRC-WT,Active (BLAminus),C-lobe Donor,A,NA,NA,NA,2.54,10.7,Intact,No Ligand,In,Packed,DFGin,BLAminus,NTin,CTin,60.96,58.2,16.33,NA,NA,6.79,15.04,2.63,NA,NA,NA,NA,3.24,7.67,7.26,9.96,3.96,8.61,3.68,3.84,3.22,3.39,0.84,0.87,9.65,10.72,10.19,a-csk-wtcat-holo_b-src-wtcat-apo,"csk-wtcat-holo
src-wtcat-apo",apo,"csk-wtcat-holo
src-wtcat-apo",FALSE,TRUE,Apo,"csk-wtcat-holo
src-wtcat-apo","csk-wtcat-holo
src-wtcat-apo
[SRC = Apo]","csk-wtcat-holo
src-wtcat-apo
[SRC = Apo]",State 2,Active (BLAminus),In,Intact,DFGin
a-csk-wtcat-holo_b-src-wtcat-apo_seed-1013420_sample-3_model,a-csk-wtcat-holo_b-src-wtcat-apo/seed-1013420_sample-3,model.cif,D,SRC-WT,Active (BLAminus),C-lobe Donor,A,NA,NA,NA,2.46,9.91,Intact,No Ligand,In,Packed,DFGin,BLAminus,NTin,CTin,61.01,59.35,16.12,NA,NA,6.79,15,2.76,NA,NA,NA,NA,3.29,7.72,7.29,9.99,4.08,8.5,3.74,3.49,3.15,3.41,0.84,0.86,9.37,10.77,10.07,a-csk-wtcat-holo_b-src-wtcat-apo,"csk-wtcat-holo
src-wtcat-apo",apo,"csk-wtcat-holo
src-wtcat-apo",FALSE,TRUE,Apo,"csk-wtcat-holo
src-wtcat-apo","csk-wtcat-holo
src-wtcat-apo
[SRC = Apo]","csk-wtcat-holo
src-wtcat-apo
[SRC = Apo]",State 1,Active (BLAminus),In,Intact,DFGin
a-csk-wtcat-holo_b-src-wtcat-apo_seed-1013420_sample-4_model,a-csk-wtcat-holo_b-src-wtcat-apo/seed-1013420_sample-4,model.cif,D,SRC-WT,Active (BLAminus),C-lobe Donor,A,NA,NA,NA,2.51,9.56,Intact,No Ligand,In,Packed,DFGin,BLAminus,NTin,CTin,55.91,55.84,16.88,NA,NA,6.83,15.32,2.63,NA,NA,NA,NA,3.18,7.64,7.28,9.95,3.96,8.65,3.61,3.86,3.12,3.39,0.84,0.87,9.38,10.65,10.02,a-csk-wtcat-holo_b-src-wtcat-apo,"csk-wtcat-holo
src-wtcat-apo",apo,"csk-wtcat-holo
src-wtcat-apo",FALSE,TRUE,Apo,"csk-wtcat-holo
src-wtcat-apo","csk-wtcat-holo
src-wtcat-apo
[SRC = Apo]","csk-wtcat-holo
src-wtcat-apo
[SRC = Apo]",State 2,Active (BLAminus),In,Intact,DFGin
a-csk-wtcat-holo_b-src-wtcat-apo_seed-1133722_sample-0_model,a-csk-wtcat-holo_b-src-wtcat-apo/seed-1133722_sample-0,model.cif,D,SRC-WT,Active (BLAminus),C-lobe Donor,A,NA,NA,NA,2.52,9.75,Intact,No Ligand,In,Packed,DFGin,BLAminus,NTin,CTin,62.88,55.03,15.49,NA,NA,6.71,14.82,2.85,NA,NA,NA,NA,3.3,7.71,7.23,10,4.05,8.5,3.71,3.45,3.21,3.44,0.84,0.87,9.26,10.76,10.01,a-csk-wtcat-holo_b-src-wtcat-apo,"csk-wtcat-holo
src-wtcat-apo",apo,"csk-wtcat-holo
src-wtcat-apo",FALSE,TRUE,Apo,"csk-wtcat-holo
src-wtcat-apo","csk-wtcat-holo
src-wtcat-apo
[SRC = Apo]","csk-wtcat-holo
src-wtcat-apo
[SRC = Apo]",State 1,Active (BLAminus),In,Intact,DFGin
a-csk-wtcat-holo_b-src-wtcat-apo_seed-1133722_sample-1_model,a-csk-wtcat-holo_b-src-wtcat-apo/seed-1133722_sample-1,model.cif,D,SRC-WT,Active (BLAminus),C-lobe Donor,A,NA,NA,NA,2.51,10.63,Intact,No Ligand,In,Packed,DFGin,BLAminus,NTin,CTin,58.81,55.88,16.26,NA,NA,6.72,15,2.78,NA,NA,NA,NA,3.15,7.66,7.31,9.97,3.94,8.53,3.73,3.88,3.17,3.42,0.83,0.87,9.39,10.73,10.06,a-csk-wtcat-holo_b-src-wtcat-apo,"csk-wtcat-holo
src-wtcat-apo",apo,"csk-wtcat-holo
src-wtcat-apo",FALSE,TRUE,Apo,"csk-wtcat-holo
src-wtcat-apo","csk-wtcat-holo
src-wtcat-apo
[SRC = Apo]","csk-wtcat-holo
src-wtcat-apo
[SRC = Apo]",State 2,Active (BLAminus),In,Intact,DFGin
a-csk-wtcat-holo_b-src-wtcat-apo_seed-1133722_sample-2_model,a-csk-wtcat-holo_b-src-wtcat-apo/seed-1133722_sample-2,model.cif,D,SRC-WT,Active (BLAminus),C-lobe Donor,A,NA,NA,NA,2.55,9.94,Intact,No Ligand,In,Packed,DFGin,BLAminus,NTin,CTin,62.45,60.72,16.51,NA,NA,6.8,15.17,2.67,NA,NA,NA,NA,3.25,7.7,7.32,9.96,3.98,8.43,3.74,3.87,3.05,3.46,0.84,0.87,9.07,10.58,9.82,a-csk-wtcat-holo_b-src-wtcat-apo,"csk-wtcat-holo
src-wtcat-apo",apo,"csk-wtcat-holo
src-wtcat-apo",FALSE,TRUE,Apo,"csk-wtcat-holo
src-wtcat-apo","csk-wtcat-holo
src-wtcat-apo
[SRC = Apo]","csk-wtcat-holo
src-wtcat-apo
[SRC = Apo]",State 2,Active (BLAminus),In,Intact,DFGin
a-csk-wtcat-holo_b-src-wtcat-apo_seed-1133722_sample-3_model,a-csk-wtcat-holo_b-src-wtcat-apo/seed-1133722_sample-3,model.cif,D,SRC-WT,Active (BLAminus),C-lobe Donor,A,NA,NA,NA,2.56,10.74,Intact,No Ligand,In,Packed,DFGin,BLAminus,NTin,CTin,57.32,54.54,15.34,NA,NA,6.83,15.03,2.9,NA,NA,NA,NA,3.28,7.76,7.22,10.03,4.05,8.56,3.69,3.41,3.31,3.5,0.84,0.87,9.26,10.78,10.02,a-csk-wtcat-holo_b-src-wtcat-apo,"csk-wtcat-holo
src-wtcat-apo",apo,"csk-wtcat-holo
src-wtcat-apo",FALSE,TRUE,Apo,"csk-wtcat-holo
src-wtcat-apo","csk-wtcat-holo
src-wtcat-apo
[SRC = Apo]","csk-wtcat-holo
src-wtcat-apo
[SRC = Apo]",State 3,Active (BLAminus),In,Intact,DFGin
a-csk-wtcat-holo_b-src-wtcat-apo_seed-1133722_sample-4_model,a-csk-wtcat-holo_b-src-wtcat-apo/seed-1133722_sample-4,model.cif,D,SRC-WT,Active (BLAminus),C-lobe Donor,A,NA,NA,NA,2.58,9.6,Intact,No Ligand,In,Packed,DFGin,BLAminus,NTin,CTin,59.22,64.06,17.07,NA,NA,6.64,15.1,2.64,NA,NA,NA,NA,3.23,7.69,7.28,9.92,4.05,8.56,3.75,3.46,3.11,3.38,0.84,0.87,9.18,10.64,9.91,a-csk-wtcat-holo_b-src-wtcat-apo,"csk-wtcat-holo
src-wtcat-apo",apo,"csk-wtcat-holo
src-wtcat-apo",FALSE,TRUE,Apo,"csk-wtcat-holo
src-wtcat-apo","csk-wtcat-holo
src-wtcat-apo
[SRC = Apo]","csk-wtcat-holo
src-wtcat-apo
[SRC = Apo]",State 1,Active (BLAminus),In,Intact,DFGin
a-csk-wtcat-holo_b-src-wtcat-apo_seed-1152403_sample-0_model,a-csk-wtcat-holo_b-src-wtcat-apo/seed-1152403_sample-0,model.cif,D,SRC-WT,Active (BLAminus),C-lobe Donor,A,NA,NA,NA,2.61,9.33,Intact,No Ligand,In,Packed,DFGin,BLAminus,NTin,CTin,56.3,56.3,15.82,NA,NA,6.93,15.36,2.85,NA,NA,NA,NA,3.1,7.71,7.24,10.04,4.05,8.59,3.68,3.46,3.11,3.4,0.83,0.86,9.41,10.82,10.12,a-csk-wtcat-holo_b-src-wtcat-apo,"csk-wtcat-holo
src-wtcat-apo",apo,"csk-wtcat-holo
src-wtcat-apo",FALSE,TRUE,Apo,"csk-wtcat-holo
src-wtcat-apo","csk-wtcat-holo
src-wtcat-apo
[SRC = Apo]","csk-wtcat-holo
src-wtcat-apo
[SRC = Apo]",State 1,Active (BLAminus),In,Intact,DFGin
a-csk-wtcat-holo_b-src-wtcat-apo_seed-1152403_sample-1_model,a-csk-wtcat-holo_b-src-wtcat-apo/seed-1152403_sample-1,model.cif,D,SRC-WT,Active (BLAminus),C-lobe Donor,A,NA,NA,NA,2.63,10.53,Intact,No Ligand,In,Packed,DFGin,BLAminus,NTin,CTin,57.88,57.57,16.11,NA,NA,6.85,15.19,2.8,NA,NA,NA,NA,3.36,7.68,7.28,10.01,4.03,8.64,3.68,3.87,3.25,3.46,0.84,0.87,9.17,10.56,9.87,a-csk-wtcat-holo_b-src-wtcat-apo,"csk-wtcat-holo
src-wtcat-apo",apo,"csk-wtcat-holo
src-wtcat-apo",FALSE,TRUE,Apo,"csk-wtcat-holo
src-wtcat-apo","csk-wtcat-holo
src-wtcat-apo
[SRC = Apo]","csk-wtcat-holo
src-wtcat-apo
[SRC = Apo]",State 2,Active (BLAminus),In,Intact,DFGin
a-csk-wtcat-holo_b-src-wtcat-apo_seed-1152403_sample-3_model,a-csk-wtcat-holo_b-src-wtcat-apo/seed-1152403_sample-3,model.cif,D,SRC-WT,Active (BLAminus),C-lobe Donor,A,NA,NA,NA,2.62,11.82,Intact,No Ligand,In,Packed,DFGin,BLAminus,NTin,CTin,59.87,61.23,16.37,NA,NA,6.78,15.15,2.69,NA,NA,NA,NA,3.44,7.81,7.29,9.92,4.07,8.56,3.86,3.49,3.67,3.39,0.84,0.87,9.25,10.61,9.93,a-csk-wtcat-holo_b-src-wtcat-apo,"csk-wtcat-holo
src-wtcat-apo",apo,"csk-wtcat-holo
src-wtcat-apo",FALSE,TRUE,Apo,"csk-wtcat-holo
src-wtcat-apo","csk-wtcat-holo
src-wtcat-apo
[SRC = Apo]","csk-wtcat-holo
src-wtcat-apo
[SRC = Apo]",State 1,Active (BLAminus),In,Intact,DFGin
a-csk-wtcat-holo_b-src-wtcat-apo_seed-1152403_sample-4_model,a-csk-wtcat-holo_b-src-wtcat-apo/seed-1152403_sample-4,model.cif,D,SRC-WT,Active (BLAminus),C-lobe Donor,A,NA,NA,NA,2.58,10.69,Intact,No Ligand,In,Packed,DFGin,BLAminus,NTin,CTin,57.41,56.21,16.2,NA,NA,6.9,15.12,2.71,NA,NA,NA,NA,3.19,7.73,7.3,9.9,4.07,8.56,3.83,3.56,3.17,3.46,0.84,0.86,9.42,10.66,10.04,a-csk-wtcat-holo_b-src-wtcat-apo,"csk-wtcat-holo
src-wtcat-apo",apo,"csk-wtcat-holo
src-wtcat-apo",FALSE,TRUE,Apo,"csk-wtcat-holo
src-wtcat-apo","csk-wtcat-holo
src-wtcat-apo
[SRC = Apo]","csk-wtcat-holo
src-wtcat-apo
[SRC = Apo]",State 1,Active (BLAminus),In,Intact,DFGin
a-csk-wtcat-holo_b-src-wtcat-apo_seed-1161577_sample-0_model,a-csk-wtcat-holo_b-src-wtcat-apo/seed-1161577_sample-0,model.cif,D,SRC-WT,Active (BLAminus),C-lobe Donor,A,NA,NA,NA,2.5,9.5,Intact,No Ligand,In,Packed,DFGin,BLAminus,NTin,CTin,60.91,60.26,15.89,NA,NA,6.79,15.03,2.57,NA,NA,NA,NA,3.16,7.68,7.28,9.94,4.07,8.56,3.74,3.41,3.09,3.37,0.84,0.86,9.35,10.74,10.04,a-csk-wtcat-holo_b-src-wtcat-apo,"csk-wtcat-holo
src-wtcat-apo",apo,"csk-wtcat-holo
src-wtcat-apo",FALSE,TRUE,Apo,"csk-wtcat-holo
src-wtcat-apo","csk-wtcat-holo
src-wtcat-apo
[SRC = Apo]","csk-wtcat-holo
src-wtcat-apo
[SRC = Apo]",State 1,Active (BLAminus),In,Intact,DFGin
a-csk-wtcat-holo_b-src-wtcat-apo_seed-1161577_sample-1_model,a-csk-wtcat-holo_b-src-wtcat-apo/seed-1161577_sample-1,model.cif,D,SRC-WT,Active (BLAminus),C-lobe Donor,A,NA,NA,NA,2.56,9.62,Intact,No Ligand,In,Packed,DFGin,BLAminus,NTin,CTin,60,61.49,16.12,NA,NA,6.68,14.93,2.67,NA,NA,NA,NA,3.16,7.69,7.26,9.95,4.07,8.43,3.78,3.47,3.15,3.44,0.84,0.86,9.4,10.87,10.13,a-csk-wtcat-holo_b-src-wtcat-apo,"csk-wtcat-holo
src-wtcat-apo",apo,"csk-wtcat-holo
src-wtcat-apo",FALSE,TRUE,Apo,"csk-wtcat-holo
src-wtcat-apo","csk-wtcat-holo
src-wtcat-apo
[SRC = Apo]","csk-wtcat-holo
src-wtcat-apo
[SRC = Apo]",State 1,Active (BLAminus),In,Intact,DFGin
a-csk-wtcat-holo_b-src-wtcat-apo_seed-1161577_sample-2_model,a-csk-wtcat-holo_b-src-wtcat-apo/seed-1161577_sample-2,model.cif,D,SRC-WT,Active (BLAminus),C-lobe Donor,A,NA,NA,NA,2.53,10.15,Intact,No Ligand,In,Packed,DFGin,BLAminus,NTin,CTin,57.05,53.83,16.17,NA,NA,6.87,15.26,2.82,NA,NA,NA,NA,3.2,7.66,7.31,9.93,4.06,8.51,3.77,3.46,3.08,3.38,0.84,0.87,9.29,10.69,9.99,a-csk-wtcat-holo_b-src-wtcat-apo,"csk-wtcat-holo
src-wtcat-apo",apo,"csk-wtcat-holo
src-wtcat-apo",FALSE,TRUE,Apo,"csk-wtcat-holo
src-wtcat-apo","csk-wtcat-holo
src-wtcat-apo
[SRC = Apo]","csk-wtcat-holo
src-wtcat-apo
[SRC = Apo]",State 1,Active (BLAminus),In,Intact,DFGin
a-csk-wtcat-holo_b-src-wtcat-apo_seed-1161577_sample-3_model,a-csk-wtcat-holo_b-src-wtcat-apo/seed-1161577_sample-3,model.cif,D,SRC-WT,Active (BLAminus),C-lobe Donor,A,NA,NA,NA,2.56,9.82,Intact,No Ligand,In,Packed,DFGin,BLAminus,NTin,CTin,60.81,61.33,15.78,NA,NA,6.83,15.17,2.75,NA,NA,NA,NA,3.24,7.68,7.26,9.97,4.06,8.38,3.76,3.45,3.18,3.46,0.84,0.86,9.44,10.81,10.12,a-csk-wtcat-holo_b-src-wtcat-apo,"csk-wtcat-holo
src-wtcat-apo",apo,"csk-wtcat-holo
src-wtcat-apo",FALSE,TRUE,Apo,"csk-wtcat-holo
src-wtcat-apo","csk-wtcat-holo
src-wtcat-apo
[SRC = Apo]","csk-wtcat-holo
src-wtcat-apo
[SRC = Apo]",State 1,Active (BLAminus),In,Intact,DFGin
a-csk-wtcat-holo_b-src-wtcat-apo_seed-1161577_sample-4_model,a-csk-wtcat-holo_b-src-wtcat-apo/seed-1161577_sample-4,model.cif,D,SRC-WT,Active (BLAminus),C-lobe Donor,A,NA,NA,NA,2.61,10.02,Intact,No Ligand,In,Packed,DFGin,BLAminus,NTin,CTin,56.75,55.74,16.06,NA,NA,6.91,15.2,2.79,NA,NA,NA,NA,3.23,7.68,7.27,9.94,3.96,8.59,3.6,3.89,3.27,3.48,0.82,0.86,9.69,11.13,10.41,a-csk-wtcat-holo_b-src-wtcat-apo,"csk-wtcat-holo
src-wtcat-apo",apo,"csk-wtcat-holo
src-wtcat-apo",FALSE,TRUE,Apo,"csk-wtcat-holo
src-wtcat-apo","csk-wtcat-holo
src-wtcat-apo
[SRC = Apo]","csk-wtcat-holo
src-wtcat-apo
[SRC = Apo]",State 2,Active (BLAminus),In,Intact,DFGin
a-csk-wtcat-holo_b-src-wtcat-apo_seed-1288544_sample-0_model,a-csk-wtcat-holo_b-src-wtcat-apo/seed-1288544_sample-0,model.cif,D,SRC-WT,Active (BLAminus),C-lobe Donor,A,NA,NA,NA,2.59,9.99,Intact,No Ligand,In,Packed,DFGin,BLAminus,NTin,CTin,57.69,58.24,15.97,NA,NA,6.75,15.05,2.72,NA,NA,NA,NA,3.27,7.76,7.25,10.02,4.05,8.58,3.8,3.4,3.15,3.4,0.84,0.87,9.14,10.5,9.82,a-csk-wtcat-holo_b-src-wtcat-apo,"csk-wtcat-holo
src-wtcat-apo",apo,"csk-wtcat-holo
src-wtcat-apo",FALSE,TRUE,Apo,"csk-wtcat-holo
src-wtcat-apo","csk-wtcat-holo
src-wtcat-apo
[SRC = Apo]","csk-wtcat-holo
src-wtcat-apo
[SRC = Apo]",State 1,Active (BLAminus),In,Intact,DFGin
a-csk-wtcat-holo_b-src-wtcat-apo_seed-1288544_sample-1_model,a-csk-wtcat-holo_b-src-wtcat-apo/seed-1288544_sample-1,model.cif,D,SRC-WT,Active (BLAminus),C-lobe Donor,A,NA,NA,NA,2.6,10.75,Intact,No Ligand,In,Packed,DFGin,BLAminus,NTin,CTin,57.32,56.81,16.56,NA,NA,6.8,15.21,2.87,NA,NA,NA,NA,3.18,7.68,7.27,9.95,3.97,8.59,3.68,3.81,3.19,3.45,0.84,0.87,9.28,10.48,9.88,a-csk-wtcat-holo_b-src-wtcat-apo,"csk-wtcat-holo
src-wtcat-apo",apo,"csk-wtcat-holo
src-wtcat-apo",FALSE,TRUE,Apo,"csk-wtcat-holo
src-wtcat-apo","csk-wtcat-holo
src-wtcat-apo
[SRC = Apo]","csk-wtcat-holo
src-wtcat-apo
[SRC = Apo]",State 2,Active (BLAminus),In,Intact,DFGin
a-csk-wtcat-holo_b-src-wtcat-apo_seed-1288544_sample-2_model,a-csk-wtcat-holo_b-src-wtcat-apo/seed-1288544_sample-2,model.cif,D,SRC-WT,Active (BLAminus),C-lobe Donor,A,NA,NA,NA,2.49,9.74,Intact,No Ligand,In,Packed,DFGin,BLAminus,NTin,CTin,63.38,57.4,15.57,NA,NA,6.79,14.99,2.66,NA,NA,NA,NA,3.08,7.67,7.29,10.02,4.08,8.48,3.74,3.45,3.22,3.42,0.84,0.87,9.25,10.73,9.99,a-csk-wtcat-holo_b-src-wtcat-apo,"csk-wtcat-holo
src-wtcat-apo",apo,"csk-wtcat-holo
src-wtcat-apo",FALSE,TRUE,Apo,"csk-wtcat-holo
src-wtcat-apo","csk-wtcat-holo
src-wtcat-apo
[SRC = Apo]","csk-wtcat-holo
src-wtcat-apo
[SRC = Apo]",State 1,Active (BLAminus),In,Intact,DFGin
a-csk-wtcat-holo_b-src-wtcat-apo_seed-1288544_sample-3_model,a-csk-wtcat-holo_b-src-wtcat-apo/seed-1288544_sample-3,model.cif,D,SRC-WT,Inactive (BLBplus),C-lobe Donor,A,NA,NA,NA,2.53,9.96,Intact,No Ligand,Out,Packed,DFGin,BLBplus,NTout,CTin,57.67,22.23,14.11,NA,NA,4.9,13.19,12.63,NA,NA,NA,NA,3.09,7.6,7.28,10.25,3.84,9.65,3.61,4.16,3.2,3.47,0.85,0.87,8.92,10.64,9.78,a-csk-wtcat-holo_b-src-wtcat-apo,"csk-wtcat-holo
src-wtcat-apo",apo,"csk-wtcat-holo
src-wtcat-apo",FALSE,TRUE,Apo,"csk-wtcat-holo
src-wtcat-apo","csk-wtcat-holo
src-wtcat-apo
[SRC = Apo]","csk-wtcat-holo
src-wtcat-apo
[SRC = Apo]",State 2,Other,Other,Intact,DFGin
a-csk-wtcat-holo_b-src-wtcat-apo_seed-1288544_sample-4_model,a-csk-wtcat-holo_b-src-wtcat-apo/seed-1288544_sample-4,model.cif,D,SRC-WT,Active (BLAminus),C-lobe Donor,A,NA,NA,NA,2.55,9.59,Intact,No Ligand,In,Packed,DFGin,BLAminus,NTin,CTin,57.66,54.9,15.69,NA,NA,6.91,15.14,2.85,NA,NA,NA,NA,3.14,7.65,7.3,10.05,4.07,8.53,3.74,3.44,3.03,3.37,0.85,0.87,9.11,10.53,9.82,a-csk-wtcat-holo_b-src-wtcat-apo,"csk-wtcat-holo
src-wtcat-apo",apo,"csk-wtcat-holo
src-wtcat-apo",FALSE,TRUE,Apo,"csk-wtcat-holo
src-wtcat-apo","csk-wtcat-holo
src-wtcat-apo
[SRC = Apo]","csk-wtcat-holo
src-wtcat-apo
[SRC = Apo]",State 1,Active (BLAminus),In,Intact,DFGin
a-csk-wtcat-holo_b-src-wtcat-apo_seed-1313767_sample-0_model,a-csk-wtcat-holo_b-src-wtcat-apo/seed-1313767_sample-0,model.cif,D,SRC-WT,Active (BLAminus),C-lobe Donor,A,NA,NA,NA,2.57,10.11,Intact,No Ligand,In,Packed,DFGin,BLAminus,NTin,CTin,60.71,60.29,15.71,NA,NA,6.83,14.98,2.87,NA,NA,NA,NA,3.38,7.69,7.33,9.96,3.99,8.62,3.71,3.92,3.21,3.4,0.83,0.87,9.37,10.83,10.1,a-csk-wtcat-holo_b-src-wtcat-apo,"csk-wtcat-holo
src-wtcat-apo",apo,"csk-wtcat-holo
src-wtcat-apo",FALSE,TRUE,Apo,"csk-wtcat-holo
src-wtcat-apo","csk-wtcat-holo
src-wtcat-apo
[SRC = Apo]","csk-wtcat-holo
src-wtcat-apo
[SRC = Apo]",State 2,Active (BLAminus),In,Intact,DFGin
a-csk-wtcat-holo_b-src-wtcat-apo_seed-1313767_sample-1_model,a-csk-wtcat-holo_b-src-wtcat-apo/seed-1313767_sample-1,model.cif,D,SRC-WT,Active (BLAminus),C-lobe Donor,A,NA,NA,NA,2.61,9.35,Intact,No Ligand,In,Packed,DFGin,BLAminus,NTin,CTin,57.07,56,15.97,NA,NA,6.93,15.03,2.87,NA,NA,NA,NA,3.17,7.77,7.33,10.01,4.1,8.56,3.86,3.47,3.1,3.4,0.83,0.86,9.32,10.78,10.05,a-csk-wtcat-holo_b-src-wtcat-apo,"csk-wtcat-holo
src-wtcat-apo",apo,"csk-wtcat-holo
src-wtcat-apo",FALSE,TRUE,Apo,"csk-wtcat-holo
src-wtcat-apo","csk-wtcat-holo
src-wtcat-apo
[SRC = Apo]","csk-wtcat-holo
src-wtcat-apo
[SRC = Apo]",State 1,Active (BLAminus),In,Intact,DFGin
a-csk-wtcat-holo_b-src-wtcat-apo_seed-1313767_sample-2_model,a-csk-wtcat-holo_b-src-wtcat-apo/seed-1313767_sample-2,model.cif,D,SRC-WT,Active (BLAminus),C-lobe Donor,A,NA,NA,NA,2.59,10.63,Intact,No Ligand,In,Packed,DFGin,BLAminus,NTin,CTin,57.54,57.1,15.86,NA,NA,6.7,14.88,2.71,NA,NA,NA,NA,3.33,7.68,7.31,10.01,4.01,8.51,3.77,3.87,3.18,3.38,0.83,0.86,9.45,10.83,10.14,a-csk-wtcat-holo_b-src-wtcat-apo,"csk-wtcat-holo
src-wtcat-apo",apo,"csk-wtcat-holo
src-wtcat-apo",FALSE,TRUE,Apo,"csk-wtcat-holo
src-wtcat-apo","csk-wtcat-holo
src-wtcat-apo
[SRC = Apo]","csk-wtcat-holo
src-wtcat-apo
[SRC = Apo]",State 2,Active (BLAminus),In,Intact,DFGin
a-csk-wtcat-holo_b-src-wtcat-apo_seed-1313767_sample-3_model,a-csk-wtcat-holo_b-src-wtcat-apo/seed-1313767_sample-3,model.cif,D,SRC-WT,Active (BLAminus),C-lobe Donor,A,NA,NA,NA,2.55,11.23,Intact,No Ligand,In,Packed,DFGin,BLAminus,NTin,CTin,60.87,61.95,15.95,NA,NA,6.87,15.36,2.77,NA,NA,NA,NA,3.29,7.74,7.26,9.97,4.07,8.51,3.76,3.4,3.15,3.46,0.84,0.87,9.23,10.53,9.88,a-csk-wtcat-holo_b-src-wtcat-apo,"csk-wtcat-holo
src-wtcat-apo",apo,"csk-wtcat-holo
src-wtcat-apo",FALSE,TRUE,Apo,"csk-wtcat-holo
src-wtcat-apo","csk-wtcat-holo
src-wtcat-apo
[SRC = Apo]","csk-wtcat-holo
src-wtcat-apo
[SRC = Apo]",State 1,Active (BLAminus),In,Intact,DFGin
a-csk-wtcat-holo_b-src-wtcat-apo_seed-1313767_sample-4_model,a-csk-wtcat-holo_b-src-wtcat-apo/seed-1313767_sample-4,model.cif,D,SRC-WT,Active (BLAminus),C-lobe Donor,A,NA,NA,NA,2.62,9.21,Intact,No Ligand,In,Packed,DFGin,BLAminus,NTin,CTin,55.92,57.07,15.8,NA,NA,6.75,14.94,2.67,NA,NA,NA,NA,3.42,7.7,7.29,9.93,3.98,8.62,3.71,3.84,3.17,3.39,0.83,0.86,9.55,11.05,10.3,a-csk-wtcat-holo_b-src-wtcat-apo,"csk-wtcat-holo
src-wtcat-apo",apo,"csk-wtcat-holo
src-wtcat-apo",FALSE,TRUE,Apo,"csk-wtcat-holo
src-wtcat-apo","csk-wtcat-holo
src-wtcat-apo
[SRC = Apo]","csk-wtcat-holo
src-wtcat-apo
[SRC = Apo]",State 2,Active (BLAminus),In,Intact,DFGin
a-csk-wtcat-holo_b-src-wtcat-apo_seed-1445952_sample-0_model,a-csk-wtcat-holo_b-src-wtcat-apo/seed-1445952_sample-0,model.cif,D,SRC-WT,Active (BLAminus),C-lobe Donor,A,NA,NA,NA,2.59,9.25,Intact,No Ligand,In,Packed,DFGin,BLAminus,NTin,CTin,59.7,58.49,16.3,NA,NA,6.77,15,2.63,NA,NA,NA,NA,3.25,7.74,7.25,9.93,4.09,8.59,3.82,3.41,3.15,3.39,0.84,0.86,9.31,10.67,9.99,a-csk-wtcat-holo_b-src-wtcat-apo,"csk-wtcat-holo
src-wtcat-apo",apo,"csk-wtcat-holo
src-wtcat-apo",FALSE,TRUE,Apo,"csk-wtcat-holo
src-wtcat-apo","csk-wtcat-holo
src-wtcat-apo
[SRC = Apo]","csk-wtcat-holo
src-wtcat-apo
[SRC = Apo]",State 1,Active (BLAminus),In,Intact,DFGin
a-csk-wtcat-holo_b-src-wtcat-apo_seed-1445952_sample-1_model,a-csk-wtcat-holo_b-src-wtcat-apo/seed-1445952_sample-1,model.cif,D,SRC-WT,Active (BLAminus),C-lobe Donor,A,NA,NA,NA,2.62,9.39,Intact,No Ligand,In,Packed,DFGin,BLAminus,NTin,CTin,60.14,62.07,15.82,NA,NA,6.81,14.96,2.68,NA,NA,NA,NA,3.39,7.74,7.29,9.94,4.09,8.56,3.74,3.46,3.15,3.46,0.85,0.87,9.09,10.68,9.88,a-csk-wtcat-holo_b-src-wtcat-apo,"csk-wtcat-holo
src-wtcat-apo",apo,"csk-wtcat-holo
src-wtcat-apo",FALSE,TRUE,Apo,"csk-wtcat-holo
src-wtcat-apo","csk-wtcat-holo
src-wtcat-apo
[SRC = Apo]","csk-wtcat-holo
src-wtcat-apo
[SRC = Apo]",State 1,Active (BLAminus),In,Intact,DFGin
a-csk-wtcat-holo_b-src-wtcat-apo_seed-1445952_sample-2_model,a-csk-wtcat-holo_b-src-wtcat-apo/seed-1445952_sample-2,model.cif,D,SRC-WT,Inactive (BLBplus),C-lobe Donor,A,NA,NA,NA,2.48,9.7,Intact,No Ligand,Out,Packed,DFGin,BLBplus,NTin,CTin,57.67,22.66,12.43,NA,NA,4.69,13.04,11.09,NA,NA,NA,NA,3.12,7.64,7.25,10.33,3.71,9.77,3.54,4.06,3.2,3.46,0.83,0.85,9.99,11.3,10.64,a-csk-wtcat-holo_b-src-wtcat-apo,"csk-wtcat-holo
src-wtcat-apo",apo,"csk-wtcat-holo
src-wtcat-apo",FALSE,TRUE,Apo,"csk-wtcat-holo
src-wtcat-apo","csk-wtcat-holo
src-wtcat-apo
[SRC = Apo]","csk-wtcat-holo
src-wtcat-apo
[SRC = Apo]",State 2,Other,Other,Intact,DFGin
a-csk-wtcat-holo_b-src-wtcat-apo_seed-1445952_sample-3_model,a-csk-wtcat-holo_b-src-wtcat-apo/seed-1445952_sample-3,model.cif,D,SRC-WT,Active (BLAminus),C-lobe Donor,A,NA,NA,NA,2.55,12.29,Intact,No Ligand,In,Packed,DFGin,BLAminus,NTin,CTin,60.71,63.33,15.4,NA,NA,6.59,14.49,2.74,NA,NA,NA,NA,3.14,7.7,7.3,9.97,4.05,8.53,3.72,3.44,3.14,3.47,0.84,0.87,9.12,10.52,9.82,a-csk-wtcat-holo_b-src-wtcat-apo,"csk-wtcat-holo
src-wtcat-apo",apo,"csk-wtcat-holo
src-wtcat-apo",FALSE,TRUE,Apo,"csk-wtcat-holo
src-wtcat-apo","csk-wtcat-holo
src-wtcat-apo
[SRC = Apo]","csk-wtcat-holo
src-wtcat-apo
[SRC = Apo]",State 3,Active (BLAminus),In,Intact,DFGin
a-csk-wtcat-holo_b-src-wtcat-apo_seed-1445952_sample-4_model,a-csk-wtcat-holo_b-src-wtcat-apo/seed-1445952_sample-4,model.cif,D,SRC-WT,Active (BLAminus),C-lobe Donor,A,NA,NA,NA,2.59,9.99,Intact,No Ligand,In,Packed,DFGin,BLAminus,NTin,CTin,56.73,55.47,15.85,NA,NA,6.87,15.16,2.77,NA,NA,NA,NA,3.36,7.76,7.25,10.05,4.06,8.56,3.74,3.52,3.29,3.38,0.84,0.87,9.17,10.57,9.87,a-csk-wtcat-holo_b-src-wtcat-apo,"csk-wtcat-holo
src-wtcat-apo",apo,"csk-wtcat-holo
src-wtcat-apo",FALSE,TRUE,Apo,"csk-wtcat-holo
src-wtcat-apo","csk-wtcat-holo
src-wtcat-apo
[SRC = Apo]","csk-wtcat-holo
src-wtcat-apo
[SRC = Apo]",State 1,Active (BLAminus),In,Intact,DFGin
a-csk-wtcat-holo_b-src-wtcat-apo_seed-1475784_sample-0_model,a-csk-wtcat-holo_b-src-wtcat-apo/seed-1475784_sample-0,model.cif,D,SRC-WT,Inactive (BLBminus),C-lobe Donor,A,NA,NA,NA,2.47,9.75,Intact,No Ligand,Out,Packed,DFGin,BLBminus,NTout,CTout,55.16,46.4,13.86,NA,NA,7.57,15.01,7.94,NA,NA,NA,NA,3.43,7.66,7.27,10.31,3.83,9.73,3.56,4.01,2.93,3.43,0.84,0.86,9.32,10.97,10.14,a-csk-wtcat-holo_b-src-wtcat-apo,"csk-wtcat-holo
src-wtcat-apo",apo,"csk-wtcat-holo
src-wtcat-apo",FALSE,TRUE,Apo,"csk-wtcat-holo
src-wtcat-apo","csk-wtcat-holo
src-wtcat-apo
[SRC = Apo]","csk-wtcat-holo
src-wtcat-apo
[SRC = Apo]",State 2,Other,Other,Intact,DFGin
a-csk-wtcat-holo_b-src-wtcat-apo_seed-1475784_sample-1_model,a-csk-wtcat-holo_b-src-wtcat-apo/seed-1475784_sample-1,model.cif,D,SRC-WT,Active (BLAminus),C-lobe Donor,A,NA,NA,NA,2.57,10.97,Intact,No Ligand,In,Packed,DFGin,BLAminus,NTin,CTin,60.12,60.48,16.67,NA,NA,6.76,15.2,2.77,NA,NA,NA,NA,3.21,7.68,7.3,9.94,4.08,8.6,3.73,3.56,3.13,3.39,0.84,0.87,9.19,10.55,9.87,a-csk-wtcat-holo_b-src-wtcat-apo,"csk-wtcat-holo
src-wtcat-apo",apo,"csk-wtcat-holo
src-wtcat-apo",FALSE,TRUE,Apo,"csk-wtcat-holo
src-wtcat-apo","csk-wtcat-holo
src-wtcat-apo
[SRC = Apo]","csk-wtcat-holo
src-wtcat-apo
[SRC = Apo]",State 1,Active (BLAminus),In,Intact,DFGin
a-csk-wtcat-holo_b-src-wtcat-apo_seed-1475784_sample-2_model,a-csk-wtcat-holo_b-src-wtcat-apo/seed-1475784_sample-2,model.cif,D,SRC-WT,Active (BLAminus),C-lobe Donor,A,NA,NA,NA,2.56,11.89,Intact,No Ligand,In,Packed,DFGin,BLAminus,NTin,CTin,61.09,60,15.44,NA,NA,6.81,15.04,2.66,NA,NA,NA,NA,3.34,7.72,7.29,10.01,4.07,8.5,3.82,3.4,3.06,3.44,0.83,0.86,9.55,10.93,10.24,a-csk-wtcat-holo_b-src-wtcat-apo,"csk-wtcat-holo
src-wtcat-apo",apo,"csk-wtcat-holo
src-wtcat-apo",FALSE,TRUE,Apo,"csk-wtcat-holo
src-wtcat-apo","csk-wtcat-holo
src-wtcat-apo
[SRC = Apo]","csk-wtcat-holo
src-wtcat-apo
[SRC = Apo]",State 1,Active (BLAminus),In,Intact,DFGin
a-csk-wtcat-holo_b-src-wtcat-apo_seed-1475784_sample-3_model,a-csk-wtcat-holo_b-src-wtcat-apo/seed-1475784_sample-3,model.cif,D,SRC-WT,Active (BLAminus),C-lobe Donor,A,NA,NA,NA,2.61,9.67,Intact,No Ligand,In,Packed,DFGin,BLAminus,NTin,CTin,60.58,59.36,14.6,NA,NA,6.83,14.94,3,NA,NA,NA,NA,3.32,7.75,7.28,9.92,4.02,8.45,3.79,3.46,3.11,3.41,0.84,0.87,9.27,10.74,10,a-csk-wtcat-holo_b-src-wtcat-apo,"csk-wtcat-holo
src-wtcat-apo",apo,"csk-wtcat-holo
src-wtcat-apo",FALSE,TRUE,Apo,"csk-wtcat-holo
src-wtcat-apo","csk-wtcat-holo
src-wtcat-apo
[SRC = Apo]","csk-wtcat-holo
src-wtcat-apo
[SRC = Apo]",State 1,Active (BLAminus),In,Intact,DFGin
a-csk-wtcat-holo_b-src-wtcat-apo_seed-1475784_sample-4_model,a-csk-wtcat-holo_b-src-wtcat-apo/seed-1475784_sample-4,model.cif,D,SRC-WT,Active (BLAminus),C-lobe Donor,A,NA,NA,NA,2.52,9.31,Intact,No Ligand,In,Packed,DFGin,BLAminus,NTin,CTin,56.62,56.45,16.52,NA,NA,6.81,15.32,2.77,NA,NA,NA,NA,3.21,7.66,7.27,9.95,4.05,8.51,3.69,3.4,3.01,3.39,0.84,0.86,9.39,10.63,10.01,a-csk-wtcat-holo_b-src-wtcat-apo,"csk-wtcat-holo
src-wtcat-apo",apo,"csk-wtcat-holo
src-wtcat-apo",FALSE,TRUE,Apo,"csk-wtcat-holo
src-wtcat-apo","csk-wtcat-holo
src-wtcat-apo
[SRC = Apo]","csk-wtcat-holo
src-wtcat-apo
[SRC = Apo]",State 1,Active (BLAminus),In,Intact,DFGin
a-csk-wtcat-holo_b-src-wtcat-apo_seed-1546764_sample-0_model,a-csk-wtcat-holo_b-src-wtcat-apo/seed-1546764_sample-0,model.cif,D,SRC-WT,Active (BLAminus),C-lobe Donor,A,NA,NA,NA,2.55,9.51,Intact,No Ligand,In,Packed,DFGin,BLAminus,NTin,CTin,60.14,62.04,16.53,NA,NA,6.79,15.21,2.68,NA,NA,NA,NA,3.36,7.71,7.3,10,4.08,8.57,3.74,3.43,3.19,3.38,0.85,0.87,9.19,10.54,9.86,a-csk-wtcat-holo_b-src-wtcat-apo,"csk-wtcat-holo
src-wtcat-apo",apo,"csk-wtcat-holo
src-wtcat-apo",FALSE,TRUE,Apo,"csk-wtcat-holo
src-wtcat-apo","csk-wtcat-holo
src-wtcat-apo
[SRC = Apo]","csk-wtcat-holo
src-wtcat-apo
[SRC = Apo]",State 1,Active (BLAminus),In,Intact,DFGin
a-csk-wtcat-holo_b-src-wtcat-apo_seed-1546764_sample-1_model,a-csk-wtcat-holo_b-src-wtcat-apo/seed-1546764_sample-1,model.cif,D,SRC-WT,Active (BLAminus),C-lobe Donor,A,NA,NA,NA,2.58,10.34,Intact,No Ligand,In,Packed,DFGin,BLAminus,NTin,CTin,61.45,61.92,16.7,NA,NA,6.65,15.07,2.73,NA,NA,NA,NA,3.19,7.66,7.28,9.96,4.07,8.55,3.73,3.52,3.11,3.4,0.84,0.87,9.23,10.58,9.91,a-csk-wtcat-holo_b-src-wtcat-apo,"csk-wtcat-holo
src-wtcat-apo",apo,"csk-wtcat-holo
src-wtcat-apo",FALSE,TRUE,Apo,"csk-wtcat-holo
src-wtcat-apo","csk-wtcat-holo
src-wtcat-apo
[SRC = Apo]","csk-wtcat-holo
src-wtcat-apo
[SRC = Apo]",State 1,Active (BLAminus),In,Intact,DFGin
a-csk-wtcat-holo_b-src-wtcat-apo_seed-1546764_sample-2_model,a-csk-wtcat-holo_b-src-wtcat-apo/seed-1546764_sample-2,model.cif,D,SRC-WT,Active (BLAminus),C-lobe Donor,A,NA,NA,NA,2.58,9.44,Intact,No Ligand,In,Packed,DFGin,BLAminus,NTin,CTin,57.51,57.46,15.97,NA,NA,6.74,15.04,3.05,NA,NA,NA,NA,3.31,7.72,7.22,9.98,4.07,8.4,3.71,3.47,2.99,3.48,0.84,0.87,9.31,10.73,10.02,a-csk-wtcat-holo_b-src-wtcat-apo,"csk-wtcat-holo
src-wtcat-apo",apo,"csk-wtcat-holo
src-wtcat-apo",FALSE,TRUE,Apo,"csk-wtcat-holo
src-wtcat-apo","csk-wtcat-holo
src-wtcat-apo
[SRC = Apo]","csk-wtcat-holo
src-wtcat-apo
[SRC = Apo]",State 1,Active (BLAminus),In,Intact,DFGin
a-csk-wtcat-holo_b-src-wtcat-apo_seed-1546764_sample-3_model,a-csk-wtcat-holo_b-src-wtcat-apo/seed-1546764_sample-3,model.cif,D,SRC-WT,Active (BLAminus),C-lobe Donor,A,NA,NA,NA,2.55,9.33,Intact,No Ligand,In,Packed,DFGin,BLAminus,NTin,CTin,61,58.81,15.91,NA,NA,6.74,14.99,2.7,NA,NA,NA,NA,3.21,7.73,7.26,9.93,4.06,8.63,3.75,3.41,3.12,3.38,0.83,0.86,9.78,10.83,10.3,a-csk-wtcat-holo_b-src-wtcat-apo,"csk-wtcat-holo
src-wtcat-apo",apo,"csk-wtcat-holo
src-wtcat-apo",FALSE,TRUE,Apo,"csk-wtcat-holo
src-wtcat-apo","csk-wtcat-holo
src-wtcat-apo
[SRC = Apo]","csk-wtcat-holo
src-wtcat-apo
[SRC = Apo]",State 1,Active (BLAminus),In,Intact,DFGin
a-csk-wtcat-holo_b-src-wtcat-apo_seed-1546764_sample-4_model,a-csk-wtcat-holo_b-src-wtcat-apo/seed-1546764_sample-4,model.cif,D,SRC-WT,Active (BLAminus),C-lobe Donor,A,NA,NA,NA,2.52,10.02,Intact,No Ligand,In,Packed,DFGin,BLAminus,NTin,CTin,61.75,58.82,15.42,NA,NA,6.7,14.81,3.06,NA,NA,NA,NA,3.15,7.7,7.26,9.99,4.06,8.55,3.72,3.49,3.16,3.39,0.84,0.86,9.41,10.76,10.09,a-csk-wtcat-holo_b-src-wtcat-apo,"csk-wtcat-holo
src-wtcat-apo",apo,"csk-wtcat-holo
src-wtcat-apo",FALSE,TRUE,Apo,"csk-wtcat-holo
src-wtcat-apo","csk-wtcat-holo
src-wtcat-apo
[SRC = Apo]","csk-wtcat-holo
src-wtcat-apo
[SRC = Apo]",State 1,Active (BLAminus),In,Intact,DFGin
a-csk-wtcat-holo_b-src-wtcat-apo_seed-168561_sample-0_model,a-csk-wtcat-holo_b-src-wtcat-apo/seed-168561_sample-0,model.cif,D,SRC-WT,Active (BLAminus),C-lobe Donor,A,NA,NA,NA,2.57,9.53,Intact,No Ligand,In,Packed,DFGin,BLAminus,NTin,CTin,56.11,56.34,15.96,NA,NA,6.93,15.24,3.03,NA,NA,NA,NA,3.18,7.69,7.27,9.95,3.95,8.56,3.64,3.83,3.26,3.44,0.84,0.87,9.26,10.74,10,a-csk-wtcat-holo_b-src-wtcat-apo,"csk-wtcat-holo
src-wtcat-apo",apo,"csk-wtcat-holo
src-wtcat-apo",FALSE,TRUE,Apo,"csk-wtcat-holo
src-wtcat-apo","csk-wtcat-holo
src-wtcat-apo
[SRC = Apo]","csk-wtcat-holo
src-wtcat-apo
[SRC = Apo]",State 2,Active (BLAminus),In,Intact,DFGin
a-csk-wtcat-holo_b-src-wtcat-apo_seed-168561_sample-1_model,a-csk-wtcat-holo_b-src-wtcat-apo/seed-168561_sample-1,model.cif,D,SRC-WT,Active (BLAminus),C-lobe Donor,A,NA,NA,NA,2.56,9.97,Intact,No Ligand,In,Packed,DFGin,BLAminus,NTin,CTin,61.6,59.03,15.77,NA,NA,6.73,14.88,2.64,NA,NA,NA,NA,3.43,7.73,7.24,9.94,4.08,8.62,3.71,3.4,3.22,3.39,0.84,0.86,9.48,10.88,10.18,a-csk-wtcat-holo_b-src-wtcat-apo,"csk-wtcat-holo
src-wtcat-apo",apo,"csk-wtcat-holo
src-wtcat-apo",FALSE,TRUE,Apo,"csk-wtcat-holo
src-wtcat-apo","csk-wtcat-holo
src-wtcat-apo
[SRC = Apo]","csk-wtcat-holo
src-wtcat-apo
[SRC = Apo]",State 1,Active (BLAminus),In,Intact,DFGin
a-csk-wtcat-holo_b-src-wtcat-apo_seed-168561_sample-2_model,a-csk-wtcat-holo_b-src-wtcat-apo/seed-168561_sample-2,model.cif,D,SRC-WT,Active (BLAminus),C-lobe Donor,A,NA,NA,NA,2.55,10.03,Intact,No Ligand,In,Packed,DFGin,BLAminus,NTin,CTin,59.16,61.46,16.02,NA,NA,6.77,15.07,2.63,NA,NA,NA,NA,3.36,7.67,7.27,9.97,4.04,8.48,3.77,3.43,3.07,3.37,0.84,0.87,9.14,10.59,9.87,a-csk-wtcat-holo_b-src-wtcat-apo,"csk-wtcat-holo
src-wtcat-apo",apo,"csk-wtcat-holo
src-wtcat-apo",FALSE,TRUE,Apo,"csk-wtcat-holo
src-wtcat-apo","csk-wtcat-holo
src-wtcat-apo
[SRC = Apo]","csk-wtcat-holo
src-wtcat-apo
[SRC = Apo]",State 1,Active (BLAminus),In,Intact,DFGin
a-csk-wtcat-holo_b-src-wtcat-apo_seed-168561_sample-3_model,a-csk-wtcat-holo_b-src-wtcat-apo/seed-168561_sample-3,model.cif,D,SRC-WT,Active (BLAminus),C-lobe Donor,A,NA,NA,NA,2.54,9.92,Intact,No Ligand,In,Packed,DFGin,BLAminus,NTin,CTin,60,61.63,15.84,NA,NA,6.83,15.03,2.66,NA,NA,NA,NA,3.37,7.69,7.22,9.92,4.09,8.44,3.67,3.43,3.22,3.44,0.84,0.86,9.76,10.75,10.25,a-csk-wtcat-holo_b-src-wtcat-apo,"csk-wtcat-holo
src-wtcat-apo",apo,"csk-wtcat-holo
src-wtcat-apo",FALSE,TRUE,Apo,"csk-wtcat-holo
src-wtcat-apo","csk-wtcat-holo
src-wtcat-apo
[SRC = Apo]","csk-wtcat-holo
src-wtcat-apo
[SRC = Apo]",State 1,Active (BLAminus),In,Intact,DFGin
a-csk-wtcat-holo_b-src-wtcat-apo_seed-168561_sample-4_model,a-csk-wtcat-holo_b-src-wtcat-apo/seed-168561_sample-4,model.cif,D,SRC-WT,Active (BLAminus),C-lobe Donor,A,NA,NA,NA,2.55,10.62,Intact,No Ligand,In,Packed,DFGin,BLAminus,NTin,CTin,58.17,55.71,15.83,NA,NA,6.86,15.19,2.77,NA,NA,NA,NA,3.53,7.68,7.26,9.99,4.08,8.42,3.72,3.45,3.13,3.45,0.84,0.86,9.39,10.79,10.09,a-csk-wtcat-holo_b-src-wtcat-apo,"csk-wtcat-holo
src-wtcat-apo",apo,"csk-wtcat-holo
src-wtcat-apo",FALSE,TRUE,Apo,"csk-wtcat-holo
src-wtcat-apo","csk-wtcat-holo
src-wtcat-apo
[SRC = Apo]","csk-wtcat-holo
src-wtcat-apo
[SRC = Apo]",State 1,Active (BLAminus),In,Intact,DFGin
a-csk-wtcat-holo_b-src-wtcat-apo_seed-1945009_sample-0_model,a-csk-wtcat-holo_b-src-wtcat-apo/seed-1945009_sample-0,model.cif,D,SRC-WT,Active (BLAminus),C-lobe Donor,A,NA,NA,NA,2.58,11.07,Intact,No Ligand,In,Packed,DFGin,BLAminus,NTin,CTin,58.95,55.28,15.91,NA,NA,6.84,15.23,2.77,NA,NA,NA,NA,3.17,7.71,7.31,9.96,4.06,8.58,3.82,3.44,3,3.44,0.84,0.86,9.36,10.76,10.06,a-csk-wtcat-holo_b-src-wtcat-apo,"csk-wtcat-holo
src-wtcat-apo",apo,"csk-wtcat-holo
src-wtcat-apo",FALSE,TRUE,Apo,"csk-wtcat-holo
src-wtcat-apo","csk-wtcat-holo
src-wtcat-apo
[SRC = Apo]","csk-wtcat-holo
src-wtcat-apo
[SRC = Apo]",State 1,Active (BLAminus),In,Intact,DFGin
a-csk-wtcat-holo_b-src-wtcat-apo_seed-1945009_sample-1_model,a-csk-wtcat-holo_b-src-wtcat-apo/seed-1945009_sample-1,model.cif,D,SRC-WT,Active (BLAminus),C-lobe Donor,A,NA,NA,NA,2.51,9.52,Intact,No Ligand,In,Packed,DFGin,BLAminus,NTin,CTin,56.33,55.31,15.19,NA,NA,6.94,15.13,2.75,NA,NA,NA,NA,3.23,7.76,7.24,9.94,4.04,8.61,3.76,3.47,3.14,3.39,0.84,0.87,9.21,10.63,9.92,a-csk-wtcat-holo_b-src-wtcat-apo,"csk-wtcat-holo
src-wtcat-apo",apo,"csk-wtcat-holo
src-wtcat-apo",FALSE,TRUE,Apo,"csk-wtcat-holo
src-wtcat-apo","csk-wtcat-holo
src-wtcat-apo
[SRC = Apo]","csk-wtcat-holo
src-wtcat-apo
[SRC = Apo]",State 1,Active (BLAminus),In,Intact,DFGin
a-csk-wtcat-holo_b-src-wtcat-apo_seed-1945009_sample-2_model,a-csk-wtcat-holo_b-src-wtcat-apo/seed-1945009_sample-2,model.cif,D,SRC-WT,Active (BLAminus),C-lobe Donor,A,NA,NA,NA,2.61,9.41,Intact,No Ligand,In,Packed,DFGin,BLAminus,NTin,CTin,57.63,55.48,15.36,NA,NA,6.89,15.13,2.71,NA,NA,NA,NA,3.14,7.78,7.33,9.97,4.09,8.67,3.84,3.44,3.19,3.41,0.84,0.87,9.02,10.66,9.84,a-csk-wtcat-holo_b-src-wtcat-apo,"csk-wtcat-holo
src-wtcat-apo",apo,"csk-wtcat-holo
src-wtcat-apo",FALSE,TRUE,Apo,"csk-wtcat-holo
src-wtcat-apo","csk-wtcat-holo
src-wtcat-apo
[SRC = Apo]","csk-wtcat-holo
src-wtcat-apo
[SRC = Apo]",State 1,Active (BLAminus),In,Intact,DFGin
a-csk-wtcat-holo_b-src-wtcat-apo_seed-1945009_sample-3_model,a-csk-wtcat-holo_b-src-wtcat-apo/seed-1945009_sample-3,model.cif,D,SRC-WT,Active (BLAminus),C-lobe Donor,A,NA,NA,NA,2.55,10.38,Intact,No Ligand,In,Packed,DFGin,BLAminus,NTin,CTin,59.66,57.6,15.71,NA,NA,6.77,15,2.86,NA,NA,NA,NA,3.29,7.68,7.26,9.93,3.97,8.55,3.68,3.86,3.19,3.38,0.84,0.87,9.3,10.76,10.03,a-csk-wtcat-holo_b-src-wtcat-apo,"csk-wtcat-holo
src-wtcat-apo",apo,"csk-wtcat-holo
src-wtcat-apo",FALSE,TRUE,Apo,"csk-wtcat-holo
src-wtcat-apo","csk-wtcat-holo
src-wtcat-apo
[SRC = Apo]","csk-wtcat-holo
src-wtcat-apo
[SRC = Apo]",State 2,Active (BLAminus),In,Intact,DFGin
a-csk-wtcat-holo_b-src-wtcat-apo_seed-1945009_sample-4_model,a-csk-wtcat-holo_b-src-wtcat-apo/seed-1945009_sample-4,model.cif,D,SRC-WT,Active (BLAminus),C-lobe Donor,A,NA,NA,NA,2.62,10.76,Intact,No Ligand,In,Packed,DFGin,BLAminus,NTin,CTin,60.92,59.5,16.45,NA,NA,6.82,15.01,2.82,NA,NA,NA,NA,3.24,7.72,7.28,10.03,4.11,8.59,3.73,3.49,3.29,3.47,0.84,0.87,9.09,10.52,9.8,a-csk-wtcat-holo_b-src-wtcat-apo,"csk-wtcat-holo
src-wtcat-apo",apo,"csk-wtcat-holo
src-wtcat-apo",FALSE,TRUE,Apo,"csk-wtcat-holo
src-wtcat-apo","csk-wtcat-holo
src-wtcat-apo
[SRC = Apo]","csk-wtcat-holo
src-wtcat-apo
[SRC = Apo]",State 3,Active (BLAminus),In,Intact,DFGin
a-csk-wtcat-holo_b-src-wtcat-apo_seed-336329_sample-0_model,a-csk-wtcat-holo_b-src-wtcat-apo/seed-336329_sample-0,model.cif,D,SRC-WT,Active (BLAminus),C-lobe Donor,A,NA,NA,NA,2.54,9.54,Intact,No Ligand,In,Packed,DFGin,BLAminus,NTin,CTin,57.08,55.96,16.96,NA,NA,6.98,15.39,3,NA,NA,NA,NA,3.24,7.75,7.25,10.01,4.1,8.58,3.77,3.36,3.23,3.41,0.84,0.87,9.38,10.61,10,a-csk-wtcat-holo_b-src-wtcat-apo,"csk-wtcat-holo
src-wtcat-apo",apo,"csk-wtcat-holo
src-wtcat-apo",FALSE,TRUE,Apo,"csk-wtcat-holo
src-wtcat-apo","csk-wtcat-holo
src-wtcat-apo
[SRC = Apo]","csk-wtcat-holo
src-wtcat-apo
[SRC = Apo]",State 1,Active (BLAminus),In,Intact,DFGin
a-csk-wtcat-holo_b-src-wtcat-apo_seed-336329_sample-1_model,a-csk-wtcat-holo_b-src-wtcat-apo/seed-336329_sample-1,model.cif,D,SRC-WT,Active (BLAminus),C-lobe Donor,A,NA,NA,NA,2.61,9.6,Intact,No Ligand,In,Packed,DFGin,BLAminus,NTin,CTin,57.12,58.19,16.94,NA,NA,6.91,15.33,2.79,NA,NA,NA,NA,3.13,7.67,7.27,9.93,4.08,8.55,3.72,3.4,3.11,3.44,0.84,0.87,9.71,10.63,10.17,a-csk-wtcat-holo_b-src-wtcat-apo,"csk-wtcat-holo
src-wtcat-apo",apo,"csk-wtcat-holo
src-wtcat-apo",FALSE,TRUE,Apo,"csk-wtcat-holo
src-wtcat-apo","csk-wtcat-holo
src-wtcat-apo
[SRC = Apo]","csk-wtcat-holo
src-wtcat-apo
[SRC = Apo]",State 1,Active (BLAminus),In,Intact,DFGin
a-csk-wtcat-holo_b-src-wtcat-apo_seed-336329_sample-2_model,a-csk-wtcat-holo_b-src-wtcat-apo/seed-336329_sample-2,model.cif,D,SRC-WT,Active (BLAminus),C-lobe Donor,A,NA,NA,NA,2.56,11.04,Intact,No Ligand,In,Packed,DFGin,BLAminus,NTin,CTin,57.96,56,16.3,NA,NA,6.88,15.19,2.85,NA,NA,NA,NA,3.36,7.73,7.28,9.97,4.08,8.52,3.69,3.44,3.01,3.45,0.85,0.87,9.2,10.61,9.9,a-csk-wtcat-holo_b-src-wtcat-apo,"csk-wtcat-holo
src-wtcat-apo",apo,"csk-wtcat-holo
src-wtcat-apo",FALSE,TRUE,Apo,"csk-wtcat-holo
src-wtcat-apo","csk-wtcat-holo
src-wtcat-apo
[SRC = Apo]","csk-wtcat-holo
src-wtcat-apo
[SRC = Apo]",State 1,Active (BLAminus),In,Intact,DFGin
a-csk-wtcat-holo_b-src-wtcat-apo_seed-336329_sample-3_model,a-csk-wtcat-holo_b-src-wtcat-apo/seed-336329_sample-3,model.cif,D,SRC-WT,Active (BLAminus),C-lobe Donor,A,NA,NA,NA,2.56,10.03,Intact,No Ligand,In,Packed,DFGin,BLAminus,NTin,CTin,57.61,57.9,16.86,NA,NA,6.88,15.33,2.88,NA,NA,NA,NA,3.11,7.67,7.32,10,4.11,8.55,3.79,3.49,3.08,3.45,0.85,0.87,9.01,10.47,9.74,a-csk-wtcat-holo_b-src-wtcat-apo,"csk-wtcat-holo
src-wtcat-apo",apo,"csk-wtcat-holo
src-wtcat-apo",FALSE,TRUE,Apo,"csk-wtcat-holo
src-wtcat-apo","csk-wtcat-holo
src-wtcat-apo
[SRC = Apo]","csk-wtcat-holo
src-wtcat-apo
[SRC = Apo]",State 1,Active (BLAminus),In,Intact,DFGin
a-csk-wtcat-holo_b-src-wtcat-apo_seed-336329_sample-4_model,a-csk-wtcat-holo_b-src-wtcat-apo/seed-336329_sample-4,model.cif,D,SRC-WT,Active (BLAminus),C-lobe Donor,A,NA,NA,NA,2.62,9.63,Intact,No Ligand,In,Packed,DFGin,BLAminus,NTin,CTin,56.41,57.69,16.03,NA,NA,6.85,15.14,2.74,NA,NA,NA,NA,3.24,7.73,7.3,9.99,4.09,8.55,3.81,3.41,3.23,3.46,0.85,0.87,8.96,10.59,9.78,a-csk-wtcat-holo_b-src-wtcat-apo,"csk-wtcat-holo
src-wtcat-apo",apo,"csk-wtcat-holo
src-wtcat-apo",FALSE,TRUE,Apo,"csk-wtcat-holo
src-wtcat-apo","csk-wtcat-holo
src-wtcat-apo
[SRC = Apo]","csk-wtcat-holo
src-wtcat-apo
[SRC = Apo]",State 1,Active (BLAminus),In,Intact,DFGin
a-csk-wtcat-holo_b-src-wtcat-apo_seed-345369_sample-0_model,a-csk-wtcat-holo_b-src-wtcat-apo/seed-345369_sample-0,model.cif,D,SRC-WT,Active (BLAminus),C-lobe Donor,A,NA,NA,NA,2.44,9.46,Intact,No Ligand,In,Packed,DFGin,BLAminus,NTin,CTin,63.4,55.15,16.13,NA,NA,6.85,15.22,2.73,NA,NA,NA,NA,3.2,7.65,7.27,9.95,4.05,8.57,3.71,3.47,3.03,3.36,0.83,0.86,9.58,10.74,10.16,a-csk-wtcat-holo_b-src-wtcat-apo,"csk-wtcat-holo
src-wtcat-apo",apo,"csk-wtcat-holo
src-wtcat-apo",FALSE,TRUE,Apo,"csk-wtcat-holo
src-wtcat-apo","csk-wtcat-holo
src-wtcat-apo
[SRC = Apo]","csk-wtcat-holo
src-wtcat-apo
[SRC = Apo]",State 1,Active (BLAminus),In,Intact,DFGin
a-csk-wtcat-holo_b-src-wtcat-apo_seed-345369_sample-1_model,a-csk-wtcat-holo_b-src-wtcat-apo/seed-345369_sample-1,model.cif,D,SRC-WT,Active (BLAminus),C-lobe Donor,A,NA,NA,NA,2.51,9.48,Intact,No Ligand,In,Packed,DFGin,BLAminus,NTin,CTin,56.33,57.47,15.89,NA,NA,6.82,15.11,2.85,NA,NA,NA,NA,3.34,7.7,7.24,9.96,4.07,8.64,3.72,3.44,3.17,3.38,0.84,0.87,9.21,10.57,9.89,a-csk-wtcat-holo_b-src-wtcat-apo,"csk-wtcat-holo
src-wtcat-apo",apo,"csk-wtcat-holo
src-wtcat-apo",FALSE,TRUE,Apo,"csk-wtcat-holo
src-wtcat-apo","csk-wtcat-holo
src-wtcat-apo
[SRC = Apo]","csk-wtcat-holo
src-wtcat-apo
[SRC = Apo]",State 1,Active (BLAminus),In,Intact,DFGin
a-csk-wtcat-holo_b-src-wtcat-apo_seed-345369_sample-2_model,a-csk-wtcat-holo_b-src-wtcat-apo/seed-345369_sample-2,model.cif,D,SRC-WT,Active (BLAminus),C-lobe Donor,A,NA,NA,NA,2.54,9.88,Intact,No Ligand,In,Packed,DFGin,BLAminus,NTin,CTin,56.69,56.5,15.73,NA,NA,6.98,15.32,2.9,NA,NA,NA,NA,3.24,7.7,7.35,10,3.98,8.51,3.81,3.93,3.12,3.54,0.84,0.87,9.18,10.53,9.86,a-csk-wtcat-holo_b-src-wtcat-apo,"csk-wtcat-holo
src-wtcat-apo",apo,"csk-wtcat-holo
src-wtcat-apo",FALSE,TRUE,Apo,"csk-wtcat-holo
src-wtcat-apo","csk-wtcat-holo
src-wtcat-apo
[SRC = Apo]","csk-wtcat-holo
src-wtcat-apo
[SRC = Apo]",State 2,Active (BLAminus),In,Intact,DFGin
a-csk-wtcat-holo_b-src-wtcat-apo_seed-345369_sample-3_model,a-csk-wtcat-holo_b-src-wtcat-apo/seed-345369_sample-3,model.cif,D,SRC-WT,Active (BLAminus),C-lobe Donor,A,NA,NA,NA,2.51,9.62,Intact,No Ligand,In,Packed,DFGin,BLAminus,NTin,CTin,64.45,54.07,16.19,NA,NA,6.82,15.13,2.74,NA,NA,NA,NA,3.35,7.76,7.32,9.96,3.99,8.62,3.77,3.9,3.16,3.38,0.84,0.87,9.22,10.62,9.92,a-csk-wtcat-holo_b-src-wtcat-apo,"csk-wtcat-holo
src-wtcat-apo",apo,"csk-wtcat-holo
src-wtcat-apo",FALSE,TRUE,Apo,"csk-wtcat-holo
src-wtcat-apo","csk-wtcat-holo
src-wtcat-apo
[SRC = Apo]","csk-wtcat-holo
src-wtcat-apo
[SRC = Apo]",State 2,Active (BLAminus),In,Intact,DFGin
a-csk-wtcat-holo_b-src-wtcat-apo_seed-345369_sample-4_model,a-csk-wtcat-holo_b-src-wtcat-apo/seed-345369_sample-4,model.cif,D,SRC-WT,Active (BLAminus),C-lobe Donor,A,NA,NA,NA,2.48,10.26,Intact,No Ligand,In,Packed,DFGin,BLAminus,NTin,CTin,59.76,54.5,14.66,NA,NA,6.81,14.9,2.88,NA,NA,NA,NA,3.27,7.76,7.27,10.01,4.05,8.47,3.83,3.5,3.26,3.4,0.84,0.86,9.27,10.77,10.02,a-csk-wtcat-holo_b-src-wtcat-apo,"csk-wtcat-holo
src-wtcat-apo",apo,"csk-wtcat-holo
src-wtcat-apo",FALSE,TRUE,Apo,"csk-wtcat-holo
src-wtcat-apo","csk-wtcat-holo
src-wtcat-apo
[SRC = Apo]","csk-wtcat-holo
src-wtcat-apo
[SRC = Apo]",State 1,Active (BLAminus),In,Intact,DFGin
a-csk-wtcat-holo_b-src-wtcat-apo_seed-356189_sample-0_model,a-csk-wtcat-holo_b-src-wtcat-apo/seed-356189_sample-0,model.cif,D,SRC-WT,Active (BLAminus),C-lobe Donor,A,NA,NA,NA,2.58,9.38,Intact,No Ligand,In,Packed,DFGin,BLAminus,NTin,CTin,60.71,54.83,15.77,NA,NA,6.84,14.94,2.97,NA,NA,NA,NA,3.33,7.75,7.31,10.05,4.04,8.54,3.83,3.34,3.11,3.44,0.84,0.87,9.29,10.65,9.97,a-csk-wtcat-holo_b-src-wtcat-apo,"csk-wtcat-holo
src-wtcat-apo",apo,"csk-wtcat-holo
src-wtcat-apo",FALSE,TRUE,Apo,"csk-wtcat-holo
src-wtcat-apo","csk-wtcat-holo
src-wtcat-apo
[SRC = Apo]","csk-wtcat-holo
src-wtcat-apo
[SRC = Apo]",State 1,Active (BLAminus),In,Intact,DFGin
a-csk-wtcat-holo_b-src-wtcat-apo_seed-356189_sample-1_model,a-csk-wtcat-holo_b-src-wtcat-apo/seed-356189_sample-1,model.cif,D,SRC-WT,Active (BLAminus),C-lobe Donor,A,NA,NA,NA,2.61,9.87,Intact,No Ligand,In,Packed,DFGin,BLAminus,NTin,CTin,57.21,54.12,16.44,NA,NA,6.85,15.35,2.84,NA,NA,NA,NA,3.22,7.69,7.26,9.97,4.07,8.47,3.75,3.38,3.23,3.44,0.84,0.87,9.32,10.67,10,a-csk-wtcat-holo_b-src-wtcat-apo,"csk-wtcat-holo
src-wtcat-apo",apo,"csk-wtcat-holo
src-wtcat-apo",FALSE,TRUE,Apo,"csk-wtcat-holo
src-wtcat-apo","csk-wtcat-holo
src-wtcat-apo
[SRC = Apo]","csk-wtcat-holo
src-wtcat-apo
[SRC = Apo]",State 1,Active (BLAminus),In,Intact,DFGin
a-csk-wtcat-holo_b-src-wtcat-apo_seed-356189_sample-2_model,a-csk-wtcat-holo_b-src-wtcat-apo/seed-356189_sample-2,model.cif,D,SRC-WT,Active (BLAminus),C-lobe Donor,A,NA,NA,NA,2.57,9.02,Intact,No Ligand,In,Packed,DFGin,BLAminus,NTin,CTin,62.57,58.77,15.16,NA,NA,6.75,14.82,2.8,NA,NA,NA,NA,3.25,7.7,7.25,9.89,4.07,8.56,3.72,3.47,3.2,3.35,0.84,0.86,9.57,10.86,10.21,a-csk-wtcat-holo_b-src-wtcat-apo,"csk-wtcat-holo
src-wtcat-apo",apo,"csk-wtcat-holo
src-wtcat-apo",FALSE,TRUE,Apo,"csk-wtcat-holo
src-wtcat-apo","csk-wtcat-holo
src-wtcat-apo
[SRC = Apo]","csk-wtcat-holo
src-wtcat-apo
[SRC = Apo]",State 1,Active (BLAminus),In,Intact,DFGin
a-csk-wtcat-holo_b-src-wtcat-apo_seed-356189_sample-3_model,a-csk-wtcat-holo_b-src-wtcat-apo/seed-356189_sample-3,model.cif,D,SRC-WT,Active (BLAminus),C-lobe Donor,A,NA,NA,NA,2.5,11.85,Intact,No Ligand,In,Packed,DFGin,BLAminus,NTin,CTin,62.28,60.19,15.44,NA,NA,6.76,14.81,2.63,NA,NA,NA,NA,3.22,7.71,7.32,10.12,4.07,8.48,3.83,3.48,3.08,3.47,0.84,0.86,9.39,10.81,10.1,a-csk-wtcat-holo_b-src-wtcat-apo,"csk-wtcat-holo
src-wtcat-apo",apo,"csk-wtcat-holo
src-wtcat-apo",FALSE,TRUE,Apo,"csk-wtcat-holo
src-wtcat-apo","csk-wtcat-holo
src-wtcat-apo
[SRC = Apo]","csk-wtcat-holo
src-wtcat-apo
[SRC = Apo]",State 3,Active (BLAminus),In,Intact,DFGin
a-csk-wtcat-holo_b-src-wtcat-apo_seed-356189_sample-4_model,a-csk-wtcat-holo_b-src-wtcat-apo/seed-356189_sample-4,model.cif,D,SRC-WT,Active (BLAminus),C-lobe Donor,A,NA,NA,NA,2.63,9.85,Intact,No Ligand,In,Packed,DFGin,BLAminus,NTin,CTin,58.03,55.01,15.73,NA,NA,6.86,15,2.76,NA,NA,NA,NA,3.16,7.69,7.34,9.95,3.98,8.55,3.71,3.89,3.25,3.36,0.85,0.87,9.26,10.78,10.02,a-csk-wtcat-holo_b-src-wtcat-apo,"csk-wtcat-holo
src-wtcat-apo",apo,"csk-wtcat-holo
src-wtcat-apo",FALSE,TRUE,Apo,"csk-wtcat-holo
src-wtcat-apo","csk-wtcat-holo
src-wtcat-apo
[SRC = Apo]","csk-wtcat-holo
src-wtcat-apo
[SRC = Apo]",State 2,Active (BLAminus),In,Intact,DFGin
a-csk-wtcat-holo_b-src-wtcat-apo_seed-544704_sample-0_model,a-csk-wtcat-holo_b-src-wtcat-apo/seed-544704_sample-0,model.cif,D,SRC-WT,Active (BLAminus),C-lobe Donor,A,NA,NA,NA,2.51,10.56,Intact,No Ligand,In,Packed,DFGin,BLAminus,NTin,CTin,59.19,62.29,15.47,NA,NA,6.82,14.91,2.67,NA,NA,NA,NA,3.11,7.71,7.3,9.9,4.06,8.53,3.74,3.47,3.15,3.38,0.85,0.87,9.31,10.61,9.96,a-csk-wtcat-holo_b-src-wtcat-apo,"csk-wtcat-holo
src-wtcat-apo",apo,"csk-wtcat-holo
src-wtcat-apo",FALSE,TRUE,Apo,"csk-wtcat-holo
src-wtcat-apo","csk-wtcat-holo
src-wtcat-apo
[SRC = Apo]","csk-wtcat-holo
src-wtcat-apo
[SRC = Apo]",State 1,Active (BLAminus),In,Intact,DFGin
a-csk-wtcat-holo_b-src-wtcat-apo_seed-544704_sample-1_model,a-csk-wtcat-holo_b-src-wtcat-apo/seed-544704_sample-1,model.cif,D,SRC-WT,Active (BLAminus),C-lobe Donor,A,NA,NA,NA,2.6,10.14,Intact,No Ligand,Out,Packed,DFGin,BLAminus,NTin,CTin,56.2,57.73,14.47,NA,NA,6.94,15.3,7.87,NA,NA,NA,NA,3.33,7.66,7.22,9.98,3.86,8.29,3.63,4.01,3.16,3.48,0.85,0.87,8.97,10.44,9.71,a-csk-wtcat-holo_b-src-wtcat-apo,"csk-wtcat-holo
src-wtcat-apo",apo,"csk-wtcat-holo
src-wtcat-apo",FALSE,TRUE,Apo,"csk-wtcat-holo
src-wtcat-apo","csk-wtcat-holo
src-wtcat-apo
[SRC = Apo]","csk-wtcat-holo
src-wtcat-apo
[SRC = Apo]",State 2,Active (BLAminus),Other,Intact,DFGin
a-csk-wtcat-holo_b-src-wtcat-apo_seed-544704_sample-2_model,a-csk-wtcat-holo_b-src-wtcat-apo/seed-544704_sample-2,model.cif,D,SRC-WT,Active (BLAminus),C-lobe Donor,A,NA,NA,NA,2.54,9.28,Intact,No Ligand,In,Packed,DFGin,BLAminus,NTin,CTin,63.74,57.82,16.64,NA,NA,6.81,15.11,2.79,NA,NA,NA,NA,3.05,7.72,7.32,9.92,4.09,8.61,3.71,3.5,3.05,3.43,0.85,0.87,9.1,10.38,9.74,a-csk-wtcat-holo_b-src-wtcat-apo,"csk-wtcat-holo
src-wtcat-apo",apo,"csk-wtcat-holo
src-wtcat-apo",FALSE,TRUE,Apo,"csk-wtcat-holo
src-wtcat-apo","csk-wtcat-holo
src-wtcat-apo
[SRC = Apo]","csk-wtcat-holo
src-wtcat-apo
[SRC = Apo]",State 1,Active (BLAminus),In,Intact,DFGin
a-csk-wtcat-holo_b-src-wtcat-apo_seed-544704_sample-3_model,a-csk-wtcat-holo_b-src-wtcat-apo/seed-544704_sample-3,model.cif,D,SRC-WT,Active (BLAminus),C-lobe Donor,A,NA,NA,NA,2.58,9.37,Intact,No Ligand,In,Packed,DFGin,BLAminus,NTin,CTin,56.67,57.16,16.03,NA,NA,6.82,15.15,2.81,NA,NA,NA,NA,3.17,7.69,7.26,9.92,4.07,8.58,3.73,3.47,3.1,3.37,0.84,0.87,9.31,10.6,9.96,a-csk-wtcat-holo_b-src-wtcat-apo,"csk-wtcat-holo
src-wtcat-apo",apo,"csk-wtcat-holo
src-wtcat-apo",FALSE,TRUE,Apo,"csk-wtcat-holo
src-wtcat-apo","csk-wtcat-holo
src-wtcat-apo
[SRC = Apo]","csk-wtcat-holo
src-wtcat-apo
[SRC = Apo]",State 1,Active (BLAminus),In,Intact,DFGin
a-csk-wtcat-holo_b-src-wtcat-apo_seed-544704_sample-4_model,a-csk-wtcat-holo_b-src-wtcat-apo/seed-544704_sample-4,model.cif,D,SRC-WT,Active (BLAminus),C-lobe Donor,A,NA,NA,NA,2.55,10.44,Intact,No Ligand,In,Packed,DFGin,BLAminus,NTin,CTin,57.01,55.69,15.43,NA,NA,6.91,15.09,2.93,NA,NA,NA,NA,3.37,7.7,7.28,9.96,3.95,8.51,3.74,3.87,3.17,3.49,0.85,0.87,9.17,10.6,9.88,a-csk-wtcat-holo_b-src-wtcat-apo,"csk-wtcat-holo
src-wtcat-apo",apo,"csk-wtcat-holo
src-wtcat-apo",FALSE,TRUE,Apo,"csk-wtcat-holo
src-wtcat-apo","csk-wtcat-holo
src-wtcat-apo
[SRC = Apo]","csk-wtcat-holo
src-wtcat-apo
[SRC = Apo]",State 2,Active (BLAminus),In,Intact,DFGin
a-csk-wtcat-holo_b-src-wtcat-apo_seed-553568_sample-0_model,a-csk-wtcat-holo_b-src-wtcat-apo/seed-553568_sample-0,model.cif,D,SRC-WT,Active (BLAminus),C-lobe Donor,A,NA,NA,NA,2.55,10.9,Intact,No Ligand,In,Packed,DFGin,BLAminus,NTin,CTin,56.78,55.26,16.09,NA,NA,6.9,15.18,3.03,NA,NA,NA,NA,3.33,7.64,7.28,10,4.06,8.5,3.7,3.48,3.08,3.45,0.84,0.87,9.17,10.59,9.88,a-csk-wtcat-holo_b-src-wtcat-apo,"csk-wtcat-holo
src-wtcat-apo",apo,"csk-wtcat-holo
src-wtcat-apo",FALSE,TRUE,Apo,"csk-wtcat-holo
src-wtcat-apo","csk-wtcat-holo
src-wtcat-apo
[SRC = Apo]","csk-wtcat-holo
src-wtcat-apo
[SRC = Apo]",State 1,Active (BLAminus),In,Intact,DFGin
a-csk-wtcat-holo_b-src-wtcat-apo_seed-553568_sample-1_model,a-csk-wtcat-holo_b-src-wtcat-apo/seed-553568_sample-1,model.cif,D,SRC-WT,Active (BLAminus),C-lobe Donor,A,NA,NA,NA,2.51,11.22,Intact,No Ligand,In,Packed,DFGin,BLAminus,NTin,CTin,59.75,59.5,16.02,NA,NA,6.81,14.96,2.63,NA,NA,NA,NA,3.11,7.72,7.26,10.02,4.06,8.53,3.69,3.4,3.14,3.45,0.85,0.87,9.03,10.37,9.7,a-csk-wtcat-holo_b-src-wtcat-apo,"csk-wtcat-holo
src-wtcat-apo",apo,"csk-wtcat-holo
src-wtcat-apo",FALSE,TRUE,Apo,"csk-wtcat-holo
src-wtcat-apo","csk-wtcat-holo
src-wtcat-apo
[SRC = Apo]","csk-wtcat-holo
src-wtcat-apo
[SRC = Apo]",State 1,Active (BLAminus),In,Intact,DFGin
a-csk-wtcat-holo_b-src-wtcat-apo_seed-553568_sample-2_model,a-csk-wtcat-holo_b-src-wtcat-apo/seed-553568_sample-2,model.cif,D,SRC-WT,Active (BLAminus),C-lobe Donor,A,NA,NA,NA,2.58,9.64,Intact,No Ligand,In,Packed,DFGin,BLAminus,NTin,CTin,56.79,56.95,15.6,NA,NA,6.84,15.09,2.74,NA,NA,NA,NA,3.14,7.66,7.29,9.99,3.93,8.56,3.75,3.9,3.11,3.39,0.84,0.87,9.12,10.6,9.86,a-csk-wtcat-holo_b-src-wtcat-apo,"csk-wtcat-holo
src-wtcat-apo",apo,"csk-wtcat-holo
src-wtcat-apo",FALSE,TRUE,Apo,"csk-wtcat-holo
src-wtcat-apo","csk-wtcat-holo
src-wtcat-apo
[SRC = Apo]","csk-wtcat-holo
src-wtcat-apo
[SRC = Apo]",State 2,Active (BLAminus),In,Intact,DFGin
a-csk-wtcat-holo_b-src-wtcat-apo_seed-553568_sample-3_model,a-csk-wtcat-holo_b-src-wtcat-apo/seed-553568_sample-3,model.cif,D,SRC-WT,Active (BLAminus),C-lobe Donor,A,NA,NA,NA,2.6,9.34,Intact,No Ligand,In,Packed,DFGin,BLAminus,NTout,CTin,58.79,44.21,14.97,NA,NA,7.07,15.55,3.16,NA,NA,NA,NA,3.21,7.69,7.2,10.07,4.02,9.71,3.64,3.48,3.18,3.45,0.85,0.87,9.03,10.41,9.72,a-csk-wtcat-holo_b-src-wtcat-apo,"csk-wtcat-holo
src-wtcat-apo",apo,"csk-wtcat-holo
src-wtcat-apo",FALSE,TRUE,Apo,"csk-wtcat-holo
src-wtcat-apo","csk-wtcat-holo
src-wtcat-apo
[SRC = Apo]","csk-wtcat-holo
src-wtcat-apo
[SRC = Apo]",State 2,Active (BLAminus),In,Intact,DFGin
a-csk-wtcat-holo_b-src-wtcat-apo_seed-553568_sample-4_model,a-csk-wtcat-holo_b-src-wtcat-apo/seed-553568_sample-4,model.cif,D,SRC-WT,Active (BLAminus),C-lobe Donor,A,NA,NA,NA,2.54,9.85,Intact,No Ligand,In,Packed,DFGin,BLAminus,NTin,CTin,58.3,53.86,15.01,NA,NA,7.11,15.14,2.68,NA,NA,NA,NA,3.29,7.69,7.31,10.01,4.07,8.48,3.69,3.53,3.1,3.43,0.85,0.87,9.11,10.6,9.86,a-csk-wtcat-holo_b-src-wtcat-apo,"csk-wtcat-holo
src-wtcat-apo",apo,"csk-wtcat-holo
src-wtcat-apo",FALSE,TRUE,Apo,"csk-wtcat-holo
src-wtcat-apo","csk-wtcat-holo
src-wtcat-apo
[SRC = Apo]","csk-wtcat-holo
src-wtcat-apo
[SRC = Apo]",State 1,Active (BLAminus),In,Intact,DFGin
a-csk-wtcat-holo_b-src-wtcat-apo_seed-79719_sample-0_model,a-csk-wtcat-holo_b-src-wtcat-apo/seed-79719_sample-0,model.cif,D,SRC-WT,Active (BLAminus),C-lobe Donor,A,NA,NA,NA,2.56,9.79,Intact,No Ligand,In,Packed,DFGin,BLAminus,NTin,CTin,57.82,56.13,15.83,NA,NA,6.86,15.15,2.84,NA,NA,NA,NA,3.2,7.76,7.3,9.99,4.08,8.47,4.03,3.53,3.77,3.46,0.83,0.87,9.37,10.68,10.02,a-csk-wtcat-holo_b-src-wtcat-apo,"csk-wtcat-holo
src-wtcat-apo",apo,"csk-wtcat-holo
src-wtcat-apo",FALSE,TRUE,Apo,"csk-wtcat-holo
src-wtcat-apo","csk-wtcat-holo
src-wtcat-apo
[SRC = Apo]","csk-wtcat-holo
src-wtcat-apo
[SRC = Apo]",State 3,Active (BLAminus),In,Intact,DFGin
a-csk-wtcat-holo_b-src-wtcat-apo_seed-79719_sample-1_model,a-csk-wtcat-holo_b-src-wtcat-apo/seed-79719_sample-1,model.cif,D,SRC-WT,Active (BLAminus),C-lobe Donor,A,NA,NA,NA,2.54,9.75,Intact,No Ligand,In,Packed,DFGin,BLAminus,NTin,CTin,57.58,58.32,15.81,NA,NA,6.86,15.15,2.76,NA,NA,NA,NA,3.24,7.73,7.28,9.98,4.11,8.44,3.76,3.49,3.09,3.45,0.84,0.87,9.42,10.56,9.99,a-csk-wtcat-holo_b-src-wtcat-apo,"csk-wtcat-holo
src-wtcat-apo",apo,"csk-wtcat-holo
src-wtcat-apo",FALSE,TRUE,Apo,"csk-wtcat-holo
src-wtcat-apo","csk-wtcat-holo
src-wtcat-apo
[SRC = Apo]","csk-wtcat-holo
src-wtcat-apo
[SRC = Apo]",State 1,Active (BLAminus),In,Intact,DFGin
a-csk-wtcat-holo_b-src-wtcat-apo_seed-79719_sample-2_model,a-csk-wtcat-holo_b-src-wtcat-apo/seed-79719_sample-2,model.cif,D,SRC-WT,Active (BLAminus),C-lobe Donor,A,NA,NA,NA,2.49,9.5,Intact,No Ligand,In,Packed,DFGin,BLAminus,NTin,CTin,61.34,58.39,15.49,NA,NA,6.82,14.83,2.76,NA,NA,NA,NA,3.07,7.68,7.27,9.99,4.04,8.53,3.78,3.45,3.03,3.4,0.84,0.87,9.29,10.71,10,a-csk-wtcat-holo_b-src-wtcat-apo,"csk-wtcat-holo
src-wtcat-apo",apo,"csk-wtcat-holo
src-wtcat-apo",FALSE,TRUE,Apo,"csk-wtcat-holo
src-wtcat-apo","csk-wtcat-holo
src-wtcat-apo
[SRC = Apo]","csk-wtcat-holo
src-wtcat-apo
[SRC = Apo]",State 1,Active (BLAminus),In,Intact,DFGin
a-csk-wtcat-holo_b-src-wtcat-apo_seed-79719_sample-3_model,a-csk-wtcat-holo_b-src-wtcat-apo/seed-79719_sample-3,model.cif,D,SRC-WT,Active (BLAminus),C-lobe Donor,A,NA,NA,NA,2.6,9.24,Intact,No Ligand,In,Packed,DFGin,BLAminus,NTin,CTin,57.47,56.95,15.6,NA,NA,6.87,15.26,2.73,NA,NA,NA,NA,3.28,7.73,7.25,9.98,4.06,8.62,3.77,3.42,3.12,3.36,0.84,0.87,9.34,10.66,10,a-csk-wtcat-holo_b-src-wtcat-apo,"csk-wtcat-holo
src-wtcat-apo",apo,"csk-wtcat-holo
src-wtcat-apo",FALSE,TRUE,Apo,"csk-wtcat-holo
src-wtcat-apo","csk-wtcat-holo
src-wtcat-apo
[SRC = Apo]","csk-wtcat-holo
src-wtcat-apo
[SRC = Apo]",State 1,Active (BLAminus),In,Intact,DFGin
a-csk-wtcat-holo_b-src-wtcat-apo_seed-79719_sample-4_model,a-csk-wtcat-holo_b-src-wtcat-apo/seed-79719_sample-4,model.cif,D,SRC-WT,Active (BLAminus),C-lobe Donor,A,NA,NA,NA,2.52,10.35,Intact,No Ligand,In,Packed,DFGin,BLAminus,NTin,CTin,57.75,57.13,16.47,NA,NA,6.8,15.17,2.84,NA,NA,NA,NA,3.28,7.74,7.28,9.9,4.1,8.6,3.82,3.53,3.17,3.37,0.84,0.87,9.25,10.47,9.86,a-csk-wtcat-holo_b-src-wtcat-apo,"csk-wtcat-holo
src-wtcat-apo",apo,"csk-wtcat-holo
src-wtcat-apo",FALSE,TRUE,Apo,"csk-wtcat-holo
src-wtcat-apo","csk-wtcat-holo
src-wtcat-apo
[SRC = Apo]","csk-wtcat-holo
src-wtcat-apo
[SRC = Apo]",State 1,Active (BLAminus),In,Intact,DFGin
a-csk-wtcat-holo_b-src-wtcat-apo_seed-858265_sample-0_model,a-csk-wtcat-holo_b-src-wtcat-apo/seed-858265_sample-0,model.cif,D,SRC-WT,Active (BLAminus),C-lobe Donor,A,NA,NA,NA,2.53,9.29,Intact,No Ligand,In,Packed,DFGin,BLAminus,NTin,CTin,61.06,60.45,16.02,NA,NA,6.93,15.21,2.65,NA,NA,NA,NA,3.19,7.69,7.33,9.94,3.97,8.55,3.77,3.92,3.07,3.39,0.84,0.86,9.42,10.66,10.04,a-csk-wtcat-holo_b-src-wtcat-apo,"csk-wtcat-holo
src-wtcat-apo",apo,"csk-wtcat-holo
src-wtcat-apo",FALSE,TRUE,Apo,"csk-wtcat-holo
src-wtcat-apo","csk-wtcat-holo
src-wtcat-apo
[SRC = Apo]","csk-wtcat-holo
src-wtcat-apo
[SRC = Apo]",State 2,Active (BLAminus),In,Intact,DFGin
a-csk-wtcat-holo_b-src-wtcat-apo_seed-858265_sample-1_model,a-csk-wtcat-holo_b-src-wtcat-apo/seed-858265_sample-1,model.cif,D,SRC-WT,Active (BLAminus),C-lobe Donor,A,NA,NA,NA,2.6,10.38,Intact,No Ligand,In,Packed,DFGin,BLAminus,NTin,CTin,60.06,60.78,15.6,NA,NA,6.82,15.07,2.83,NA,NA,NA,NA,3.3,7.76,7.24,9.98,4.07,8.48,3.68,3.46,3.26,3.44,0.83,0.86,9.52,10.86,10.19,a-csk-wtcat-holo_b-src-wtcat-apo,"csk-wtcat-holo
src-wtcat-apo",apo,"csk-wtcat-holo
src-wtcat-apo",FALSE,TRUE,Apo,"csk-wtcat-holo
src-wtcat-apo","csk-wtcat-holo
src-wtcat-apo
[SRC = Apo]","csk-wtcat-holo
src-wtcat-apo
[SRC = Apo]",State 1,Active (BLAminus),In,Intact,DFGin
a-csk-wtcat-holo_b-src-wtcat-apo_seed-858265_sample-2_model,a-csk-wtcat-holo_b-src-wtcat-apo/seed-858265_sample-2,model.cif,D,SRC-WT,Active (BLAminus),C-lobe Donor,A,NA,NA,NA,2.63,11.12,Intact,No Ligand,In,Packed,DFGin,BLAminus,NTin,CTin,57.69,54.58,16.34,NA,NA,6.95,15.32,2.73,NA,NA,NA,NA,3.21,7.74,7.29,10.07,4.07,8.42,3.8,3.43,3.02,3.39,0.84,0.87,9.41,10.66,10.04,a-csk-wtcat-holo_b-src-wtcat-apo,"csk-wtcat-holo
src-wtcat-apo",apo,"csk-wtcat-holo
src-wtcat-apo",FALSE,TRUE,Apo,"csk-wtcat-holo
src-wtcat-apo","csk-wtcat-holo
src-wtcat-apo
[SRC = Apo]","csk-wtcat-holo
src-wtcat-apo
[SRC = Apo]",State 1,Active (BLAminus),In,Intact,DFGin
a-csk-wtcat-holo_b-src-wtcat-apo_seed-858265_sample-3_model,a-csk-wtcat-holo_b-src-wtcat-apo/seed-858265_sample-3,model.cif,D,SRC-WT,Active (BLAminus),C-lobe Donor,A,NA,NA,NA,2.61,9.9,Intact,No Ligand,In,Packed,DFGin,BLAminus,NTin,CTin,61.71,58.83,16.08,NA,NA,6.83,15.11,2.77,NA,NA,NA,NA,3.16,7.69,7.3,9.94,4.05,8.52,3.78,3.47,3.05,3.38,0.83,0.86,9.4,10.77,10.09,a-csk-wtcat-holo_b-src-wtcat-apo,"csk-wtcat-holo
src-wtcat-apo",apo,"csk-wtcat-holo
src-wtcat-apo",FALSE,TRUE,Apo,"csk-wtcat-holo
src-wtcat-apo","csk-wtcat-holo
src-wtcat-apo
[SRC = Apo]","csk-wtcat-holo
src-wtcat-apo
[SRC = Apo]",State 1,Active (BLAminus),In,Intact,DFGin
a-csk-wtcat-holo_b-src-wtcat-apo_seed-858265_sample-4_model,a-csk-wtcat-holo_b-src-wtcat-apo/seed-858265_sample-4,model.cif,D,SRC-WT,Active (BLAminus),C-lobe Donor,A,NA,NA,NA,2.52,9.75,Intact,No Ligand,In,Packed,DFGin,BLAminus,NTin,CTin,61.75,60.06,16.28,NA,NA,6.81,15.09,2.72,NA,NA,NA,NA,3.29,7.69,7.3,9.96,4.1,8.58,3.73,3.47,3.09,3.42,0.84,0.86,9.45,10.75,10.1,a-csk-wtcat-holo_b-src-wtcat-apo,"csk-wtcat-holo
src-wtcat-apo",apo,"csk-wtcat-holo
src-wtcat-apo",FALSE,TRUE,Apo,"csk-wtcat-holo
src-wtcat-apo","csk-wtcat-holo
src-wtcat-apo
[SRC = Apo]","csk-wtcat-holo
src-wtcat-apo
[SRC = Apo]",State 1,Active (BLAminus),In,Intact,DFGin
a-csk-wtcat-holo_b-src-wtcat-apo_seed-86765_sample-0_model,a-csk-wtcat-holo_b-src-wtcat-apo/seed-86765_sample-0,model.cif,D,SRC-WT,Active (BLAminus),C-lobe Donor,A,NA,NA,NA,2.64,9.76,Intact,No Ligand,In,Packed,DFGin,BLAminus,NTin,CTin,59.7,60.16,16.28,NA,NA,6.73,15.07,2.65,NA,NA,NA,NA,3.18,7.72,7.25,9.98,4.09,8.54,3.75,3.4,3.24,3.39,0.85,0.87,8.91,10.51,9.71,a-csk-wtcat-holo_b-src-wtcat-apo,"csk-wtcat-holo
src-wtcat-apo",apo,"csk-wtcat-holo
src-wtcat-apo",FALSE,TRUE,Apo,"csk-wtcat-holo
src-wtcat-apo","csk-wtcat-holo
src-wtcat-apo
[SRC = Apo]","csk-wtcat-holo
src-wtcat-apo
[SRC = Apo]",State 1,Active (BLAminus),In,Intact,DFGin
a-csk-wtcat-holo_b-src-wtcat-apo_seed-86765_sample-1_model,a-csk-wtcat-holo_b-src-wtcat-apo/seed-86765_sample-1,model.cif,D,SRC-WT,Active (BLAminus),C-lobe Donor,A,NA,NA,NA,2.55,9.44,Intact,No Ligand,In,Packed,DFGin,BLAminus,NTin,CTin,63.71,57.65,14.66,NA,NA,6.9,14.9,2.66,NA,NA,NA,NA,3.25,7.78,7.26,9.95,4.07,8.55,3.72,3.4,3.17,3.4,0.85,0.87,8.99,10.54,9.77,a-csk-wtcat-holo_b-src-wtcat-apo,"csk-wtcat-holo
src-wtcat-apo",apo,"csk-wtcat-holo
src-wtcat-apo",FALSE,TRUE,Apo,"csk-wtcat-holo
src-wtcat-apo","csk-wtcat-holo
src-wtcat-apo
[SRC = Apo]","csk-wtcat-holo
src-wtcat-apo
[SRC = Apo]",State 1,Active (BLAminus),In,Intact,DFGin
a-csk-wtcat-holo_b-src-wtcat-apo_seed-86765_sample-2_model,a-csk-wtcat-holo_b-src-wtcat-apo/seed-86765_sample-2,model.cif,D,SRC-WT,Active (BLAminus),C-lobe Donor,A,NA,NA,NA,2.57,9.37,Intact,No Ligand,In,Packed,DFGin,BLAminus,NTin,CTin,61.15,60.19,16.25,NA,NA,6.83,15.14,2.72,NA,NA,NA,NA,3.28,7.7,7.26,9.92,4.07,8.46,3.71,3.53,3.05,3.43,0.84,0.87,9.36,10.53,9.95,a-csk-wtcat-holo_b-src-wtcat-apo,"csk-wtcat-holo
src-wtcat-apo",apo,"csk-wtcat-holo
src-wtcat-apo",FALSE,TRUE,Apo,"csk-wtcat-holo
src-wtcat-apo","csk-wtcat-holo
src-wtcat-apo
[SRC = Apo]","csk-wtcat-holo
src-wtcat-apo
[SRC = Apo]",State 1,Active (BLAminus),In,Intact,DFGin
a-csk-wtcat-holo_b-src-wtcat-apo_seed-86765_sample-3_model,a-csk-wtcat-holo_b-src-wtcat-apo/seed-86765_sample-3,model.cif,D,SRC-WT,Active (BLAminus),C-lobe Donor,A,NA,NA,NA,2.59,9.43,Intact,No Ligand,In,Packed,DFGin,BLAminus,NTin,CTin,57.1,58.15,16.63,NA,NA,6.79,15.12,2.92,NA,NA,NA,NA,3.25,7.68,7.3,10.01,4.01,8.51,3.72,3.92,3.16,3.4,0.85,0.87,9.17,10.53,9.85,a-csk-wtcat-holo_b-src-wtcat-apo,"csk-wtcat-holo
src-wtcat-apo",apo,"csk-wtcat-holo
src-wtcat-apo",FALSE,TRUE,Apo,"csk-wtcat-holo
src-wtcat-apo","csk-wtcat-holo
src-wtcat-apo
[SRC = Apo]","csk-wtcat-holo
src-wtcat-apo
[SRC = Apo]",State 2,Active (BLAminus),In,Intact,DFGin
a-csk-wtcat-holo_b-src-wtcat-apo_seed-86765_sample-4_model,a-csk-wtcat-holo_b-src-wtcat-apo/seed-86765_sample-4,model.cif,D,SRC-WT,Active (BLAminus),C-lobe Donor,A,NA,NA,NA,2.53,10.57,Intact,No Ligand,In,Packed,DFGin,BLAminus,NTin,CTin,62.34,56.14,15.78,NA,NA,6.79,15.07,2.96,NA,NA,NA,NA,3.38,7.7,7.25,9.97,4.05,8.53,3.7,3.46,3.13,3.38,0.84,0.87,9.22,10.52,9.87,a-csk-wtcat-holo_b-src-wtcat-apo,"csk-wtcat-holo
src-wtcat-apo",apo,"csk-wtcat-holo
src-wtcat-apo",FALSE,TRUE,Apo,"csk-wtcat-holo
src-wtcat-apo","csk-wtcat-holo
src-wtcat-apo
[SRC = Apo]","csk-wtcat-holo
src-wtcat-apo
[SRC = Apo]",State 1,Active (BLAminus),In,Intact,DFGin
a-csk-wtcat-holo_b-src-wtcat-apo_seed-938865_sample-0_model,a-csk-wtcat-holo_b-src-wtcat-apo/seed-938865_sample-0,model.cif,D,SRC-WT,Active (BLAminus),C-lobe Donor,A,NA,NA,NA,2.51,9.61,Intact,No Ligand,In,Packed,DFGin,BLAminus,NTin,CTin,60.91,59.96,15.57,NA,NA,6.82,14.91,3,NA,NA,NA,NA,3.29,7.69,7.31,9.96,4.05,8.46,3.75,3.53,2.96,3.37,0.84,0.86,9.39,10.77,10.08,a-csk-wtcat-holo_b-src-wtcat-apo,"csk-wtcat-holo
src-wtcat-apo",apo,"csk-wtcat-holo
src-wtcat-apo",FALSE,TRUE,Apo,"csk-wtcat-holo
src-wtcat-apo","csk-wtcat-holo
src-wtcat-apo
[SRC = Apo]","csk-wtcat-holo
src-wtcat-apo
[SRC = Apo]",State 1,Active (BLAminus),In,Intact,DFGin
a-csk-wtcat-holo_b-src-wtcat-apo_seed-938865_sample-1_model,a-csk-wtcat-holo_b-src-wtcat-apo/seed-938865_sample-1,model.cif,D,SRC-WT,Active (BLAminus),C-lobe Donor,A,NA,NA,NA,2.5,9.18,Intact,No Ligand,In,Packed,DFGin,BLAminus,NTin,CTin,61.5,61.23,14.96,NA,NA,6.85,14.87,2.77,NA,NA,NA,NA,3.19,7.71,7.27,9.94,4.06,8.47,3.8,3.48,3.02,3.44,0.84,0.86,9.23,10.68,9.96,a-csk-wtcat-holo_b-src-wtcat-apo,"csk-wtcat-holo
src-wtcat-apo",apo,"csk-wtcat-holo
src-wtcat-apo",FALSE,TRUE,Apo,"csk-wtcat-holo
src-wtcat-apo","csk-wtcat-holo
src-wtcat-apo
[SRC = Apo]","csk-wtcat-holo
src-wtcat-apo
[SRC = Apo]",State 1,Active (BLAminus),In,Intact,DFGin
a-csk-wtcat-holo_b-src-wtcat-apo_seed-938865_sample-2_model,a-csk-wtcat-holo_b-src-wtcat-apo/seed-938865_sample-2,model.cif,D,SRC-WT,Active (BLAminus),C-lobe Donor,A,NA,NA,NA,2.59,11.43,Intact,No Ligand,In,Packed,DFGin,BLAminus,NTin,CTin,63.49,55.76,15.54,NA,NA,6.73,15.15,2.76,NA,NA,NA,NA,3.23,7.7,7.25,9.9,4.07,8.53,3.74,3.52,3.16,3.44,0.84,0.86,9.27,10.7,9.98,a-csk-wtcat-holo_b-src-wtcat-apo,"csk-wtcat-holo
src-wtcat-apo",apo,"csk-wtcat-holo
src-wtcat-apo",FALSE,TRUE,Apo,"csk-wtcat-holo
src-wtcat-apo","csk-wtcat-holo
src-wtcat-apo
[SRC = Apo]","csk-wtcat-holo
src-wtcat-apo
[SRC = Apo]",State 1,Active (BLAminus),In,Intact,DFGin
a-csk-wtcat-holo_b-src-wtcat-apo_seed-938865_sample-3_model,a-csk-wtcat-holo_b-src-wtcat-apo/seed-938865_sample-3,model.cif,D,SRC-WT,Active (BLAminus),C-lobe Donor,A,NA,NA,NA,2.61,9.84,Intact,No Ligand,In,Packed,DFGin,BLAminus,NTin,CTin,56.37,59.03,16.11,NA,NA,6.8,15.06,2.78,NA,NA,NA,NA,3.5,7.72,7.3,9.93,3.97,8.53,3.69,3.89,3.17,3.39,0.85,0.87,9.24,10.6,9.92,a-csk-wtcat-holo_b-src-wtcat-apo,"csk-wtcat-holo
src-wtcat-apo",apo,"csk-wtcat-holo
src-wtcat-apo",FALSE,TRUE,Apo,"csk-wtcat-holo
src-wtcat-apo","csk-wtcat-holo
src-wtcat-apo
[SRC = Apo]","csk-wtcat-holo
src-wtcat-apo
[SRC = Apo]",State 2,Active (BLAminus),In,Intact,DFGin
a-csk-wtcat-holo_b-src-wtcat-apo_seed-938865_sample-4_model,a-csk-wtcat-holo_b-src-wtcat-apo/seed-938865_sample-4,model.cif,D,SRC-WT,Active (BLAminus),C-lobe Donor,A,NA,NA,NA,2.58,10.01,Intact,No Ligand,In,Packed,DFGin,BLAminus,NTin,CTin,57.23,58.43,15.42,NA,NA,6.84,15.17,2.72,NA,NA,NA,NA,3.16,7.7,7.27,9.99,4.03,8.52,3.69,3.52,3.25,3.45,0.84,0.87,9.33,10.76,10.04,a-csk-wtcat-holo_b-src-wtcat-apo,"csk-wtcat-holo
src-wtcat-apo",apo,"csk-wtcat-holo
src-wtcat-apo",FALSE,TRUE,Apo,"csk-wtcat-holo
src-wtcat-apo","csk-wtcat-holo
src-wtcat-apo
[SRC = Apo]","csk-wtcat-holo
src-wtcat-apo
[SRC = Apo]",State 1,Active (BLAminus),In,Intact,DFGin
a-csk-wtcat-holo_b-src-wtcat-holo_seed-1043108_sample-0_model,a-csk-wtcat-holo_b-src-wtcat-holo/seed-1043108_sample-0,model.cif,D,SRC-WT,Active (BLAminus),C-lobe Donor,A,NA,NA,NA,2.63,10.55,Intact,Intact,In,Packed,DFGin,BLAminus,NTin,CTin,60.9,58.26,15.46,11.13,123.53,6.82,14.99,2.67,6.42,2.2,2.99,2.94,2.98,4.34,7.26,9.89,4.13,8.62,3.74,3.42,3.3,3.48,0.87,0.89,8.99,10.09,9.54,a-csk-wtcat-holo_b-src-wtcat-holo,"csk-wtcat-holo
src-wtcat-holo",holo,"csk-wtcat-holo
src-wtcat-holo",FALSE,FALSE,Holo,"csk-wtcat-holo
src-wtcat-holo","csk-wtcat-holo
src-wtcat-holo
[SRC = Holo]","csk-wtcat-holo
src-wtcat-holo
[SRC = Holo]",State 7,Active (BLAminus),In,Intact,DFGin
a-csk-wtcat-holo_b-src-wtcat-holo_seed-1043108_sample-1_model,a-csk-wtcat-holo_b-src-wtcat-holo/seed-1043108_sample-1,model.cif,D,SRC-WT,Active (BLAminus),C-lobe Donor,A,NA,NA,NA,2.55,9.45,Intact,Intact,In,Packed,DFGin,BLAminus,NTin,CTin,60.7,59.99,15.15,11.4,141.4,6.78,15.01,2.81,4.45,2.41,2.3,2.72,3.34,4.19,7.27,9.93,4.07,8.52,3.72,3.5,3.19,3.46,0.87,0.89,8.96,9.96,9.46,a-csk-wtcat-holo_b-src-wtcat-holo,"csk-wtcat-holo
src-wtcat-holo",holo,"csk-wtcat-holo
src-wtcat-holo",FALSE,FALSE,Holo,"csk-wtcat-holo
src-wtcat-holo","csk-wtcat-holo
src-wtcat-holo
[SRC = Holo]","csk-wtcat-holo
src-wtcat-holo
[SRC = Holo]",State 4,Active (BLAminus),In,Intact,DFGin
a-csk-wtcat-holo_b-src-wtcat-holo_seed-1043108_sample-2_model,a-csk-wtcat-holo_b-src-wtcat-holo/seed-1043108_sample-2,model.cif,D,SRC-WT,Active (BLAminus),C-lobe Donor,A,NA,NA,NA,2.53,10.48,Intact,Intact,In,Packed,DFGin,BLAminus,NTin,CTin,59.07,60.33,15.86,11.91,134.23,6.73,14.85,2.67,4.3,2.52,2.38,3.45,3.1,4,7.31,9.93,4.04,8.59,3.8,3.92,3.15,3.41,0.86,0.88,9.26,10.34,9.8,a-csk-wtcat-holo_b-src-wtcat-holo,"csk-wtcat-holo
src-wtcat-holo",holo,"csk-wtcat-holo
src-wtcat-holo",FALSE,FALSE,Holo,"csk-wtcat-holo
src-wtcat-holo","csk-wtcat-holo
src-wtcat-holo
[SRC = Holo]","csk-wtcat-holo
src-wtcat-holo
[SRC = Holo]",State 4,Active (BLAminus),In,Intact,DFGin
a-csk-wtcat-holo_b-src-wtcat-holo_seed-1043108_sample-3_model,a-csk-wtcat-holo_b-src-wtcat-holo/seed-1043108_sample-3,model.cif,D,SRC-WT,Inactive (BLBplus),C-lobe Donor,A,NA,NA,NA,2.57,10.72,Intact,Intact,Out,Packed,DFGin,BLBplus,NTin,CTin,53.1,26.53,14.33,10.5,136.79,5.01,13.22,6.96,5.22,2.37,2.71,2.77,3.22,4.32,7.34,10.3,3.94,9.72,3.86,3.61,3.15,3.47,0.88,0.89,9,10.39,9.7,a-csk-wtcat-holo_b-src-wtcat-holo,"csk-wtcat-holo
src-wtcat-holo",holo,"csk-wtcat-holo
src-wtcat-holo",FALSE,FALSE,Holo,"csk-wtcat-holo
src-wtcat-holo","csk-wtcat-holo
src-wtcat-holo
[SRC = Holo]","csk-wtcat-holo
src-wtcat-holo
[SRC = Holo]",State 2,Other,Other,Intact,DFGin
a-csk-wtcat-holo_b-src-wtcat-holo_seed-1043108_sample-4_model,a-csk-wtcat-holo_b-src-wtcat-holo/seed-1043108_sample-4,model.cif,D,SRC-WT,Active (BLAminus),C-lobe Donor,A,NA,NA,NA,2.51,10.38,Intact,Intact,In,Packed,DFGin,BLAminus,NTin,CTin,62.1,57.41,15.81,11.99,135.29,6.72,14.85,2.63,4.02,2.52,1.56,3.03,3.53,4.19,7.22,9.89,4.15,8.51,3.72,3.45,3.14,3.45,0.86,0.89,9.11,10.24,9.68,a-csk-wtcat-holo_b-src-wtcat-holo,"csk-wtcat-holo
src-wtcat-holo",holo,"csk-wtcat-holo
src-wtcat-holo",FALSE,FALSE,Holo,"csk-wtcat-holo
src-wtcat-holo","csk-wtcat-holo
src-wtcat-holo
[SRC = Holo]","csk-wtcat-holo
src-wtcat-holo
[SRC = Holo]",State 4,Active (BLAminus),In,Intact,DFGin
a-csk-wtcat-holo_b-src-wtcat-holo_seed-1237443_sample-0_model,a-csk-wtcat-holo_b-src-wtcat-holo/seed-1237443_sample-0,model.cif,D,SRC-WT,Active (BLAminus),C-lobe Donor,A,NA,NA,NA,2.56,10.05,Intact,Intact,In,Packed,DFGin,BLAminus,NTin,CTin,59.91,60.55,15.98,12.14,137.5,6.62,14.78,2.63,4.35,2.54,1.26,2.98,3.51,4.17,7.26,9.92,4.13,8.58,3.79,3.48,3.18,3.39,0.87,0.89,9.16,10.05,9.61,a-csk-wtcat-holo_b-src-wtcat-holo,"csk-wtcat-holo
src-wtcat-holo",holo,"csk-wtcat-holo
src-wtcat-holo",FALSE,FALSE,Holo,"csk-wtcat-holo
src-wtcat-holo","csk-wtcat-holo
src-wtcat-holo
[SRC = Holo]","csk-wtcat-holo
src-wtcat-holo
[SRC = Holo]",State 4,Active (BLAminus),In,Intact,DFGin
a-csk-wtcat-holo_b-src-wtcat-holo_seed-1237443_sample-1_model,a-csk-wtcat-holo_b-src-wtcat-holo/seed-1237443_sample-1,model.cif,D,SRC-WT,Active (BLAminus),C-lobe Donor,A,NA,NA,NA,2.48,9.53,Intact,Intact,In,Packed,DFGin,BLAminus,NTin,CTin,57.13,56.86,15.24,11.24,142.82,6.76,14.92,2.71,4.16,1.37,2.49,3.4,3.07,4.44,7.27,9.95,4.11,8.64,3.78,3.49,3.13,3.38,0.87,0.89,9.02,10.15,9.59,a-csk-wtcat-holo_b-src-wtcat-holo,"csk-wtcat-holo
src-wtcat-holo",holo,"csk-wtcat-holo
src-wtcat-holo",FALSE,FALSE,Holo,"csk-wtcat-holo
src-wtcat-holo","csk-wtcat-holo
src-wtcat-holo
[SRC = Holo]","csk-wtcat-holo
src-wtcat-holo
[SRC = Holo]",State 4,Active (BLAminus),In,Intact,DFGin
a-csk-wtcat-holo_b-src-wtcat-holo_seed-1237443_sample-2_model,a-csk-wtcat-holo_b-src-wtcat-holo/seed-1237443_sample-2,model.cif,D,SRC-WT,Active (BLAminus),C-lobe Donor,A,NA,NA,NA,2.54,9.34,Intact,Intact,In,Packed,DFGin,BLAminus,NTin,CTin,60.47,56.2,15.93,12.13,132.71,6.81,14.99,2.7,4.54,2.21,1.5,3.2,3.08,4.29,7.32,9.96,4.09,8.53,3.81,3.43,3.13,3.42,0.86,0.89,9.18,10.08,9.63,a-csk-wtcat-holo_b-src-wtcat-holo,"csk-wtcat-holo
src-wtcat-holo",holo,"csk-wtcat-holo
src-wtcat-holo",FALSE,FALSE,Holo,"csk-wtcat-holo
src-wtcat-holo","csk-wtcat-holo
src-wtcat-holo
[SRC = Holo]","csk-wtcat-holo
src-wtcat-holo
[SRC = Holo]",State 4,Active (BLAminus),In,Intact,DFGin
a-csk-wtcat-holo_b-src-wtcat-holo_seed-1237443_sample-3_model,a-csk-wtcat-holo_b-src-wtcat-holo/seed-1237443_sample-3,model.cif,D,SRC-WT,Active (BLAminus),C-lobe Donor,A,NA,NA,NA,2.56,10.38,Intact,Intact,In,Packed,DFGin,BLAminus,NTin,CTin,59.74,62.65,16.06,11.91,148.1,6.6,14.73,2.6,5.17,2.31,1.8,3.14,3.36,4.12,7.28,9.91,4.12,8.55,3.76,3.45,3.11,3.41,0.87,0.89,9.01,9.99,9.5,a-csk-wtcat-holo_b-src-wtcat-holo,"csk-wtcat-holo
src-wtcat-holo",holo,"csk-wtcat-holo
src-wtcat-holo",FALSE,FALSE,Holo,"csk-wtcat-holo
src-wtcat-holo","csk-wtcat-holo
src-wtcat-holo
[SRC = Holo]","csk-wtcat-holo
src-wtcat-holo
[SRC = Holo]",State 4,Active (BLAminus),In,Intact,DFGin
a-csk-wtcat-holo_b-src-wtcat-holo_seed-1237443_sample-4_model,a-csk-wtcat-holo_b-src-wtcat-holo/seed-1237443_sample-4,model.cif,D,SRC-WT,Active (BLAminus),C-lobe Donor,A,NA,NA,NA,2.53,10.7,Intact,Intact,In,Packed,DFGin,BLAminus,NTin,CTin,61.48,55.3,15.38,11.62,133.65,6.82,15.01,2.72,5.26,2.56,1.96,3.48,3.19,4.15,7.3,9.92,4,8.64,3.74,3.88,3.16,3.37,0.87,0.89,9,9.99,9.5,a-csk-wtcat-holo_b-src-wtcat-holo,"csk-wtcat-holo
src-wtcat-holo",holo,"csk-wtcat-holo
src-wtcat-holo",FALSE,FALSE,Holo,"csk-wtcat-holo
src-wtcat-holo","csk-wtcat-holo
src-wtcat-holo
[SRC = Holo]","csk-wtcat-holo
src-wtcat-holo
[SRC = Holo]",State 4,Active (BLAminus),In,Intact,DFGin
a-csk-wtcat-holo_b-src-wtcat-holo_seed-1533196_sample-0_model,a-csk-wtcat-holo_b-src-wtcat-holo/seed-1533196_sample-0,model.cif,D,SRC-WT,Active (BLAminus),C-lobe Donor,A,NA,NA,NA,2.61,11.28,Intact,Intact,In,Packed,DFGin,BLAminus,NTin,CTin,61.41,55.31,16.34,12.05,129.54,6.8,15.22,2.63,6.05,2.41,2.74,4.01,3.46,4.35,7.27,9.93,4.09,8.49,3.78,3.45,3.08,3.39,0.86,0.89,9.18,10.38,9.78,a-csk-wtcat-holo_b-src-wtcat-holo,"csk-wtcat-holo
src-wtcat-holo",holo,"csk-wtcat-holo
src-wtcat-holo",FALSE,FALSE,Holo,"csk-wtcat-holo
src-wtcat-holo","csk-wtcat-holo
src-wtcat-holo
[SRC = Holo]","csk-wtcat-holo
src-wtcat-holo
[SRC = Holo]",State 4,Active (BLAminus),In,Intact,DFGin
a-csk-wtcat-holo_b-src-wtcat-holo_seed-1533196_sample-1_model,a-csk-wtcat-holo_b-src-wtcat-holo/seed-1533196_sample-1,model.cif,D,SRC-WT,Active (BLAminus),C-lobe Donor,A,NA,NA,NA,2.56,9.84,Intact,Intact,In,Packed,DFGin,BLAminus,NTin,CTin,59.38,62.61,15.14,11.13,134.88,6.41,14.42,2.89,5.01,2.04,2.36,3.77,3.07,4.3,7.24,9.93,4.01,8.42,3.74,3.92,3.14,3.51,0.87,0.89,8.99,10.19,9.59,a-csk-wtcat-holo_b-src-wtcat-holo,"csk-wtcat-holo
src-wtcat-holo",holo,"csk-wtcat-holo
src-wtcat-holo",FALSE,FALSE,Holo,"csk-wtcat-holo
src-wtcat-holo","csk-wtcat-holo
src-wtcat-holo
[SRC = Holo]","csk-wtcat-holo
src-wtcat-holo
[SRC = Holo]",State 3,Active (BLAminus),In,Intact,DFGin
a-csk-wtcat-holo_b-src-wtcat-holo_seed-1533196_sample-2_model,a-csk-wtcat-holo_b-src-wtcat-holo/seed-1533196_sample-2,model.cif,D,SRC-WT,Active (BLAminus),C-lobe Donor,A,NA,NA,NA,2.65,9.32,Intact,Intact,In,Packed,DFGin,BLAminus,NTin,CTin,57.83,56.35,15.2,11.7,137.31,6.8,14.89,2.78,5.02,1.95,2.32,3.02,3.21,4.12,7.25,9.93,4.08,8.58,3.8,3.39,3.19,3.45,0.86,0.89,9.26,10.26,9.76,a-csk-wtcat-holo_b-src-wtcat-holo,"csk-wtcat-holo
src-wtcat-holo",holo,"csk-wtcat-holo
src-wtcat-holo",FALSE,FALSE,Holo,"csk-wtcat-holo
src-wtcat-holo","csk-wtcat-holo
src-wtcat-holo
[SRC = Holo]","csk-wtcat-holo
src-wtcat-holo
[SRC = Holo]",State 4,Active (BLAminus),In,Intact,DFGin
a-csk-wtcat-holo_b-src-wtcat-holo_seed-1533196_sample-3_model,a-csk-wtcat-holo_b-src-wtcat-holo/seed-1533196_sample-3,model.cif,D,SRC-WT,Active (BLAminus),C-lobe Donor,A,NA,NA,NA,2.54,9.65,Intact,Intact,In,Packed,DFGin,BLAminus,NTin,CTin,57.59,55.86,15.82,11.75,129.22,6.77,14.86,2.68,5.31,1.75,2.76,3.78,3.41,4.35,7.29,9.98,4.12,8.6,3.74,3.42,3.09,3.45,0.87,0.89,9.02,10.26,9.64,a-csk-wtcat-holo_b-src-wtcat-holo,"csk-wtcat-holo
src-wtcat-holo",holo,"csk-wtcat-holo
src-wtcat-holo",FALSE,FALSE,Holo,"csk-wtcat-holo
src-wtcat-holo","csk-wtcat-holo
src-wtcat-holo
[SRC = Holo]","csk-wtcat-holo
src-wtcat-holo
[SRC = Holo]",State 4,Active (BLAminus),In,Intact,DFGin
a-csk-wtcat-holo_b-src-wtcat-holo_seed-1533196_sample-4_model,a-csk-wtcat-holo_b-src-wtcat-holo/seed-1533196_sample-4,model.cif,D,SRC-WT,Active (BLAminus),C-lobe Donor,A,NA,NA,NA,2.58,9.49,Intact,Intact,In,Packed,DFGin,BLAminus,NTin,CTin,59.49,63.99,15.3,11.08,149.11,6.68,14.74,2.68,4.88,2.16,2.41,2.93,3.13,3.97,7.33,9.94,4,8.56,3.72,3.89,3.17,3.44,0.86,0.89,9.1,10.28,9.69,a-csk-wtcat-holo_b-src-wtcat-holo,"csk-wtcat-holo
src-wtcat-holo",holo,"csk-wtcat-holo
src-wtcat-holo",FALSE,FALSE,Holo,"csk-wtcat-holo
src-wtcat-holo","csk-wtcat-holo
src-wtcat-holo
[SRC = Holo]","csk-wtcat-holo
src-wtcat-holo
[SRC = Holo]",State 4,Active (BLAminus),In,Intact,DFGin
a-csk-wtcat-holo_b-src-wtcat-holo_seed-1562316_sample-0_model,a-csk-wtcat-holo_b-src-wtcat-holo/seed-1562316_sample-0,model.cif,D,SRC-WT,Active (BLAminus),C-lobe Donor,A,NA,NA,NA,2.64,9.41,Intact,Intact,In,Packed,DFGin,BLAminus,NTin,CTin,60.58,57.73,15.97,11.69,144.85,6.8,14.99,2.71,5.02,2.01,2.09,3.2,3.02,4.02,7.31,9.92,4.05,8.63,3.71,3.47,3.01,3.39,0.86,0.88,9.3,10.23,9.77,a-csk-wtcat-holo_b-src-wtcat-holo,"csk-wtcat-holo
src-wtcat-holo",holo,"csk-wtcat-holo
src-wtcat-holo",FALSE,FALSE,Holo,"csk-wtcat-holo
src-wtcat-holo","csk-wtcat-holo
src-wtcat-holo
[SRC = Holo]","csk-wtcat-holo
src-wtcat-holo
[SRC = Holo]",State 4,Active (BLAminus),In,Intact,DFGin
a-csk-wtcat-holo_b-src-wtcat-holo_seed-1562316_sample-1_model,a-csk-wtcat-holo_b-src-wtcat-holo/seed-1562316_sample-1,model.cif,D,SRC-WT,Active (BLAminus),C-lobe Donor,A,NA,NA,NA,2.61,9.56,Intact,Intact,In,Packed,DFGin,BLAminus,NTin,CTin,57.03,59.16,16.3,11.73,145.41,6.78,15.05,2.71,5.51,1.89,2.54,2.73,3.26,4.15,7.31,9.95,3.99,8.47,3.65,3.9,3.04,3.46,0.86,0.89,9.04,10.12,9.58,a-csk-wtcat-holo_b-src-wtcat-holo,"csk-wtcat-holo
src-wtcat-holo",holo,"csk-wtcat-holo
src-wtcat-holo",FALSE,FALSE,Holo,"csk-wtcat-holo
src-wtcat-holo","csk-wtcat-holo
src-wtcat-holo
[SRC = Holo]","csk-wtcat-holo
src-wtcat-holo
[SRC = Holo]",State 4,Active (BLAminus),In,Intact,DFGin
a-csk-wtcat-holo_b-src-wtcat-holo_seed-1562316_sample-2_model,a-csk-wtcat-holo_b-src-wtcat-holo/seed-1562316_sample-2,model.cif,D,SRC-WT,Active (BLAminus),C-lobe Donor,A,NA,NA,NA,2.57,11.78,Intact,Intact,In,Packed,DFGin,BLAminus,NTin,CTin,59.6,63.49,15.36,11.44,128.85,6.63,14.85,2.67,6.26,2.27,2.72,2.14,3.17,4.15,7.34,9.84,4,8.53,3.71,3.96,3.07,3.36,0.86,0.89,9.07,10.16,9.62,a-csk-wtcat-holo_b-src-wtcat-holo,"csk-wtcat-holo
src-wtcat-holo",holo,"csk-wtcat-holo
src-wtcat-holo",FALSE,FALSE,Holo,"csk-wtcat-holo
src-wtcat-holo","csk-wtcat-holo
src-wtcat-holo
[SRC = Holo]","csk-wtcat-holo
src-wtcat-holo
[SRC = Holo]",State 4,Active (BLAminus),In,Intact,DFGin
a-csk-wtcat-holo_b-src-wtcat-holo_seed-1562316_sample-3_model,a-csk-wtcat-holo_b-src-wtcat-holo/seed-1562316_sample-3,model.cif,D,SRC-WT,Active (BLAminus),C-lobe Donor,A,NA,NA,NA,2.62,10.57,Intact,Intact,In,Packed,DFGin,BLAminus,NTin,CTin,62.62,53.35,15.88,11.28,128.96,6.72,14.94,2.7,5.86,1.85,3.18,3.51,3.41,4.27,7.24,9.92,4.11,8.56,3.73,3.41,3.2,3.44,0.86,0.89,9.2,10.27,9.73,a-csk-wtcat-holo_b-src-wtcat-holo,"csk-wtcat-holo
src-wtcat-holo",holo,"csk-wtcat-holo
src-wtcat-holo",FALSE,FALSE,Holo,"csk-wtcat-holo
src-wtcat-holo","csk-wtcat-holo
src-wtcat-holo
[SRC = Holo]","csk-wtcat-holo
src-wtcat-holo
[SRC = Holo]",State 4,Active (BLAminus),In,Intact,DFGin
a-csk-wtcat-holo_b-src-wtcat-holo_seed-1562316_sample-4_model,a-csk-wtcat-holo_b-src-wtcat-holo/seed-1562316_sample-4,model.cif,D,SRC-WT,Active (BLAminus),C-lobe Donor,A,NA,NA,NA,2.5,9.64,Intact,Intact,In,Packed,DFGin,BLAminus,NTin,CTin,60.47,60.58,15.51,11.25,152.47,6.73,14.76,2.75,5.14,1.72,2.55,3.34,3.09,4.08,7.27,9.96,4.12,8.45,3.76,3.45,3.2,3.46,0.87,0.89,9,10.1,9.55,a-csk-wtcat-holo_b-src-wtcat-holo,"csk-wtcat-holo
src-wtcat-holo",holo,"csk-wtcat-holo
src-wtcat-holo",FALSE,FALSE,Holo,"csk-wtcat-holo
src-wtcat-holo","csk-wtcat-holo
src-wtcat-holo
[SRC = Holo]","csk-wtcat-holo
src-wtcat-holo
[SRC = Holo]",State 4,Active (BLAminus),In,Intact,DFGin
a-csk-wtcat-holo_b-src-wtcat-holo_seed-1906112_sample-0_model,a-csk-wtcat-holo_b-src-wtcat-holo/seed-1906112_sample-0,model.cif,D,SRC-WT,Active (BLAminus),C-lobe Donor,A,NA,NA,NA,2.54,9.6,Intact,Intact,In,Packed,DFGin,BLAminus,NTin,CTin,60.27,61.35,15.05,11.3,130.4,6.59,14.58,2.74,4.95,2.72,2.43,2.43,3.02,4.18,7.26,9.94,4.11,8.5,3.75,3.48,3.13,3.36,0.87,0.89,9.02,9.95,9.48,a-csk-wtcat-holo_b-src-wtcat-holo,"csk-wtcat-holo
src-wtcat-holo",holo,"csk-wtcat-holo
src-wtcat-holo",FALSE,FALSE,Holo,"csk-wtcat-holo
src-wtcat-holo","csk-wtcat-holo
src-wtcat-holo
[SRC = Holo]","csk-wtcat-holo
src-wtcat-holo
[SRC = Holo]",State 4,Active (BLAminus),In,Intact,DFGin
a-csk-wtcat-holo_b-src-wtcat-holo_seed-1906112_sample-1_model,a-csk-wtcat-holo_b-src-wtcat-holo/seed-1906112_sample-1,model.cif,D,SRC-WT,Active (BLAminus),C-lobe Donor,A,NA,NA,NA,2.53,10.85,Intact,Intact,In,Packed,DFGin,BLAminus,NTin,CTin,60.07,59.21,15.36,11.36,139.12,6.7,14.87,2.88,5.16,2.03,2.54,3.65,3.23,4.22,7.27,9.95,4.01,8.5,3.65,3.88,3.2,3.45,0.86,0.89,9.1,10.17,9.63,a-csk-wtcat-holo_b-src-wtcat-holo,"csk-wtcat-holo
src-wtcat-holo",holo,"csk-wtcat-holo
src-wtcat-holo",FALSE,FALSE,Holo,"csk-wtcat-holo
src-wtcat-holo","csk-wtcat-holo
src-wtcat-holo
[SRC = Holo]","csk-wtcat-holo
src-wtcat-holo
[SRC = Holo]",State 4,Active (BLAminus),In,Intact,DFGin
a-csk-wtcat-holo_b-src-wtcat-holo_seed-1906112_sample-2_model,a-csk-wtcat-holo_b-src-wtcat-holo/seed-1906112_sample-2,model.cif,D,SRC-WT,Active (BLAminus),C-lobe Donor,A,NA,NA,NA,2.54,11.51,Intact,Intact,In,Packed,DFGin,BLAminus,NTin,CTin,60.17,60.68,15.8,11.8,138.69,6.68,14.92,2.67,4.07,2.37,2.1,3.48,3.03,4.09,7.28,9.9,4.11,8.41,3.77,3.49,3.09,3.44,0.87,0.89,9.08,10.14,9.61,a-csk-wtcat-holo_b-src-wtcat-holo,"csk-wtcat-holo
src-wtcat-holo",holo,"csk-wtcat-holo
src-wtcat-holo",FALSE,FALSE,Holo,"csk-wtcat-holo
src-wtcat-holo","csk-wtcat-holo
src-wtcat-holo
[SRC = Holo]","csk-wtcat-holo
src-wtcat-holo
[SRC = Holo]",State 4,Active (BLAminus),In,Intact,DFGin
a-csk-wtcat-holo_b-src-wtcat-holo_seed-1906112_sample-3_model,a-csk-wtcat-holo_b-src-wtcat-holo/seed-1906112_sample-3,model.cif,D,SRC-WT,Active (BLAminus),C-lobe Donor,A,NA,NA,NA,2.61,9.64,Intact,Intact,In,Packed,DFGin,BLAminus,NTin,CTin,60.72,59.71,15.82,11.91,135.16,6.76,14.91,2.72,4.86,2.22,2.66,4.24,3.24,4.17,7.3,9.98,4.14,8.51,3.76,3.42,3.11,3.39,0.87,0.89,9.17,10.15,9.66,a-csk-wtcat-holo_b-src-wtcat-holo,"csk-wtcat-holo
src-wtcat-holo",holo,"csk-wtcat-holo
src-wtcat-holo",FALSE,FALSE,Holo,"csk-wtcat-holo
src-wtcat-holo","csk-wtcat-holo
src-wtcat-holo
[SRC = Holo]","csk-wtcat-holo
src-wtcat-holo
[SRC = Holo]",State 4,Active (BLAminus),In,Intact,DFGin
a-csk-wtcat-holo_b-src-wtcat-holo_seed-1906112_sample-4_model,a-csk-wtcat-holo_b-src-wtcat-holo/seed-1906112_sample-4,model.cif,D,SRC-WT,Active (BLAminus),C-lobe Donor,A,NA,NA,NA,2.57,9.49,Intact,Intact,In,Packed,DFGin,BLAminus,NTin,CTin,59.53,60.95,15.93,11.43,144.92,6.8,15.02,2.71,5.18,2.24,1.59,3.69,3.18,4.13,7.29,9.92,4.12,8.56,3.69,3.4,3.06,3.4,0.86,0.88,9.18,10.25,9.71,a-csk-wtcat-holo_b-src-wtcat-holo,"csk-wtcat-holo
src-wtcat-holo",holo,"csk-wtcat-holo
src-wtcat-holo",FALSE,FALSE,Holo,"csk-wtcat-holo
src-wtcat-holo","csk-wtcat-holo
src-wtcat-holo
[SRC = Holo]","csk-wtcat-holo
src-wtcat-holo
[SRC = Holo]",State 4,Active (BLAminus),In,Intact,DFGin
a-csk-wtcat-holo_b-src-wtcat-holo_seed-1922438_sample-0_model,a-csk-wtcat-holo_b-src-wtcat-holo/seed-1922438_sample-0,model.cif,D,SRC-WT,Active (BLAminus),C-lobe Donor,A,NA,NA,NA,2.55,9.94,Intact,Intact,In,Packed,DFGin,BLAminus,NTin,CTin,62.17,56.35,15.84,10.73,131.27,6.78,15.09,2.63,5.3,0.91,2.18,3.43,3.3,4.29,7.26,9.91,4.1,8.57,3.77,3.47,3.21,3.38,0.87,0.89,9.09,10.13,9.61,a-csk-wtcat-holo_b-src-wtcat-holo,"csk-wtcat-holo
src-wtcat-holo",holo,"csk-wtcat-holo
src-wtcat-holo",FALSE,FALSE,Holo,"csk-wtcat-holo
src-wtcat-holo","csk-wtcat-holo
src-wtcat-holo
[SRC = Holo]","csk-wtcat-holo
src-wtcat-holo
[SRC = Holo]",State 4,Active (BLAminus),In,Intact,DFGin
a-csk-wtcat-holo_b-src-wtcat-holo_seed-1922438_sample-1_model,a-csk-wtcat-holo_b-src-wtcat-holo/seed-1922438_sample-1,model.cif,D,SRC-WT,Active (BLAminus),C-lobe Donor,A,NA,NA,NA,2.5,10.04,Intact,Intact,In,Packed,DFGin,BLAminus,NTin,CTin,62.44,53.28,16.17,11.72,149.12,6.79,15.22,2.7,5.46,1.56,2.69,3.89,3.39,4.04,7.31,10.02,4.09,8.58,3.83,3.47,2.97,3.4,0.87,0.89,9.04,10.17,9.61,a-csk-wtcat-holo_b-src-wtcat-holo,"csk-wtcat-holo
src-wtcat-holo",holo,"csk-wtcat-holo
src-wtcat-holo",FALSE,FALSE,Holo,"csk-wtcat-holo
src-wtcat-holo","csk-wtcat-holo
src-wtcat-holo
[SRC = Holo]","csk-wtcat-holo
src-wtcat-holo
[SRC = Holo]",State 1,Active (BLAminus),In,Intact,DFGin
a-csk-wtcat-holo_b-src-wtcat-holo_seed-1922438_sample-2_model,a-csk-wtcat-holo_b-src-wtcat-holo/seed-1922438_sample-2,model.cif,D,SRC-WT,Active (BLAminus),C-lobe Donor,A,NA,NA,NA,2.59,9.2,Intact,Intact,In,Packed,DFGin,BLAminus,NTin,CTin,57.27,57.43,15.9,11.27,155.74,6.66,14.93,2.68,5.87,1.25,2.44,4.24,3.34,3.92,7.32,9.92,3.98,8.51,3.74,3.93,3.03,3.45,0.87,0.89,9.15,10.14,9.64,a-csk-wtcat-holo_b-src-wtcat-holo,"csk-wtcat-holo
src-wtcat-holo",holo,"csk-wtcat-holo
src-wtcat-holo",FALSE,FALSE,Holo,"csk-wtcat-holo
src-wtcat-holo","csk-wtcat-holo
src-wtcat-holo
[SRC = Holo]","csk-wtcat-holo
src-wtcat-holo
[SRC = Holo]",State 4,Active (BLAminus),In,Intact,DFGin
a-csk-wtcat-holo_b-src-wtcat-holo_seed-1922438_sample-3_model,a-csk-wtcat-holo_b-src-wtcat-holo/seed-1922438_sample-3,model.cif,D,SRC-WT,Active (BLAminus),C-lobe Donor,A,NA,NA,NA,2.55,9.54,Intact,Intact,In,Packed,DFGin,BLAminus,NTin,CTin,62.97,53.67,15.64,11.34,148.26,6.63,14.97,2.78,4.49,1.95,2.71,2.99,3.28,4.29,7.24,9.97,4.1,8.61,3.74,3.42,3.18,3.46,0.86,0.89,9.57,10.38,9.98,a-csk-wtcat-holo_b-src-wtcat-holo,"csk-wtcat-holo
src-wtcat-holo",holo,"csk-wtcat-holo
src-wtcat-holo",FALSE,FALSE,Holo,"csk-wtcat-holo
src-wtcat-holo","csk-wtcat-holo
src-wtcat-holo
[SRC = Holo]","csk-wtcat-holo
src-wtcat-holo
[SRC = Holo]",State 4,Active (BLAminus),In,Intact,DFGin
a-csk-wtcat-holo_b-src-wtcat-holo_seed-1922438_sample-4_model,a-csk-wtcat-holo_b-src-wtcat-holo/seed-1922438_sample-4,model.cif,D,SRC-WT,Active (BLAminus),C-lobe Donor,A,NA,NA,NA,2.54,10.28,Intact,Intact,In,Packed,DFGin,BLAminus,NTin,CTin,61.32,62.68,15.07,11,118.67,6.81,15.04,2.67,8.02,2.1,2.72,1.53,3.18,4.29,7.29,9.9,3.99,8.58,3.61,3.9,3.19,3.38,0.87,0.89,8.95,10.1,9.52,a-csk-wtcat-holo_b-src-wtcat-holo,"csk-wtcat-holo
src-wtcat-holo",holo,"csk-wtcat-holo
src-wtcat-holo",FALSE,FALSE,Holo,"csk-wtcat-holo
src-wtcat-holo","csk-wtcat-holo
src-wtcat-holo
[SRC = Holo]","csk-wtcat-holo
src-wtcat-holo
[SRC = Holo]",State 4,Active (BLAminus),In,Intact,DFGin
a-csk-wtcat-holo_b-src-wtcat-holo_seed-1933517_sample-0_model,a-csk-wtcat-holo_b-src-wtcat-holo/seed-1933517_sample-0,model.cif,D,SRC-WT,Active (BLAminus),C-lobe Donor,A,NA,NA,NA,2.54,10.87,Intact,Intact,In,Packed,DFGin,BLAminus,NTin,CTin,63.19,55.2,15.67,11.56,148.04,6.82,15.08,2.69,4.51,1.7,2.19,3.39,3.41,4.05,7.28,9.97,4.09,8.57,3.73,3.52,3.11,3.37,0.87,0.89,9.15,10.2,9.68,a-csk-wtcat-holo_b-src-wtcat-holo,"csk-wtcat-holo
src-wtcat-holo",holo,"csk-wtcat-holo
src-wtcat-holo",FALSE,FALSE,Holo,"csk-wtcat-holo
src-wtcat-holo","csk-wtcat-holo
src-wtcat-holo
[SRC = Holo]","csk-wtcat-holo
src-wtcat-holo
[SRC = Holo]",State 1,Active (BLAminus),In,Intact,DFGin
a-csk-wtcat-holo_b-src-wtcat-holo_seed-1933517_sample-1_model,a-csk-wtcat-holo_b-src-wtcat-holo/seed-1933517_sample-1,model.cif,D,SRC-WT,Active (BLAminus),C-lobe Donor,A,NA,NA,NA,2.54,10.63,Intact,Intact,In,Packed,DFGin,BLAminus,NTin,CTin,61.39,60.88,15.94,11.54,147.28,6.69,14.8,2.72,4.84,2.31,1.81,3.12,3.13,4.14,7.28,9.87,4.11,8.57,3.73,3.44,3.06,3.4,0.87,0.89,9.09,10.13,9.61,a-csk-wtcat-holo_b-src-wtcat-holo,"csk-wtcat-holo
src-wtcat-holo",holo,"csk-wtcat-holo
src-wtcat-holo",FALSE,FALSE,Holo,"csk-wtcat-holo
src-wtcat-holo","csk-wtcat-holo
src-wtcat-holo
[SRC = Holo]","csk-wtcat-holo
src-wtcat-holo
[SRC = Holo]",State 4,Active (BLAminus),In,Intact,DFGin
a-csk-wtcat-holo_b-src-wtcat-holo_seed-1933517_sample-2_model,a-csk-wtcat-holo_b-src-wtcat-holo/seed-1933517_sample-2,model.cif,D,SRC-WT,Active (BLAminus),C-lobe Donor,A,NA,NA,NA,2.58,9.59,Intact,Intact,In,Packed,DFGin,BLAminus,NTin,CTin,60.66,58.6,15.71,11.24,139.98,6.72,14.91,2.73,5.23,2.71,2.8,3,3.24,4.25,7.32,9.88,4.1,8.46,3.84,3.51,2.88,3.39,0.86,0.88,9.21,10.2,9.71,a-csk-wtcat-holo_b-src-wtcat-holo,"csk-wtcat-holo
src-wtcat-holo",holo,"csk-wtcat-holo
src-wtcat-holo",FALSE,FALSE,Holo,"csk-wtcat-holo
src-wtcat-holo","csk-wtcat-holo
src-wtcat-holo
[SRC = Holo]","csk-wtcat-holo
src-wtcat-holo
[SRC = Holo]",State 4,Active (BLAminus),In,Intact,DFGin
a-csk-wtcat-holo_b-src-wtcat-holo_seed-1933517_sample-3_model,a-csk-wtcat-holo_b-src-wtcat-holo/seed-1933517_sample-3,model.cif,D,SRC-WT,Active (BLAminus),C-lobe Donor,A,NA,NA,NA,2.56,9.76,Intact,Intact,Out,Packed,DFGin,BLAminus,NTin,CTin,57.7,45.36,14.1,11.11,133.24,7.04,13.93,7.78,4.51,2.46,2.54,2.11,3.16,4.19,7.22,9.98,3.95,9.63,3.67,3.6,3.3,3.42,0.87,0.89,9.4,10.53,9.96,a-csk-wtcat-holo_b-src-wtcat-holo,"csk-wtcat-holo
src-wtcat-holo",holo,"csk-wtcat-holo
src-wtcat-holo",FALSE,FALSE,Holo,"csk-wtcat-holo
src-wtcat-holo","csk-wtcat-holo
src-wtcat-holo
[SRC = Holo]","csk-wtcat-holo
src-wtcat-holo
[SRC = Holo]",State 2,Active (BLAminus),Other,Intact,DFGin
a-csk-wtcat-holo_b-src-wtcat-holo_seed-1933517_sample-4_model,a-csk-wtcat-holo_b-src-wtcat-holo/seed-1933517_sample-4,model.cif,D,SRC-WT,Active (BLAminus),C-lobe Donor,A,NA,NA,NA,2.56,9.76,Intact,Intact,In,Packed,DFGin,BLAminus,NTin,CTin,60.53,62.09,15.19,11.28,123.61,6.7,14.81,2.75,5.07,2.43,2.39,3.33,3.06,4.22,7.3,9.93,4.13,8.54,3.98,3.51,3.22,3.42,0.87,0.89,9.57,10.27,9.92,a-csk-wtcat-holo_b-src-wtcat-holo,"csk-wtcat-holo
src-wtcat-holo",holo,"csk-wtcat-holo
src-wtcat-holo",FALSE,FALSE,Holo,"csk-wtcat-holo
src-wtcat-holo","csk-wtcat-holo
src-wtcat-holo
[SRC = Holo]","csk-wtcat-holo
src-wtcat-holo
[SRC = Holo]",State 4,Active (BLAminus),In,Intact,DFGin
a-csk-wtcat-holo_b-src-wtcat-holo_seed-1934170_sample-0_model,a-csk-wtcat-holo_b-src-wtcat-holo/seed-1934170_sample-0,model.cif,D,SRC-WT,Active (BLAminus),C-lobe Donor,A,NA,NA,NA,2.54,10.25,Intact,Intact,In,Packed,DFGin,BLAminus,NTin,CTin,60.68,60.75,15.53,11.53,147.37,6.68,14.89,2.7,5.1,2.61,2.97,2.81,3.16,4.15,7.24,9.98,4.11,8.45,3.78,3.42,3.21,3.43,0.87,0.89,9.1,10.19,9.64,a-csk-wtcat-holo_b-src-wtcat-holo,"csk-wtcat-holo
src-wtcat-holo",holo,"csk-wtcat-holo
src-wtcat-holo",FALSE,FALSE,Holo,"csk-wtcat-holo
src-wtcat-holo","csk-wtcat-holo
src-wtcat-holo
[SRC = Holo]","csk-wtcat-holo
src-wtcat-holo
[SRC = Holo]",State 4,Active (BLAminus),In,Intact,DFGin
a-csk-wtcat-holo_b-src-wtcat-holo_seed-1934170_sample-1_model,a-csk-wtcat-holo_b-src-wtcat-holo/seed-1934170_sample-1,model.cif,D,SRC-WT,Active (BLAminus),C-lobe Donor,A,NA,NA,NA,2.61,9.51,Intact,Intact,In,Packed,DFGin,BLAminus,NTin,CTin,63.56,54.3,15.36,11.66,138.84,6.76,14.95,2.65,4.09,1.62,2.79,4.23,3.23,4.21,7.29,9.97,4.11,8.6,3.75,3.41,3.2,3.39,0.87,0.89,9.08,10.26,9.67,a-csk-wtcat-holo_b-src-wtcat-holo,"csk-wtcat-holo
src-wtcat-holo",holo,"csk-wtcat-holo
src-wtcat-holo",FALSE,FALSE,Holo,"csk-wtcat-holo
src-wtcat-holo","csk-wtcat-holo
src-wtcat-holo
[SRC = Holo]","csk-wtcat-holo
src-wtcat-holo
[SRC = Holo]",State 4,Active (BLAminus),In,Intact,DFGin
a-csk-wtcat-holo_b-src-wtcat-holo_seed-1934170_sample-2_model,a-csk-wtcat-holo_b-src-wtcat-holo/seed-1934170_sample-2,model.cif,D,SRC-WT,Active (BLAminus),C-lobe Donor,A,NA,NA,NA,2.54,9.57,Intact,Intact,In,Packed,DFGin,BLAminus,NTin,CTin,58.6,63.26,15.61,11.47,142.19,6.68,14.92,2.65,5.79,2.62,3.3,3.53,3,4.22,7.3,9.88,4,8.57,3.75,3.92,3.1,3.38,0.87,0.89,9.01,10.21,9.61,a-csk-wtcat-holo_b-src-wtcat-holo,"csk-wtcat-holo
src-wtcat-holo",holo,"csk-wtcat-holo
src-wtcat-holo",FALSE,FALSE,Holo,"csk-wtcat-holo
src-wtcat-holo","csk-wtcat-holo
src-wtcat-holo
[SRC = Holo]","csk-wtcat-holo
src-wtcat-holo
[SRC = Holo]",State 4,Active (BLAminus),In,Intact,DFGin
a-csk-wtcat-holo_b-src-wtcat-holo_seed-1934170_sample-3_model,a-csk-wtcat-holo_b-src-wtcat-holo/seed-1934170_sample-3,model.cif,D,SRC-WT,Active (BLAminus),C-lobe Donor,A,NA,NA,NA,2.54,10.6,Intact,Intact,In,Packed,DFGin,BLAminus,NTin,CTin,57.28,55.77,15.02,11.31,113.96,6.77,14.91,2.84,4.78,1.49,2.55,3.45,3.2,4.25,7.25,9.96,4.08,8.43,3.66,3.4,3.19,3.48,0.86,0.89,9.09,10.19,9.64,a-csk-wtcat-holo_b-src-wtcat-holo,"csk-wtcat-holo
src-wtcat-holo",holo,"csk-wtcat-holo
src-wtcat-holo",FALSE,FALSE,Holo,"csk-wtcat-holo
src-wtcat-holo","csk-wtcat-holo
src-wtcat-holo
[SRC = Holo]","csk-wtcat-holo
src-wtcat-holo
[SRC = Holo]",State 4,Active (BLAminus),In,Intact,DFGin
a-csk-wtcat-holo_b-src-wtcat-holo_seed-1934170_sample-4_model,a-csk-wtcat-holo_b-src-wtcat-holo/seed-1934170_sample-4,model.cif,D,SRC-WT,Active (BLAminus),C-lobe Donor,A,NA,NA,NA,2.54,11.52,Intact,Intact,In,Packed,DFGin,BLAminus,NTin,CTin,60.57,63.19,15.64,11.2,148.81,6.7,14.96,2.66,6.22,1.87,2.9,3.17,3.26,4.05,7.37,9.89,3.99,8.47,3.79,3.96,3.07,3.37,0.86,0.88,9.21,10.37,9.79,a-csk-wtcat-holo_b-src-wtcat-holo,"csk-wtcat-holo
src-wtcat-holo",holo,"csk-wtcat-holo
src-wtcat-holo",FALSE,FALSE,Holo,"csk-wtcat-holo
src-wtcat-holo","csk-wtcat-holo
src-wtcat-holo
[SRC = Holo]","csk-wtcat-holo
src-wtcat-holo
[SRC = Holo]",State 4,Active (BLAminus),In,Intact,DFGin
a-csk-wtcat-holo_b-src-wtcat-holo_seed-210621_sample-0_model,a-csk-wtcat-holo_b-src-wtcat-holo/seed-210621_sample-0,model.cif,D,SRC-WT,Active (BLAminus),C-lobe Donor,A,NA,NA,NA,2.54,10.07,Intact,Intact,In,Packed,DFGin,BLAminus,NTin,CTin,59.72,61.79,16,11.34,129.21,6.72,14.95,2.6,6.55,2.23,2.8,2.78,3.14,4.14,7.31,9.93,4,8.61,3.76,3.97,3.16,3.39,0.87,0.89,9.14,10.06,9.6,a-csk-wtcat-holo_b-src-wtcat-holo,"csk-wtcat-holo
src-wtcat-holo",holo,"csk-wtcat-holo
src-wtcat-holo",FALSE,FALSE,Holo,"csk-wtcat-holo
src-wtcat-holo","csk-wtcat-holo
src-wtcat-holo
[SRC = Holo]","csk-wtcat-holo
src-wtcat-holo
[SRC = Holo]",State 4,Active (BLAminus),In,Intact,DFGin
a-csk-wtcat-holo_b-src-wtcat-holo_seed-210621_sample-1_model,a-csk-wtcat-holo_b-src-wtcat-holo/seed-210621_sample-1,model.cif,D,SRC-WT,Active (BLAminus),C-lobe Donor,A,NA,NA,NA,2.58,9.14,Intact,Intact,In,Packed,DFGin,BLAminus,NTin,CTin,61.11,56.14,15.38,11.52,145.27,6.83,15.03,2.95,4.87,1.38,2.43,3.86,3.03,4.15,7.29,9.92,4.02,8.55,3.72,3.89,3.15,3.45,0.87,0.89,9.17,10.22,9.7,a-csk-wtcat-holo_b-src-wtcat-holo,"csk-wtcat-holo
src-wtcat-holo",holo,"csk-wtcat-holo
src-wtcat-holo",FALSE,FALSE,Holo,"csk-wtcat-holo
src-wtcat-holo","csk-wtcat-holo
src-wtcat-holo
[SRC = Holo]","csk-wtcat-holo
src-wtcat-holo
[SRC = Holo]",State 4,Active (BLAminus),In,Intact,DFGin
a-csk-wtcat-holo_b-src-wtcat-holo_seed-210621_sample-2_model,a-csk-wtcat-holo_b-src-wtcat-holo/seed-210621_sample-2,model.cif,D,SRC-WT,Active (BLAminus),C-lobe Donor,A,NA,NA,NA,2.56,10.22,Intact,Intact,In,Packed,DFGin,BLAminus,NTin,CTin,58.44,58.12,15.09,11.18,137.73,6.77,14.94,2.77,5.15,1.51,1.69,3.09,3.05,3.95,7.27,9.97,4.02,8.58,3.79,3.89,3.26,3.41,0.87,0.89,9.04,10.11,9.57,a-csk-wtcat-holo_b-src-wtcat-holo,"csk-wtcat-holo
src-wtcat-holo",holo,"csk-wtcat-holo
src-wtcat-holo",FALSE,FALSE,Holo,"csk-wtcat-holo
src-wtcat-holo","csk-wtcat-holo
src-wtcat-holo
[SRC = Holo]","csk-wtcat-holo
src-wtcat-holo
[SRC = Holo]",State 4,Active (BLAminus),In,Intact,DFGin
a-csk-wtcat-holo_b-src-wtcat-holo_seed-210621_sample-3_model,a-csk-wtcat-holo_b-src-wtcat-holo/seed-210621_sample-3,model.cif,D,SRC-WT,Active (BLAminus),C-lobe Donor,A,NA,NA,NA,2.54,9.59,Intact,Intact,In,Packed,DFGin,BLAminus,NTin,CTin,63.59,55.7,15.49,11.45,140.3,6.74,14.85,2.7,6.07,2.09,2.36,2.85,3.07,4.28,7.37,9.87,4.11,8.53,3.85,3.51,3.06,3.39,0.87,0.89,9.02,10.12,9.57,a-csk-wtcat-holo_b-src-wtcat-holo,"csk-wtcat-holo
src-wtcat-holo",holo,"csk-wtcat-holo
src-wtcat-holo",FALSE,FALSE,Holo,"csk-wtcat-holo
src-wtcat-holo","csk-wtcat-holo
src-wtcat-holo
[SRC = Holo]","csk-wtcat-holo
src-wtcat-holo
[SRC = Holo]",State 4,Active (BLAminus),In,Intact,DFGin
a-csk-wtcat-holo_b-src-wtcat-holo_seed-210621_sample-4_model,a-csk-wtcat-holo_b-src-wtcat-holo/seed-210621_sample-4,model.cif,D,SRC-WT,Active (BLAminus),C-lobe Donor,A,NA,NA,NA,2.58,10.56,Intact,Intact,In,Packed,DFGin,BLAminus,NTin,CTin,60.33,59.82,16.26,12.12,149.03,6.81,15.05,2.74,4.49,1.78,2.32,4.41,3.18,4.2,7.29,9.94,4.11,8.51,3.75,3.61,3.08,3.51,0.86,0.88,9.19,10.51,9.85,a-csk-wtcat-holo_b-src-wtcat-holo,"csk-wtcat-holo
src-wtcat-holo",holo,"csk-wtcat-holo
src-wtcat-holo",FALSE,FALSE,Holo,"csk-wtcat-holo
src-wtcat-holo","csk-wtcat-holo
src-wtcat-holo
[SRC = Holo]","csk-wtcat-holo
src-wtcat-holo
[SRC = Holo]",State 4,Active (BLAminus),In,Intact,DFGin
a-csk-wtcat-holo_b-src-wtcat-holo_seed-272623_sample-0_model,a-csk-wtcat-holo_b-src-wtcat-holo/seed-272623_sample-0,model.cif,D,SRC-WT,Active (BLAminus),C-lobe Donor,A,NA,NA,NA,2.59,9.66,Intact,Intact,In,Packed,DFGin,BLAminus,NTin,CTin,59.68,59.53,15.51,11.51,134.41,6.74,14.94,2.68,6.49,2.61,3.69,2.65,3.15,4.07,7.04,9.93,4.18,8.57,3.65,3.55,3.21,3.38,0.87,0.89,8.99,10,9.5,a-csk-wtcat-holo_b-src-wtcat-holo,"csk-wtcat-holo
src-wtcat-holo",holo,"csk-wtcat-holo
src-wtcat-holo",FALSE,FALSE,Holo,"csk-wtcat-holo
src-wtcat-holo","csk-wtcat-holo
src-wtcat-holo
[SRC = Holo]","csk-wtcat-holo
src-wtcat-holo
[SRC = Holo]",State 7,Active (BLAminus),In,Intact,DFGin
a-csk-wtcat-holo_b-src-wtcat-holo_seed-272623_sample-1_model,a-csk-wtcat-holo_b-src-wtcat-holo/seed-272623_sample-1,model.cif,D,SRC-WT,Active (BLAminus),C-lobe Donor,A,NA,NA,NA,2.6,9.71,Intact,Intact,In,Packed,DFGin,BLAminus,NTin,CTin,57.5,55.75,15.68,12,134.72,6.9,15.19,2.71,5.11,1.57,1.91,3.38,3.14,4.04,7.3,9.99,4.03,8.58,3.74,3.91,3.19,3.46,0.87,0.89,9.13,10.26,9.7,a-csk-wtcat-holo_b-src-wtcat-holo,"csk-wtcat-holo
src-wtcat-holo",holo,"csk-wtcat-holo
src-wtcat-holo",FALSE,FALSE,Holo,"csk-wtcat-holo
src-wtcat-holo","csk-wtcat-holo
src-wtcat-holo
[SRC = Holo]","csk-wtcat-holo
src-wtcat-holo
[SRC = Holo]",State 4,Active (BLAminus),In,Intact,DFGin
a-csk-wtcat-holo_b-src-wtcat-holo_seed-272623_sample-2_model,a-csk-wtcat-holo_b-src-wtcat-holo/seed-272623_sample-2,model.cif,D,SRC-WT,Active (BLAminus),C-lobe Donor,A,NA,NA,NA,2.5,9.84,Intact,Intact,In,Packed,DFGin,BLAminus,NTin,CTin,58.55,61.83,16.11,11.91,146.57,6.72,14.9,2.61,4.13,2.35,1.88,3.77,3.3,3.83,7.29,9.96,4.1,8.57,3.81,3.48,3.09,3.39,0.87,0.89,9.02,10.09,9.55,a-csk-wtcat-holo_b-src-wtcat-holo,"csk-wtcat-holo
src-wtcat-holo",holo,"csk-wtcat-holo
src-wtcat-holo",FALSE,FALSE,Holo,"csk-wtcat-holo
src-wtcat-holo","csk-wtcat-holo
src-wtcat-holo
[SRC = Holo]","csk-wtcat-holo
src-wtcat-holo
[SRC = Holo]",State 4,Active (BLAminus),In,Intact,DFGin
a-csk-wtcat-holo_b-src-wtcat-holo_seed-272623_sample-3_model,a-csk-wtcat-holo_b-src-wtcat-holo/seed-272623_sample-3,model.cif,D,SRC-WT,Active (BLAminus),C-lobe Donor,A,NA,NA,NA,2.53,9.55,Intact,Intact,In,Packed,DFGin,BLAminus,NTin,CTin,60.48,59.18,15.26,10.67,127.28,6.75,14.79,2.71,5.27,1.82,3.23,3.04,3.32,4.28,7.31,9.91,4.01,8.58,3.7,3.89,3.12,3.35,0.86,0.89,9.18,10.05,9.62,a-csk-wtcat-holo_b-src-wtcat-holo,"csk-wtcat-holo
src-wtcat-holo",holo,"csk-wtcat-holo
src-wtcat-holo",FALSE,FALSE,Holo,"csk-wtcat-holo
src-wtcat-holo","csk-wtcat-holo
src-wtcat-holo
[SRC = Holo]","csk-wtcat-holo
src-wtcat-holo
[SRC = Holo]",State 4,Active (BLAminus),In,Intact,DFGin
a-csk-wtcat-holo_b-src-wtcat-holo_seed-272623_sample-4_model,a-csk-wtcat-holo_b-src-wtcat-holo/seed-272623_sample-4,model.cif,D,SRC-WT,Active (BLAminus),C-lobe Donor,A,NA,NA,NA,2.57,9.83,Intact,Intact,In,Packed,DFGin,BLAminus,NTin,CTin,58.52,61.85,16.21,12.2,140.85,6.76,14.95,2.58,4.17,2.43,2.28,3.94,3.12,4.13,7.29,9.97,4.17,8.5,3.75,3.4,3.15,3.4,0.87,0.89,9.53,10.02,9.77,a-csk-wtcat-holo_b-src-wtcat-holo,"csk-wtcat-holo
src-wtcat-holo",holo,"csk-wtcat-holo
src-wtcat-holo",FALSE,FALSE,Holo,"csk-wtcat-holo
src-wtcat-holo","csk-wtcat-holo
src-wtcat-holo
[SRC = Holo]","csk-wtcat-holo
src-wtcat-holo
[SRC = Holo]",State 4,Active (BLAminus),In,Intact,DFGin
a-csk-wtcat-holo_b-src-wtcat-holo_seed-398053_sample-0_model,a-csk-wtcat-holo_b-src-wtcat-holo/seed-398053_sample-0,model.cif,D,SRC-WT,Active (BLAminus),C-lobe Donor,A,NA,NA,NA,2.6,10.11,Intact,Intact,In,Packed,DFGin,BLAminus,NTin,CTin,61.45,54.77,16.02,11.64,144.34,6.93,15.27,2.7,5.02,1.92,1.71,3.46,3.14,4.06,7.3,9.98,4.05,8.62,3.67,3.91,3.12,3.47,0.87,0.89,9.06,10.2,9.63,a-csk-wtcat-holo_b-src-wtcat-holo,"csk-wtcat-holo
src-wtcat-holo",holo,"csk-wtcat-holo
src-wtcat-holo",FALSE,FALSE,Holo,"csk-wtcat-holo
src-wtcat-holo","csk-wtcat-holo
src-wtcat-holo
[SRC = Holo]","csk-wtcat-holo
src-wtcat-holo
[SRC = Holo]",State 3,Active (BLAminus),In,Intact,DFGin
a-csk-wtcat-holo_b-src-wtcat-holo_seed-398053_sample-1_model,a-csk-wtcat-holo_b-src-wtcat-holo/seed-398053_sample-1,model.cif,D,SRC-WT,Active (BLAminus),C-lobe Donor,A,NA,NA,NA,2.53,11.32,Intact,Intact,In,Packed,DFGin,BLAminus,NTin,CTin,58.97,64.97,15.88,11.68,139.63,6.72,14.98,2.63,3.33,1.97,1.27,5.22,3.25,4.01,7.3,9.97,4.07,8.5,3.91,3.46,3.55,3.41,0.87,0.89,9.05,10.14,9.6,a-csk-wtcat-holo_b-src-wtcat-holo,"csk-wtcat-holo
src-wtcat-holo",holo,"csk-wtcat-holo
src-wtcat-holo",FALSE,FALSE,Holo,"csk-wtcat-holo
src-wtcat-holo","csk-wtcat-holo
src-wtcat-holo
[SRC = Holo]","csk-wtcat-holo
src-wtcat-holo
[SRC = Holo]",State 4,Active (BLAminus),In,Intact,DFGin
a-csk-wtcat-holo_b-src-wtcat-holo_seed-398053_sample-2_model,a-csk-wtcat-holo_b-src-wtcat-holo/seed-398053_sample-2,model.cif,D,SRC-WT,Active (BLAminus),C-lobe Donor,A,NA,NA,NA,2.48,9.45,Intact,Intact,In,Packed,DFGin,BLAminus,NTin,CTin,59.75,59.23,15.97,11.68,153.53,6.77,14.96,2.6,5.19,1.61,2.26,4.41,3.2,4.08,7.29,9.96,4.1,8.57,3.76,3.45,3.11,3.42,0.87,0.89,9.21,10.22,9.71,a-csk-wtcat-holo_b-src-wtcat-holo,"csk-wtcat-holo
src-wtcat-holo",holo,"csk-wtcat-holo
src-wtcat-holo",FALSE,FALSE,Holo,"csk-wtcat-holo
src-wtcat-holo","csk-wtcat-holo
src-wtcat-holo
[SRC = Holo]","csk-wtcat-holo
src-wtcat-holo
[SRC = Holo]",State 4,Active (BLAminus),In,Intact,DFGin
a-csk-wtcat-holo_b-src-wtcat-holo_seed-398053_sample-3_model,a-csk-wtcat-holo_b-src-wtcat-holo/seed-398053_sample-3,model.cif,D,SRC-WT,Active (BLAminus),C-lobe Donor,A,NA,NA,NA,2.58,9.69,Intact,Intact,In,Packed,DFGin,BLAminus,NTin,CTin,57.58,56.78,15.03,10.91,150.82,6.9,15.06,2.78,5.09,1.46,2.35,2.13,3.23,4.22,7.24,9.98,4.09,8.51,3.82,3.48,3.55,3.4,0.87,0.89,9.1,10.12,9.61,a-csk-wtcat-holo_b-src-wtcat-holo,"csk-wtcat-holo
src-wtcat-holo",holo,"csk-wtcat-holo
src-wtcat-holo",FALSE,FALSE,Holo,"csk-wtcat-holo
src-wtcat-holo","csk-wtcat-holo
src-wtcat-holo
[SRC = Holo]","csk-wtcat-holo
src-wtcat-holo
[SRC = Holo]",State 4,Active (BLAminus),In,Intact,DFGin
a-csk-wtcat-holo_b-src-wtcat-holo_seed-398053_sample-4_model,a-csk-wtcat-holo_b-src-wtcat-holo/seed-398053_sample-4,model.cif,D,SRC-WT,Active (BLAminus),C-lobe Donor,A,NA,NA,NA,2.56,9.85,Intact,Intact,In,Packed,DFGin,BLAminus,NTin,CTin,59.74,60.53,16.08,11.71,149.15,6.7,15.11,2.59,5.51,2.58,2.67,3.74,3.07,4.25,7.22,9.92,4.09,8.51,3.7,3.48,3.19,3.4,0.87,0.89,8.79,10.03,9.41,a-csk-wtcat-holo_b-src-wtcat-holo,"csk-wtcat-holo
src-wtcat-holo",holo,"csk-wtcat-holo
src-wtcat-holo",FALSE,FALSE,Holo,"csk-wtcat-holo
src-wtcat-holo","csk-wtcat-holo
src-wtcat-holo
[SRC = Holo]","csk-wtcat-holo
src-wtcat-holo
[SRC = Holo]",State 4,Active (BLAminus),In,Intact,DFGin
a-csk-wtcat-holo_b-src-wtcat-holo_seed-401462_sample-0_model,a-csk-wtcat-holo_b-src-wtcat-holo/seed-401462_sample-0,model.cif,D,SRC-WT,Inactive (BLBminus),C-lobe Donor,A,NA,NA,NA,2.56,10.5,Intact,Intact,Out,Packed,DFGin,BLBminus,NTout,CTin,56.42,42.63,14.19,10.3,134.62,7.89,15.74,9.07,4.81,2.07,2.32,3,3.45,4.21,7.21,10.07,3.86,8.01,3.74,3.55,3.19,3.43,0.87,0.89,9.08,10.42,9.75,a-csk-wtcat-holo_b-src-wtcat-holo,"csk-wtcat-holo
src-wtcat-holo",holo,"csk-wtcat-holo
src-wtcat-holo",FALSE,FALSE,Holo,"csk-wtcat-holo
src-wtcat-holo","csk-wtcat-holo
src-wtcat-holo
[SRC = Holo]","csk-wtcat-holo
src-wtcat-holo
[SRC = Holo]",State 3,Other,Other,Intact,DFGin
a-csk-wtcat-holo_b-src-wtcat-holo_seed-401462_sample-1_model,a-csk-wtcat-holo_b-src-wtcat-holo/seed-401462_sample-1,model.cif,D,SRC-WT,Active (BLAminus),C-lobe Donor,A,NA,NA,NA,2.51,9.41,Intact,Intact,In,Packed,DFGin,BLAminus,NTin,CTin,60.26,60.69,15.87,11.66,130.36,6.65,14.98,2.81,5.67,2.91,2.98,2.78,3.09,4.3,7.29,9.88,4.13,8.54,3.79,3.42,3.09,3.36,0.87,0.89,8.9,10.12,9.51,a-csk-wtcat-holo_b-src-wtcat-holo,"csk-wtcat-holo
src-wtcat-holo",holo,"csk-wtcat-holo
src-wtcat-holo",FALSE,FALSE,Holo,"csk-wtcat-holo
src-wtcat-holo","csk-wtcat-holo
src-wtcat-holo
[SRC = Holo]","csk-wtcat-holo
src-wtcat-holo
[SRC = Holo]",State 4,Active (BLAminus),In,Intact,DFGin
a-csk-wtcat-holo_b-src-wtcat-holo_seed-401462_sample-2_model,a-csk-wtcat-holo_b-src-wtcat-holo/seed-401462_sample-2,model.cif,D,SRC-WT,Active (BLAminus),C-lobe Donor,A,NA,NA,NA,2.59,9.67,Intact,Intact,In,Packed,DFGin,BLAminus,NTin,CTin,65.01,56.46,16.05,12.07,150.62,6.74,14.87,2.7,4.67,1.97,1.37,3.39,3.3,3.9,7.3,9.96,4.14,8.54,3.74,3.43,3.19,3.41,0.87,0.89,9.2,10.17,9.68,a-csk-wtcat-holo_b-src-wtcat-holo,"csk-wtcat-holo
src-wtcat-holo",holo,"csk-wtcat-holo
src-wtcat-holo",FALSE,FALSE,Holo,"csk-wtcat-holo
src-wtcat-holo","csk-wtcat-holo
src-wtcat-holo
[SRC = Holo]","csk-wtcat-holo
src-wtcat-holo
[SRC = Holo]",State 4,Active (BLAminus),In,Intact,DFGin
a-csk-wtcat-holo_b-src-wtcat-holo_seed-401462_sample-3_model,a-csk-wtcat-holo_b-src-wtcat-holo/seed-401462_sample-3,model.cif,D,SRC-WT,Active (BLAminus),C-lobe Donor,A,NA,NA,NA,2.53,9.82,Intact,Intact,In,Packed,DFGin,BLAminus,NTin,CTin,61.68,60.05,15.54,11.26,152.24,6.73,14.95,2.63,5.07,2.03,2.43,3.18,3.22,4.04,7.3,9.91,4.01,8.47,3.71,3.87,3.13,3.44,0.87,0.89,9.05,10.01,9.53,a-csk-wtcat-holo_b-src-wtcat-holo,"csk-wtcat-holo
src-wtcat-holo",holo,"csk-wtcat-holo
src-wtcat-holo",FALSE,FALSE,Holo,"csk-wtcat-holo
src-wtcat-holo","csk-wtcat-holo
src-wtcat-holo
[SRC = Holo]","csk-wtcat-holo
src-wtcat-holo
[SRC = Holo]",State 4,Active (BLAminus),In,Intact,DFGin
a-csk-wtcat-holo_b-src-wtcat-holo_seed-401462_sample-4_model,a-csk-wtcat-holo_b-src-wtcat-holo/seed-401462_sample-4,model.cif,D,SRC-WT,Active (BLAminus),C-lobe Donor,A,NA,NA,NA,2.56,9.34,Intact,Intact,In,Packed,DFGin,BLAminus,NTin,CTin,61.68,58.89,15.5,11.3,141.66,6.72,14.95,2.72,5.05,2.27,3.01,3.47,3.11,4.11,7.24,9.9,4.15,8.51,3.69,3.44,3.22,3.45,0.86,0.88,9.17,10.28,9.72,a-csk-wtcat-holo_b-src-wtcat-holo,"csk-wtcat-holo
src-wtcat-holo",holo,"csk-wtcat-holo
src-wtcat-holo",FALSE,FALSE,Holo,"csk-wtcat-holo
src-wtcat-holo","csk-wtcat-holo
src-wtcat-holo
[SRC = Holo]","csk-wtcat-holo
src-wtcat-holo
[SRC = Holo]",State 4,Active (BLAminus),In,Intact,DFGin
a-csk-wtcat-holo_b-src-wtcat-holo_seed-483955_sample-0_model,a-csk-wtcat-holo_b-src-wtcat-holo/seed-483955_sample-0,model.cif,D,SRC-WT,Active (BLAminus),C-lobe Donor,A,NA,NA,NA,2.63,11.06,Intact,Intact,In,Packed,DFGin,BLAminus,NTin,CTin,60.52,59.25,16.1,11.73,143.99,6.77,15.13,2.64,5.46,2.81,2.18,2.22,3.19,4.24,7.27,9.9,4.01,8.63,3.65,3.91,3.28,3.4,0.86,0.88,9.03,10.31,9.67,a-csk-wtcat-holo_b-src-wtcat-holo,"csk-wtcat-holo
src-wtcat-holo",holo,"csk-wtcat-holo
src-wtcat-holo",FALSE,FALSE,Holo,"csk-wtcat-holo
src-wtcat-holo","csk-wtcat-holo
src-wtcat-holo
[SRC = Holo]","csk-wtcat-holo
src-wtcat-holo
[SRC = Holo]",State 4,Active (BLAminus),In,Intact,DFGin
a-csk-wtcat-holo_b-src-wtcat-holo_seed-483955_sample-1_model,a-csk-wtcat-holo_b-src-wtcat-holo/seed-483955_sample-1,model.cif,D,SRC-WT,Active (BLAminus),C-lobe Donor,A,NA,NA,NA,2.59,11.18,Intact,Intact,In,Packed,DFGin,BLAminus,NTin,CTin,61.74,59.6,15.64,11.36,129.22,6.69,14.87,2.74,6.16,2.51,3.42,2.49,3.07,4.28,7.34,9.9,4.15,8.54,3.91,3.44,3.24,3.4,0.87,0.89,8.84,9.93,9.38,a-csk-wtcat-holo_b-src-wtcat-holo,"csk-wtcat-holo
src-wtcat-holo",holo,"csk-wtcat-holo
src-wtcat-holo",FALSE,FALSE,Holo,"csk-wtcat-holo
src-wtcat-holo","csk-wtcat-holo
src-wtcat-holo
[SRC = Holo]","csk-wtcat-holo
src-wtcat-holo
[SRC = Holo]",State 4,Active (BLAminus),In,Intact,DFGin
a-csk-wtcat-holo_b-src-wtcat-holo_seed-483955_sample-2_model,a-csk-wtcat-holo_b-src-wtcat-holo/seed-483955_sample-2,model.cif,D,SRC-WT,Active (BLAminus),C-lobe Donor,A,NA,NA,NA,2.6,10.74,Intact,Intact,In,Packed,DFGin,BLAminus,NTin,CTin,59.13,61.92,15.43,11.4,158.7,6.66,14.97,2.6,5.27,2.07,2.44,2.92,3.11,4.12,7.24,9.92,4.12,8.52,3.68,3.4,3.14,3.43,0.87,0.89,8.85,9.95,9.4,a-csk-wtcat-holo_b-src-wtcat-holo,"csk-wtcat-holo
src-wtcat-holo",holo,"csk-wtcat-holo
src-wtcat-holo",FALSE,FALSE,Holo,"csk-wtcat-holo
src-wtcat-holo","csk-wtcat-holo
src-wtcat-holo
[SRC = Holo]","csk-wtcat-holo
src-wtcat-holo
[SRC = Holo]",State 4,Active (BLAminus),In,Intact,DFGin
a-csk-wtcat-holo_b-src-wtcat-holo_seed-483955_sample-3_model,a-csk-wtcat-holo_b-src-wtcat-holo/seed-483955_sample-3,model.cif,D,SRC-WT,Active (BLAminus),C-lobe Donor,A,NA,NA,NA,2.51,9.91,Intact,Intact,In,Packed,DFGin,BLAminus,NTin,CTin,61.23,56.04,15.79,11.74,124.99,6.73,15.05,2.63,5.53,2.03,2.68,3.41,3.06,4.22,7.27,9.95,4.1,8.4,3.7,3.44,3.14,3.42,0.87,0.89,9.1,10.04,9.57,a-csk-wtcat-holo_b-src-wtcat-holo,"csk-wtcat-holo
src-wtcat-holo",holo,"csk-wtcat-holo
src-wtcat-holo",FALSE,FALSE,Holo,"csk-wtcat-holo
src-wtcat-holo","csk-wtcat-holo
src-wtcat-holo
[SRC = Holo]","csk-wtcat-holo
src-wtcat-holo
[SRC = Holo]",State 4,Active (BLAminus),In,Intact,DFGin
a-csk-wtcat-holo_b-src-wtcat-holo_seed-483955_sample-4_model,a-csk-wtcat-holo_b-src-wtcat-holo/seed-483955_sample-4,model.cif,D,SRC-WT,Inactive (BLBminus),C-lobe Donor,A,NA,NA,NA,2.52,10.3,Broken,Intact,In,Packed,DFGin,BLBminus,NTout,CTin,52.51,43.83,14.81,10.99,133.12,7.76,15.82,6.08,4.87,1.98,2.31,3.41,3.12,4.06,7.34,10.17,3.95,8.03,3.83,3.58,3.18,3.44,0.88,0.89,8.86,10.24,9.55,a-csk-wtcat-holo_b-src-wtcat-holo,"csk-wtcat-holo
src-wtcat-holo",holo,"csk-wtcat-holo
src-wtcat-holo",FALSE,FALSE,Holo,"csk-wtcat-holo
src-wtcat-holo","csk-wtcat-holo
src-wtcat-holo
[SRC = Holo]","csk-wtcat-holo
src-wtcat-holo
[SRC = Holo]",State 3,Other,In,Other,DFGin
a-csk-wtcat-holo_b-src-wtcat-holo_seed-540400_sample-0_model,a-csk-wtcat-holo_b-src-wtcat-holo/seed-540400_sample-0,model.cif,D,SRC-WT,Active (BLAminus),C-lobe Donor,A,NA,NA,NA,2.6,9.67,Intact,Intact,In,Packed,DFGin,BLAminus,NTin,CTin,62.35,57.16,15.35,10.72,121.19,6.62,14.69,2.78,5.95,2.1,3.39,3.12,3.2,4.32,7.23,9.9,4.09,8.66,3.69,3.39,3.12,3.44,0.87,0.89,8.99,10.07,9.53,a-csk-wtcat-holo_b-src-wtcat-holo,"csk-wtcat-holo
src-wtcat-holo",holo,"csk-wtcat-holo
src-wtcat-holo",FALSE,FALSE,Holo,"csk-wtcat-holo
src-wtcat-holo","csk-wtcat-holo
src-wtcat-holo
[SRC = Holo]","csk-wtcat-holo
src-wtcat-holo
[SRC = Holo]",State 4,Active (BLAminus),In,Intact,DFGin
a-csk-wtcat-holo_b-src-wtcat-holo_seed-540400_sample-1_model,a-csk-wtcat-holo_b-src-wtcat-holo/seed-540400_sample-1,model.cif,D,SRC-WT,Active (BLAminus),C-lobe Donor,A,NA,NA,NA,2.65,9.75,Intact,Intact,In,Packed,DFGin,BLAminus,NTin,CTin,59.4,53.82,15.27,11.48,138.11,6.78,14.94,2.9,4.55,2.18,3.07,2.27,3.15,4.34,7.28,9.92,4.1,8.49,3.84,3.4,3.18,3.38,0.86,0.89,9,10.22,9.61,a-csk-wtcat-holo_b-src-wtcat-holo,"csk-wtcat-holo
src-wtcat-holo",holo,"csk-wtcat-holo
src-wtcat-holo",FALSE,FALSE,Holo,"csk-wtcat-holo
src-wtcat-holo","csk-wtcat-holo
src-wtcat-holo
[SRC = Holo]","csk-wtcat-holo
src-wtcat-holo
[SRC = Holo]",State 4,Active (BLAminus),In,Intact,DFGin
a-csk-wtcat-holo_b-src-wtcat-holo_seed-540400_sample-2_model,a-csk-wtcat-holo_b-src-wtcat-holo/seed-540400_sample-2,model.cif,D,SRC-WT,Active (BLAminus),C-lobe Donor,A,NA,NA,NA,2.6,10.87,Intact,Intact,In,Packed,DFGin,BLAminus,NTin,CTin,59.57,65.68,15.97,11.42,121.35,6.51,14.65,2.61,6.05,2.54,2.93,3.98,3.07,4.24,7.27,9.93,4.15,8.64,3.73,3.43,3.21,3.41,0.87,0.89,9.05,10.21,9.63,a-csk-wtcat-holo_b-src-wtcat-holo,"csk-wtcat-holo
src-wtcat-holo",holo,"csk-wtcat-holo
src-wtcat-holo",FALSE,FALSE,Holo,"csk-wtcat-holo
src-wtcat-holo","csk-wtcat-holo
src-wtcat-holo
[SRC = Holo]","csk-wtcat-holo
src-wtcat-holo
[SRC = Holo]",State 4,Active (BLAminus),In,Intact,DFGin
a-csk-wtcat-holo_b-src-wtcat-holo_seed-540400_sample-3_model,a-csk-wtcat-holo_b-src-wtcat-holo/seed-540400_sample-3,model.cif,D,SRC-WT,Active (BLAminus),C-lobe Donor,A,NA,NA,NA,2.55,10.1,Intact,Intact,In,Packed,DFGin,BLAminus,NTin,CTin,60.46,60.18,15.21,11.14,135.42,6.73,14.79,2.73,6.22,1.86,2.57,2.22,3.15,4.14,7.26,9.95,4.1,8.64,3.83,3.41,3.17,3.4,0.87,0.89,8.92,10.12,9.52,a-csk-wtcat-holo_b-src-wtcat-holo,"csk-wtcat-holo
src-wtcat-holo",holo,"csk-wtcat-holo
src-wtcat-holo",FALSE,FALSE,Holo,"csk-wtcat-holo
src-wtcat-holo","csk-wtcat-holo
src-wtcat-holo
[SRC = Holo]","csk-wtcat-holo
src-wtcat-holo
[SRC = Holo]",State 4,Active (BLAminus),In,Intact,DFGin
a-csk-wtcat-holo_b-src-wtcat-holo_seed-540400_sample-4_model,a-csk-wtcat-holo_b-src-wtcat-holo/seed-540400_sample-4,model.cif,D,SRC-WT,Active (BLAminus),C-lobe Donor,A,NA,NA,NA,2.57,9.79,Intact,Intact,In,Packed,DFGin,BLAminus,NTin,CTin,60.07,60.41,15.04,10.86,153.15,6.79,14.82,2.69,4.58,1.87,2.57,2.74,3.25,4.15,7.29,9.95,4.08,8.53,3.87,3.46,3.1,3.39,0.87,0.89,9.2,10.31,9.75,a-csk-wtcat-holo_b-src-wtcat-holo,"csk-wtcat-holo
src-wtcat-holo",holo,"csk-wtcat-holo
src-wtcat-holo",FALSE,FALSE,Holo,"csk-wtcat-holo
src-wtcat-holo","csk-wtcat-holo
src-wtcat-holo
[SRC = Holo]","csk-wtcat-holo
src-wtcat-holo
[SRC = Holo]",State 4,Active (BLAminus),In,Intact,DFGin
a-csk-wtcat-holo_b-src-wtcat-holo_seed-703272_sample-0_model,a-csk-wtcat-holo_b-src-wtcat-holo/seed-703272_sample-0,model.cif,D,SRC-WT,Active (BLAminus),C-lobe Donor,A,NA,NA,NA,2.52,9.53,Intact,Intact,In,Packed,DFGin,BLAminus,NTin,CTin,62.41,55,16.04,11.78,122.36,6.69,14.92,2.65,6.69,2.06,2.87,2.51,3.23,4.18,7.26,9.96,4.09,8.49,3.72,3.41,3.06,3.45,0.87,0.89,9.19,9.86,9.52,a-csk-wtcat-holo_b-src-wtcat-holo,"csk-wtcat-holo
src-wtcat-holo",holo,"csk-wtcat-holo
src-wtcat-holo",FALSE,FALSE,Holo,"csk-wtcat-holo
src-wtcat-holo","csk-wtcat-holo
src-wtcat-holo
[SRC = Holo]","csk-wtcat-holo
src-wtcat-holo
[SRC = Holo]",State 4,Active (BLAminus),In,Intact,DFGin
a-csk-wtcat-holo_b-src-wtcat-holo_seed-703272_sample-1_model,a-csk-wtcat-holo_b-src-wtcat-holo/seed-703272_sample-1,model.cif,D,SRC-WT,Active (BLAminus),C-lobe Donor,A,NA,NA,NA,2.58,9.41,Intact,Intact,In,Packed,DFGin,BLAminus,NTin,CTin,59.69,63.19,15,11.62,129.47,6.68,14.68,2.77,4.88,3.08,1.67,2.58,3.09,4.17,7.33,9.93,4.01,8.55,3.74,3.89,3.22,3.44,0.87,0.89,8.93,10.05,9.49,a-csk-wtcat-holo_b-src-wtcat-holo,"csk-wtcat-holo
src-wtcat-holo",holo,"csk-wtcat-holo
src-wtcat-holo",FALSE,FALSE,Holo,"csk-wtcat-holo
src-wtcat-holo","csk-wtcat-holo
src-wtcat-holo
[SRC = Holo]","csk-wtcat-holo
src-wtcat-holo
[SRC = Holo]",State 4,Active (BLAminus),In,Intact,DFGin
a-csk-wtcat-holo_b-src-wtcat-holo_seed-703272_sample-2_model,a-csk-wtcat-holo_b-src-wtcat-holo/seed-703272_sample-2,model.cif,D,SRC-WT,Active (BLAminus),C-lobe Donor,A,NA,NA,NA,2.49,10.46,Intact,Intact,In,Packed,DFGin,BLAminus,NTin,CTin,58.7,63.12,15.71,11.62,124.6,6.73,14.91,2.59,6.1,2.31,2.42,3.4,3.14,4.09,7.29,9.95,4.09,8.65,3.73,3.4,3.16,3.41,0.87,0.89,9.12,10.08,9.6,a-csk-wtcat-holo_b-src-wtcat-holo,"csk-wtcat-holo
src-wtcat-holo",holo,"csk-wtcat-holo
src-wtcat-holo",FALSE,FALSE,Holo,"csk-wtcat-holo
src-wtcat-holo","csk-wtcat-holo
src-wtcat-holo
[SRC = Holo]","csk-wtcat-holo
src-wtcat-holo
[SRC = Holo]",State 4,Active (BLAminus),In,Intact,DFGin
a-csk-wtcat-holo_b-src-wtcat-holo_seed-703272_sample-3_model,a-csk-wtcat-holo_b-src-wtcat-holo/seed-703272_sample-3,model.cif,D,SRC-WT,Active (BLAminus),C-lobe Donor,A,NA,NA,NA,2.56,9.62,Intact,Intact,In,Packed,DFGin,BLAminus,NTin,CTin,61.7,53.43,15.77,11.47,141.52,6.67,14.81,2.73,5.64,2.32,2.19,2.7,3.14,4.11,7.3,10,4.09,8.67,3.72,3.42,3.21,3.4,0.86,0.89,9,10.08,9.54,a-csk-wtcat-holo_b-src-wtcat-holo,"csk-wtcat-holo
src-wtcat-holo",holo,"csk-wtcat-holo
src-wtcat-holo",FALSE,FALSE,Holo,"csk-wtcat-holo
src-wtcat-holo","csk-wtcat-holo
src-wtcat-holo
[SRC = Holo]","csk-wtcat-holo
src-wtcat-holo
[SRC = Holo]",State 4,Active (BLAminus),In,Intact,DFGin
a-csk-wtcat-holo_b-src-wtcat-holo_seed-703272_sample-4_model,a-csk-wtcat-holo_b-src-wtcat-holo/seed-703272_sample-4,model.cif,D,SRC-WT,Active (BLAminus),C-lobe Donor,A,NA,NA,NA,2.57,10.89,Intact,Intact,In,Packed,DFGin,BLAminus,NTin,CTin,60.04,62.94,16.21,11.95,144.53,6.72,15.12,2.6,5.1,2.37,2.72,3.8,3.19,4.15,7.28,9.92,4.11,8.65,3.74,3.41,3.02,3.54,0.87,0.89,9.03,10.07,9.55,a-csk-wtcat-holo_b-src-wtcat-holo,"csk-wtcat-holo
src-wtcat-holo",holo,"csk-wtcat-holo
src-wtcat-holo",FALSE,FALSE,Holo,"csk-wtcat-holo
src-wtcat-holo","csk-wtcat-holo
src-wtcat-holo
[SRC = Holo]","csk-wtcat-holo
src-wtcat-holo
[SRC = Holo]",State 4,Active (BLAminus),In,Intact,DFGin
a-csk-wtcat-holo_b-src-wtcat-holo_seed-744450_sample-0_model,a-csk-wtcat-holo_b-src-wtcat-holo/seed-744450_sample-0,model.cif,D,SRC-WT,Active (BLAminus),C-lobe Donor,A,NA,NA,NA,2.57,10.16,Intact,Intact,In,Packed,DFGin,BLAminus,NTin,CTin,61.53,60.23,15.85,11.55,117.35,6.74,14.92,2.65,6.13,2.23,2.81,3.46,3.22,4.24,7.31,9.94,4.12,8.58,3.8,3.44,3.12,3.39,0.87,0.89,9.04,10.19,9.61,a-csk-wtcat-holo_b-src-wtcat-holo,"csk-wtcat-holo
src-wtcat-holo",holo,"csk-wtcat-holo
src-wtcat-holo",FALSE,FALSE,Holo,"csk-wtcat-holo
src-wtcat-holo","csk-wtcat-holo
src-wtcat-holo
[SRC = Holo]","csk-wtcat-holo
src-wtcat-holo
[SRC = Holo]",State 4,Active (BLAminus),In,Intact,DFGin
a-csk-wtcat-holo_b-src-wtcat-holo_seed-744450_sample-1_model,a-csk-wtcat-holo_b-src-wtcat-holo/seed-744450_sample-1,model.cif,D,SRC-WT,Active (BLAminus),C-lobe Donor,A,NA,NA,NA,2.57,9.95,Intact,Intact,In,Packed,DFGin,BLAminus,NTin,CTin,58.87,61.83,15.46,11.39,144.45,6.71,14.82,2.62,5.84,2.35,3.13,3.02,3.34,4.02,7.3,9.96,4.1,8.55,3.78,3.53,3.13,3.43,0.86,0.89,9.25,10.16,9.71,a-csk-wtcat-holo_b-src-wtcat-holo,"csk-wtcat-holo
src-wtcat-holo",holo,"csk-wtcat-holo
src-wtcat-holo",FALSE,FALSE,Holo,"csk-wtcat-holo
src-wtcat-holo","csk-wtcat-holo
src-wtcat-holo
[SRC = Holo]","csk-wtcat-holo
src-wtcat-holo
[SRC = Holo]",State 4,Active (BLAminus),In,Intact,DFGin
a-csk-wtcat-holo_b-src-wtcat-holo_seed-744450_sample-2_model,a-csk-wtcat-holo_b-src-wtcat-holo/seed-744450_sample-2,model.cif,D,SRC-WT,Active (BLAminus),C-lobe Donor,A,NA,NA,NA,2.58,9.81,Intact,Intact,In,Packed,DFGin,BLAminus,NTin,CTin,61.28,60.05,15.63,11.32,130.51,6.74,15,2.61,4.43,2.2,2.54,3.09,3.22,4.19,7.31,9.99,4.09,8.52,3.76,3.47,3.17,3.39,0.87,0.89,9.07,10.18,9.62,a-csk-wtcat-holo_b-src-wtcat-holo,"csk-wtcat-holo
src-wtcat-holo",holo,"csk-wtcat-holo
src-wtcat-holo",FALSE,FALSE,Holo,"csk-wtcat-holo
src-wtcat-holo","csk-wtcat-holo
src-wtcat-holo
[SRC = Holo]","csk-wtcat-holo
src-wtcat-holo
[SRC = Holo]",State 4,Active (BLAminus),In,Intact,DFGin
a-csk-wtcat-holo_b-src-wtcat-holo_seed-744450_sample-3_model,a-csk-wtcat-holo_b-src-wtcat-holo/seed-744450_sample-3,model.cif,D,SRC-WT,Active (BLAminus),C-lobe Donor,A,NA,NA,NA,2.57,9.82,Intact,Intact,In,Packed,DFGin,BLAminus,NTin,CTin,56.45,54.89,15.34,11.5,142.5,6.86,15.12,2.7,5.25,1.84,2.51,2.44,3.35,4.31,7.22,10.02,4.1,8.56,3.72,3.4,3.22,3.41,0.86,0.89,9.17,10.25,9.71,a-csk-wtcat-holo_b-src-wtcat-holo,"csk-wtcat-holo
src-wtcat-holo",holo,"csk-wtcat-holo
src-wtcat-holo",FALSE,FALSE,Holo,"csk-wtcat-holo
src-wtcat-holo","csk-wtcat-holo
src-wtcat-holo
[SRC = Holo]","csk-wtcat-holo
src-wtcat-holo
[SRC = Holo]",State 1,Active (BLAminus),In,Intact,DFGin
a-csk-wtcat-holo_b-src-wtcat-holo_seed-744450_sample-4_model,a-csk-wtcat-holo_b-src-wtcat-holo/seed-744450_sample-4,model.cif,D,SRC-WT,Active (BLAminus),C-lobe Donor,A,NA,NA,NA,2.5,10.27,Intact,Intact,In,Packed,DFGin,BLAminus,NTin,CTin,60.74,58.76,14.88,10.88,144.08,6.66,14.79,2.79,7.1,2.01,2.77,2.49,3.32,4.17,7.26,9.93,4.08,8.5,3.76,3.44,3.2,3.37,0.87,0.89,8.96,10.11,9.54,a-csk-wtcat-holo_b-src-wtcat-holo,"csk-wtcat-holo
src-wtcat-holo",holo,"csk-wtcat-holo
src-wtcat-holo",FALSE,FALSE,Holo,"csk-wtcat-holo
src-wtcat-holo","csk-wtcat-holo
src-wtcat-holo
[SRC = Holo]","csk-wtcat-holo
src-wtcat-holo
[SRC = Holo]",State 4,Active (BLAminus),In,Intact,DFGin
a-csk-wtcat-holo_b-src-wtcat-holo_seed-801039_sample-0_model,a-csk-wtcat-holo_b-src-wtcat-holo/seed-801039_sample-0,model.cif,D,SRC-WT,Active (BLAminus),C-lobe Donor,A,NA,NA,NA,2.6,9.47,Intact,Intact,In,Packed,DFGin,BLAminus,NTin,CTin,59.04,62.12,15.85,11.63,136.24,6.64,14.72,2.62,5.56,1.95,2.91,3.99,3.04,4.12,7.33,9.98,4.09,8.58,3.79,3.46,3.09,3.4,0.87,0.89,9.2,10.24,9.72,a-csk-wtcat-holo_b-src-wtcat-holo,"csk-wtcat-holo
src-wtcat-holo",holo,"csk-wtcat-holo
src-wtcat-holo",FALSE,FALSE,Holo,"csk-wtcat-holo
src-wtcat-holo","csk-wtcat-holo
src-wtcat-holo
[SRC = Holo]","csk-wtcat-holo
src-wtcat-holo
[SRC = Holo]",State 4,Active (BLAminus),In,Intact,DFGin
a-csk-wtcat-holo_b-src-wtcat-holo_seed-801039_sample-1_model,a-csk-wtcat-holo_b-src-wtcat-holo/seed-801039_sample-1,model.cif,D,SRC-WT,Active (BLAminus),C-lobe Donor,A,NA,NA,NA,2.47,11.03,Intact,Intact,In,Packed,DFGin,BLAminus,NTin,CTin,59.7,60.75,15.21,11.15,130.38,6.61,14.66,2.6,5.81,1.81,2.18,2.76,3.1,4,7.3,9.9,4,8.53,3.73,3.85,3.27,3.37,0.86,0.89,9.25,10.15,9.7,a-csk-wtcat-holo_b-src-wtcat-holo,"csk-wtcat-holo
src-wtcat-holo",holo,"csk-wtcat-holo
src-wtcat-holo",FALSE,FALSE,Holo,"csk-wtcat-holo
src-wtcat-holo","csk-wtcat-holo
src-wtcat-holo
[SRC = Holo]","csk-wtcat-holo
src-wtcat-holo
[SRC = Holo]",State 4,Active (BLAminus),In,Intact,DFGin
a-csk-wtcat-holo_b-src-wtcat-holo_seed-801039_sample-2_model,a-csk-wtcat-holo_b-src-wtcat-holo/seed-801039_sample-2,model.cif,D,SRC-WT,Active (BLAminus),C-lobe Donor,A,NA,NA,NA,2.67,9.59,Intact,Intact,In,Packed,DFGin,BLAminus,NTin,CTin,61.45,58.34,16.24,11.83,152.59,6.8,15.15,2.7,4.67,2.02,2.06,3.18,3.16,4.21,7.31,9.95,4.03,8.56,3.67,3.93,3.19,3.5,0.86,0.88,9.43,10.38,9.91,a-csk-wtcat-holo_b-src-wtcat-holo,"csk-wtcat-holo
src-wtcat-holo",holo,"csk-wtcat-holo
src-wtcat-holo",FALSE,FALSE,Holo,"csk-wtcat-holo
src-wtcat-holo","csk-wtcat-holo
src-wtcat-holo
[SRC = Holo]","csk-wtcat-holo
src-wtcat-holo
[SRC = Holo]",State 3,Active (BLAminus),In,Intact,DFGin
a-csk-wtcat-holo_b-src-wtcat-holo_seed-801039_sample-3_model,a-csk-wtcat-holo_b-src-wtcat-holo/seed-801039_sample-3,model.cif,D,SRC-WT,Active (BLAminus),C-lobe Donor,A,NA,NA,NA,2.61,9.42,Intact,Intact,In,Packed,DFGin,BLAminus,NTin,CTin,61.67,58.59,15.59,12.1,142.88,6.71,14.93,2.81,4.24,2.39,1.64,3.89,3.11,4.06,7.28,9.97,4.05,8.56,3.72,3.89,3.27,3.39,0.87,0.89,9.07,10.05,9.56,a-csk-wtcat-holo_b-src-wtcat-holo,"csk-wtcat-holo
src-wtcat-holo",holo,"csk-wtcat-holo
src-wtcat-holo",FALSE,FALSE,Holo,"csk-wtcat-holo
src-wtcat-holo","csk-wtcat-holo
src-wtcat-holo
[SRC = Holo]","csk-wtcat-holo
src-wtcat-holo
[SRC = Holo]",State 4,Active (BLAminus),In,Intact,DFGin
a-csk-wtcat-holo_b-src-wtcat-holo_seed-801039_sample-4_model,a-csk-wtcat-holo_b-src-wtcat-holo/seed-801039_sample-4,model.cif,D,SRC-WT,Active (BLAminus),C-lobe Donor,A,NA,NA,NA,2.5,9.44,Intact,Intact,In,Packed,DFGin,BLAminus,NTin,CTin,61.8,54.15,15.1,11.16,143.4,6.8,14.77,2.81,6.08,1.88,2.76,3.03,3.01,4.18,7.34,9.94,4.11,8.57,3.82,3.49,3.02,3.48,0.87,0.89,9.16,10.19,9.68,a-csk-wtcat-holo_b-src-wtcat-holo,"csk-wtcat-holo
src-wtcat-holo",holo,"csk-wtcat-holo
src-wtcat-holo",FALSE,FALSE,Holo,"csk-wtcat-holo
src-wtcat-holo","csk-wtcat-holo
src-wtcat-holo
[SRC = Holo]","csk-wtcat-holo
src-wtcat-holo
[SRC = Holo]",State 4,Active (BLAminus),In,Intact,DFGin
a-csk-wtcat-holo_b-src-wtcat-holo_seed-847546_sample-0_model,a-csk-wtcat-holo_b-src-wtcat-holo/seed-847546_sample-0,model.cif,D,SRC-WT,Active (BLAminus),C-lobe Donor,A,NA,NA,NA,2.54,10.24,Intact,Intact,In,Packed,DFGin,BLAminus,NTin,CTin,59.64,61.83,15.99,11.63,151.48,6.68,14.85,2.64,4.43,2.44,1.53,3.14,3.13,3.8,7.26,9.97,4.11,8.49,3.82,3.39,3.68,3.4,0.87,0.89,9.17,10.23,9.7,a-csk-wtcat-holo_b-src-wtcat-holo,"csk-wtcat-holo
src-wtcat-holo",holo,"csk-wtcat-holo
src-wtcat-holo",FALSE,FALSE,Holo,"csk-wtcat-holo
src-wtcat-holo","csk-wtcat-holo
src-wtcat-holo
[SRC = Holo]","csk-wtcat-holo
src-wtcat-holo
[SRC = Holo]",State 7,Active (BLAminus),In,Intact,DFGin
a-csk-wtcat-holo_b-src-wtcat-holo_seed-847546_sample-1_model,a-csk-wtcat-holo_b-src-wtcat-holo/seed-847546_sample-1,model.cif,D,SRC-WT,Active (BLAminus),C-lobe Donor,A,NA,NA,NA,2.51,9.55,Intact,Intact,In,Packed,DFGin,BLAminus,NTin,CTin,56.92,55.82,16.13,12.19,144.06,6.89,15.19,2.7,4.74,1.98,1.98,3.4,3.17,4.25,7.29,9.99,4.14,8.58,3.78,3.38,3.12,3.46,0.86,0.88,9.24,10.53,9.88,a-csk-wtcat-holo_b-src-wtcat-holo,"csk-wtcat-holo
src-wtcat-holo",holo,"csk-wtcat-holo
src-wtcat-holo",FALSE,FALSE,Holo,"csk-wtcat-holo
src-wtcat-holo","csk-wtcat-holo
src-wtcat-holo
[SRC = Holo]","csk-wtcat-holo
src-wtcat-holo
[SRC = Holo]",State 4,Active (BLAminus),In,Intact,DFGin
a-csk-wtcat-holo_b-src-wtcat-holo_seed-847546_sample-2_model,a-csk-wtcat-holo_b-src-wtcat-holo/seed-847546_sample-2,model.cif,D,SRC-WT,Active (BLAminus),C-lobe Donor,A,NA,NA,NA,2.63,9.66,Intact,Intact,In,Packed,DFGin,BLAminus,NTin,CTin,59.25,60.82,15.92,12.25,134.59,6.67,14.74,2.64,4.62,3.1,1.7,2.82,3.18,4.26,7.32,9.98,4.13,8.54,3.81,3.44,3.17,3.44,0.86,0.88,9.11,10.41,9.76,a-csk-wtcat-holo_b-src-wtcat-holo,"csk-wtcat-holo
src-wtcat-holo",holo,"csk-wtcat-holo
src-wtcat-holo",FALSE,FALSE,Holo,"csk-wtcat-holo
src-wtcat-holo","csk-wtcat-holo
src-wtcat-holo
[SRC = Holo]","csk-wtcat-holo
src-wtcat-holo
[SRC = Holo]",State 4,Active (BLAminus),In,Intact,DFGin
a-csk-wtcat-holo_b-src-wtcat-holo_seed-847546_sample-3_model,a-csk-wtcat-holo_b-src-wtcat-holo/seed-847546_sample-3,model.cif,D,SRC-WT,Active (BLAminus),C-lobe Donor,A,NA,NA,NA,2.52,11.05,Intact,Intact,In,Packed,DFGin,BLAminus,NTin,CTin,57.13,55.98,15.57,11.92,135.12,6.84,15.03,2.81,5.28,1.95,2.58,3.29,3.13,4.36,7.3,10,4.14,8.55,3.77,3.46,3.23,3.39,0.87,0.89,9.08,10.21,9.64,a-csk-wtcat-holo_b-src-wtcat-holo,"csk-wtcat-holo
src-wtcat-holo",holo,"csk-wtcat-holo
src-wtcat-holo",FALSE,FALSE,Holo,"csk-wtcat-holo
src-wtcat-holo","csk-wtcat-holo
src-wtcat-holo
[SRC = Holo]","csk-wtcat-holo
src-wtcat-holo
[SRC = Holo]",State 4,Active (BLAminus),In,Intact,DFGin
a-csk-wtcat-holo_b-src-wtcat-holo_seed-847546_sample-4_model,a-csk-wtcat-holo_b-src-wtcat-holo/seed-847546_sample-4,model.cif,D,SRC-WT,Active (BLAminus),C-lobe Donor,A,NA,NA,NA,2.58,10.15,Intact,Intact,In,Packed,DFGin,BLAminus,NTin,CTin,61.98,55.62,15.22,11.49,147.73,6.79,14.8,2.8,5.91,2.15,2.44,2.91,3.06,3.98,7.3,9.93,4.09,8.52,3.84,3.41,3.13,3.4,0.87,0.89,9.01,10.13,9.57,a-csk-wtcat-holo_b-src-wtcat-holo,"csk-wtcat-holo
src-wtcat-holo",holo,"csk-wtcat-holo
src-wtcat-holo",FALSE,FALSE,Holo,"csk-wtcat-holo
src-wtcat-holo","csk-wtcat-holo
src-wtcat-holo
[SRC = Holo]","csk-wtcat-holo
src-wtcat-holo
[SRC = Holo]",State 4,Active (BLAminus),In,Intact,DFGin
a-csk-wtcat-holo_b-src-wtcat-holo_seed-851824_sample-0_model,a-csk-wtcat-holo_b-src-wtcat-holo/seed-851824_sample-0,model.cif,D,SRC-WT,Active (BLAminus),C-lobe Donor,A,NA,NA,NA,2.47,10.22,Intact,Intact,In,Packed,DFGin,BLAminus,NTin,CTin,57.75,57.28,14.67,10.82,148.25,6.81,14.86,2.79,5.26,1.47,2.64,3.34,3.12,4.1,7.33,9.93,4.09,8.54,3.83,3.42,3.11,3.44,0.87,0.89,9.13,10.07,9.6,a-csk-wtcat-holo_b-src-wtcat-holo,"csk-wtcat-holo
src-wtcat-holo",holo,"csk-wtcat-holo
src-wtcat-holo",FALSE,FALSE,Holo,"csk-wtcat-holo
src-wtcat-holo","csk-wtcat-holo
src-wtcat-holo
[SRC = Holo]","csk-wtcat-holo
src-wtcat-holo
[SRC = Holo]",State 4,Active (BLAminus),In,Intact,DFGin
a-csk-wtcat-holo_b-src-wtcat-holo_seed-851824_sample-1_model,a-csk-wtcat-holo_b-src-wtcat-holo/seed-851824_sample-1,model.cif,D,SRC-WT,Active (BLAminus),C-lobe Donor,A,NA,NA,NA,2.59,10,Intact,Intact,In,Packed,DFGin,BLAminus,NTin,CTin,61.43,56.52,15.77,11.48,150.3,6.8,15.05,2.89,4.63,2.21,2.64,3.23,3.1,4.2,7.28,9.89,4.04,8.58,3.72,3.87,3.1,3.4,0.87,0.89,9.08,10.16,9.62,a-csk-wtcat-holo_b-src-wtcat-holo,"csk-wtcat-holo
src-wtcat-holo",holo,"csk-wtcat-holo
src-wtcat-holo",FALSE,FALSE,Holo,"csk-wtcat-holo
src-wtcat-holo","csk-wtcat-holo
src-wtcat-holo
[SRC = Holo]","csk-wtcat-holo
src-wtcat-holo
[SRC = Holo]",State 4,Active (BLAminus),In,Intact,DFGin
a-csk-wtcat-holo_b-src-wtcat-holo_seed-851824_sample-2_model,a-csk-wtcat-holo_b-src-wtcat-holo/seed-851824_sample-2,model.cif,D,SRC-WT,Active (BLAminus),C-lobe Donor,A,NA,NA,NA,2.62,9.74,Intact,Intact,In,Packed,DFGin,BLAminus,NTin,CTin,60.4,61.8,15.73,11.81,149.23,6.71,14.82,2.72,4.14,2.5,2.61,2.89,3.09,3.97,7.35,10.02,4,8.47,3.79,3.92,3.12,3.45,0.87,0.89,8.95,10.36,9.65,a-csk-wtcat-holo_b-src-wtcat-holo,"csk-wtcat-holo
src-wtcat-holo",holo,"csk-wtcat-holo
src-wtcat-holo",FALSE,FALSE,Holo,"csk-wtcat-holo
src-wtcat-holo","csk-wtcat-holo
src-wtcat-holo
[SRC = Holo]","csk-wtcat-holo
src-wtcat-holo
[SRC = Holo]",State 4,Active (BLAminus),In,Intact,DFGin
a-csk-wtcat-holo_b-src-wtcat-holo_seed-851824_sample-3_model,a-csk-wtcat-holo_b-src-wtcat-holo/seed-851824_sample-3,model.cif,D,SRC-WT,Active (BLAminus),C-lobe Donor,A,NA,NA,NA,2.57,9.72,Intact,Intact,In,Packed,DFGin,BLAminus,NTin,CTin,59.08,61.21,15.59,11.44,125.44,6.69,14.83,2.64,5.57,2.38,2.34,3.45,3.05,4.2,7.27,9.91,4.09,8.5,3.74,3.49,3.15,3.45,0.87,0.89,9.11,10,9.55,a-csk-wtcat-holo_b-src-wtcat-holo,"csk-wtcat-holo
src-wtcat-holo",holo,"csk-wtcat-holo
src-wtcat-holo",FALSE,FALSE,Holo,"csk-wtcat-holo
src-wtcat-holo","csk-wtcat-holo
src-wtcat-holo
[SRC = Holo]","csk-wtcat-holo
src-wtcat-holo
[SRC = Holo]",State 4,Active (BLAminus),In,Intact,DFGin
a-csk-wtcat-holo_b-src-wtcat-holo_seed-851824_sample-4_model,a-csk-wtcat-holo_b-src-wtcat-holo/seed-851824_sample-4,model.cif,D,SRC-WT,Active (BLAminus),C-lobe Donor,A,NA,NA,NA,2.6,9.74,Intact,Intact,In,Packed,DFGin,BLAminus,NTin,CTin,58.71,56.72,15.54,11.47,139.71,6.71,15.06,2.7,6.49,1.99,2.83,1.96,3.04,4.22,7.32,9.91,4,8.61,3.73,3.96,3.1,3.45,0.87,0.89,9,10.11,9.55,a-csk-wtcat-holo_b-src-wtcat-holo,"csk-wtcat-holo
src-wtcat-holo",holo,"csk-wtcat-holo
src-wtcat-holo",FALSE,FALSE,Holo,"csk-wtcat-holo
src-wtcat-holo","csk-wtcat-holo
src-wtcat-holo
[SRC = Holo]","csk-wtcat-holo
src-wtcat-holo
[SRC = Holo]",State 4,Active (BLAminus),In,Intact,DFGin
a-csk-wtcat-holo_b-src-wtcat-holo_seed-891445_sample-0_model,a-csk-wtcat-holo_b-src-wtcat-holo/seed-891445_sample-0,model.cif,D,SRC-WT,Active (BLAminus),C-lobe Donor,A,NA,NA,NA,2.59,10.17,Intact,Intact,In,Packed,DFGin,BLAminus,NTin,CTin,56.61,54.75,15.69,11.25,149.87,6.83,15.09,2.75,5.09,2.31,2.71,2.44,3.3,4.34,7.01,9.94,4.1,8.59,3.67,3.33,3.32,3.45,0.87,0.89,9.19,10.17,9.68,a-csk-wtcat-holo_b-src-wtcat-holo,"csk-wtcat-holo
src-wtcat-holo",holo,"csk-wtcat-holo
src-wtcat-holo",FALSE,FALSE,Holo,"csk-wtcat-holo
src-wtcat-holo","csk-wtcat-holo
src-wtcat-holo
[SRC = Holo]","csk-wtcat-holo
src-wtcat-holo
[SRC = Holo]",State 7,Active (BLAminus),In,Intact,DFGin
a-csk-wtcat-holo_b-src-wtcat-holo_seed-891445_sample-1_model,a-csk-wtcat-holo_b-src-wtcat-holo/seed-891445_sample-1,model.cif,D,SRC-WT,Active (BLAminus),C-lobe Donor,A,NA,NA,NA,2.62,10.55,Intact,Intact,In,Packed,DFGin,BLAminus,NTin,CTin,59.86,60.38,15.41,11.38,145.6,6.67,14.74,2.77,4.63,2.05,1.69,3.28,3.21,4.16,7.36,9.97,4.03,8.57,3.81,3.98,3.15,3.39,0.87,0.89,9,9.97,9.48,a-csk-wtcat-holo_b-src-wtcat-holo,"csk-wtcat-holo
src-wtcat-holo",holo,"csk-wtcat-holo
src-wtcat-holo",FALSE,FALSE,Holo,"csk-wtcat-holo
src-wtcat-holo","csk-wtcat-holo
src-wtcat-holo
[SRC = Holo]","csk-wtcat-holo
src-wtcat-holo
[SRC = Holo]",State 4,Active (BLAminus),In,Intact,DFGin
a-csk-wtcat-holo_b-src-wtcat-holo_seed-891445_sample-2_model,a-csk-wtcat-holo_b-src-wtcat-holo/seed-891445_sample-2,model.cif,D,SRC-WT,Active (BLAminus),C-lobe Donor,A,NA,NA,NA,2.6,9.95,Intact,Intact,In,Packed,DFGin,BLAminus,NTin,CTin,60.45,61.78,15.61,11.73,131.8,6.78,14.96,2.64,5.39,2.74,2.28,3.99,3.27,4.25,7.33,9.94,4.13,8.69,3.84,3.46,3.18,3.38,0.87,0.89,9.29,10.14,9.71,a-csk-wtcat-holo_b-src-wtcat-holo,"csk-wtcat-holo
src-wtcat-holo",holo,"csk-wtcat-holo
src-wtcat-holo",FALSE,FALSE,Holo,"csk-wtcat-holo
src-wtcat-holo","csk-wtcat-holo
src-wtcat-holo
[SRC = Holo]","csk-wtcat-holo
src-wtcat-holo
[SRC = Holo]",State 4,Active (BLAminus),In,Intact,DFGin
a-csk-wtcat-holo_b-src-wtcat-holo_seed-891445_sample-3_model,a-csk-wtcat-holo_b-src-wtcat-holo/seed-891445_sample-3,model.cif,D,SRC-WT,Active (BLAminus),C-lobe Donor,A,NA,NA,NA,2.54,10.46,Intact,Intact,In,Packed,DFGin,BLAminus,NTin,CTin,57.29,55.29,15.61,11.59,127.51,6.87,15,2.8,5.37,1.87,2.62,3.4,3.07,4.17,7.31,9.98,4.13,8.57,3.83,3.46,3.19,3.45,0.87,0.89,9.09,10.18,9.63,a-csk-wtcat-holo_b-src-wtcat-holo,"csk-wtcat-holo
src-wtcat-holo",holo,"csk-wtcat-holo
src-wtcat-holo",FALSE,FALSE,Holo,"csk-wtcat-holo
src-wtcat-holo","csk-wtcat-holo
src-wtcat-holo
[SRC = Holo]","csk-wtcat-holo
src-wtcat-holo
[SRC = Holo]",State 4,Active (BLAminus),In,Intact,DFGin
a-csk-wtcat-holo_b-src-wtcat-holo_seed-891445_sample-4_model,a-csk-wtcat-holo_b-src-wtcat-holo/seed-891445_sample-4,model.cif,D,SRC-WT,Active (BLAminus),C-lobe Donor,A,NA,NA,NA,2.54,10.8,Intact,Intact,In,Packed,DFGin,BLAminus,NTin,CTin,59.48,60.82,15.45,11.2,125.33,6.6,14.78,2.63,5.73,2.28,3.5,2.68,3.19,4.2,7.3,9.92,4.1,8.52,3.79,3.47,3.21,3.4,0.87,0.89,9.04,10.04,9.54,a-csk-wtcat-holo_b-src-wtcat-holo,"csk-wtcat-holo
src-wtcat-holo",holo,"csk-wtcat-holo
src-wtcat-holo",FALSE,FALSE,Holo,"csk-wtcat-holo
src-wtcat-holo","csk-wtcat-holo
src-wtcat-holo
[SRC = Holo]","csk-wtcat-holo
src-wtcat-holo
[SRC = Holo]",State 4,Active (BLAminus),In,Intact,DFGin
a-csk-wtcat-holo_b-src-wtcat-py159-apo_seed-1090901_sample-0_model,a-csk-wtcat-holo_b-src-wtcat-py159-apo/seed-1090901_sample-0,model.cif,D,SRC-WT,Active (BLAminus),C-lobe Donor,A,NA,NA,NA,2.58,11.62,Intact,Intact,In,Packed,DFGin,BLAminus,NTin,CTin,60.22,74.22,16.31,12.02,119.96,6.75,14.95,3.03,6.12,2.23,2.54,3.78,3.05,4,7.16,10.03,4.04,8.53,3.8,3.63,3.69,3.47,0.82,0.86,10.94,11.24,11.09,a-csk-wtcat-holo_b-src-wtcat-py159-apo,"csk-wtcat-apo
src-wtcat-py159-holo",holo,"csk-wtcat-apo
src-wtcat-py159-holo",TRUE,FALSE,Holo,"csk-wtcat-apo
src-wtcat-py159-holo","csk-wtcat-apo
src-wtcat-py159-holo
[SRC = Holo]","csk-wtcat-apo
src-wtcat-py159-holo
[SRC = Holo]",State 3,Active (BLAminus),In,Intact,DFGin
a-csk-wtcat-holo_b-src-wtcat-py159-apo_seed-1090901_sample-1_model,a-csk-wtcat-holo_b-src-wtcat-py159-apo/seed-1090901_sample-1,model.cif,D,SRC-WT,Active (BLAminus),C-lobe Donor,A,NA,NA,NA,2.72,8.51,Intact,Intact,In,Packed,DFGin,BLAminus,NTin,CTin,59.69,74.1,16.46,11.84,137.26,6.69,15.02,3.06,8.82,2.64,3.89,3.12,3.09,4.17,7.23,10.05,4.06,8.53,3.92,3.76,3.32,3.57,0.81,0.85,11.17,11.8,11.48,a-csk-wtcat-holo_b-src-wtcat-py159-apo,"csk-wtcat-apo
src-wtcat-py159-holo",holo,"csk-wtcat-apo
src-wtcat-py159-holo",TRUE,FALSE,Holo,"csk-wtcat-apo
src-wtcat-py159-holo","csk-wtcat-apo
src-wtcat-py159-holo
[SRC = Holo]","csk-wtcat-apo
src-wtcat-py159-holo
[SRC = Holo]",State 8,Active (BLAminus),In,Intact,DFGin
a-csk-wtcat-holo_b-src-wtcat-py159-apo_seed-1090901_sample-2_model,a-csk-wtcat-holo_b-src-wtcat-py159-apo/seed-1090901_sample-2,model.cif,D,SRC-WT,Active (BLAminus),C-lobe Donor,A,NA,NA,NA,2.61,10.96,Intact,No Ligand,In,Packed,DFGin,BLAminus,NTin,CTin,59.24,74.17,16.76,NA,NA,6.75,15.37,2.77,NA,NA,NA,NA,3.07,7.77,7.25,9.98,4.03,8.45,3.83,3.7,3.44,3.45,0.81,0.85,10.77,11.29,11.03,a-csk-wtcat-holo_b-src-wtcat-py159-apo,"csk-wtcat-holo
src-wtcat-py159-apo",apo,"csk-wtcat-holo
src-wtcat-py159-apo",FALSE,TRUE,Apo,"csk-wtcat-holo
src-wtcat-py159-apo","csk-wtcat-holo
src-wtcat-py159-apo
[SRC = Apo]","csk-wtcat-holo
src-wtcat-py159-apo
[SRC = Apo]",State 5,Active (BLAminus),In,Intact,DFGin
a-csk-wtcat-holo_b-src-wtcat-py159-apo_seed-1090901_sample-3_model,a-csk-wtcat-holo_b-src-wtcat-py159-apo/seed-1090901_sample-3,model.cif,D,SRC-WT,Active (BLAminus),C-lobe Donor,A,NA,NA,NA,2.55,9.62,Intact,No Ligand,In,Packed,DFGin,BLAminus,NTin,CTin,59.6,64.4,16.05,NA,NA,6.72,15.04,2.68,NA,NA,NA,NA,3.2,7.73,7.26,9.88,4.03,8.45,3.62,3.88,3.23,3.44,0.81,0.85,10.98,11.36,11.17,a-csk-wtcat-holo_b-src-wtcat-py159-apo,"csk-wtcat-holo
src-wtcat-py159-apo",apo,"csk-wtcat-holo
src-wtcat-py159-apo",FALSE,TRUE,Apo,"csk-wtcat-holo
src-wtcat-py159-apo","csk-wtcat-holo
src-wtcat-py159-apo
[SRC = Apo]","csk-wtcat-holo
src-wtcat-py159-apo
[SRC = Apo]",State 1,Active (BLAminus),In,Intact,DFGin
a-csk-wtcat-holo_b-src-wtcat-py159-apo_seed-1090901_sample-4_model,a-csk-wtcat-holo_b-src-wtcat-py159-apo/seed-1090901_sample-4,model.cif,D,SRC-WT,Active (BLAminus),C-lobe Donor,A,NA,NA,NA,2.59,11.61,Intact,No Ligand,In,Packed,DFGin,BLAminus,NTin,CTin,59.01,76.17,17.38,NA,NA,6.69,15.2,2.88,NA,NA,NA,NA,3.14,7.73,7.27,9.93,4.07,8.46,3.93,3.78,3.38,3.48,0.83,0.86,10.51,10.41,10.46,a-csk-wtcat-holo_b-src-wtcat-py159-apo,"csk-wtcat-holo
src-wtcat-py159-apo",apo,"csk-wtcat-holo
src-wtcat-py159-apo",FALSE,TRUE,Apo,"csk-wtcat-holo
src-wtcat-py159-apo","csk-wtcat-holo
src-wtcat-py159-apo
[SRC = Apo]","csk-wtcat-holo
src-wtcat-py159-apo
[SRC = Apo]",State 5,Active (BLAminus),In,Intact,DFGin
a-csk-wtcat-holo_b-src-wtcat-py159-apo_seed-1120471_sample-0_model,a-csk-wtcat-holo_b-src-wtcat-py159-apo/seed-1120471_sample-0,model.cif,D,SRC-WT,Active (BLAminus),C-lobe Donor,A,NA,NA,NA,2.73,11.24,Intact,No Ligand,In,Packed,DFGin,BLAminus,NTin,CTin,59.35,74.57,16.31,NA,NA,6.73,15.1,2.74,NA,NA,NA,NA,3.12,7.8,7.3,9.99,4.02,8.51,4,3.78,3.32,3.48,0.82,0.86,10.63,10.99,10.81,a-csk-wtcat-holo_b-src-wtcat-py159-apo,"csk-wtcat-holo
src-wtcat-py159-apo",apo,"csk-wtcat-holo
src-wtcat-py159-apo",FALSE,TRUE,Apo,"csk-wtcat-holo
src-wtcat-py159-apo","csk-wtcat-holo
src-wtcat-py159-apo
[SRC = Apo]","csk-wtcat-holo
src-wtcat-py159-apo
[SRC = Apo]",State 5,Active (BLAminus),In,Intact,DFGin
a-csk-wtcat-holo_b-src-wtcat-py159-apo_seed-1120471_sample-1_model,a-csk-wtcat-holo_b-src-wtcat-py159-apo/seed-1120471_sample-1,model.cif,D,SRC-WT,Active (BLAminus),C-lobe Donor,A,NA,NA,NA,2.71,10.93,Intact,No Ligand,In,Packed,DFGin,BLAminus,NTin,CTin,60.22,75.36,17.71,NA,NA,6.77,15.4,2.92,NA,NA,NA,NA,3.12,7.72,7.27,10.05,3.97,8.55,3.92,3.78,3.31,3.48,0.82,0.86,10.42,10.83,10.62,a-csk-wtcat-holo_b-src-wtcat-py159-apo,"csk-wtcat-holo
src-wtcat-py159-apo",apo,"csk-wtcat-holo
src-wtcat-py159-apo",FALSE,TRUE,Apo,"csk-wtcat-holo
src-wtcat-py159-apo","csk-wtcat-holo
src-wtcat-py159-apo
[SRC = Apo]","csk-wtcat-holo
src-wtcat-py159-apo
[SRC = Apo]",State 5,Active (BLAminus),In,Intact,DFGin
a-csk-wtcat-holo_b-src-wtcat-py159-apo_seed-1120471_sample-2_model,a-csk-wtcat-holo_b-src-wtcat-py159-apo/seed-1120471_sample-2,model.cif,D,SRC-WT,Active (BLAminus),C-lobe Donor,A,NA,NA,NA,2.66,10.34,Intact,No Ligand,In,Packed,DFGin,BLAminus,NTin,CTin,56.31,73.37,15.24,NA,NA,6.82,15.11,2.82,NA,NA,NA,NA,3.11,7.77,7.3,10.04,4.03,8.49,3.95,3.8,3.47,3.48,0.83,0.86,10.23,10.87,10.55,a-csk-wtcat-holo_b-src-wtcat-py159-apo,"csk-wtcat-holo
src-wtcat-py159-apo",apo,"csk-wtcat-holo
src-wtcat-py159-apo",FALSE,TRUE,Apo,"csk-wtcat-holo
src-wtcat-py159-apo","csk-wtcat-holo
src-wtcat-py159-apo
[SRC = Apo]","csk-wtcat-holo
src-wtcat-py159-apo
[SRC = Apo]",State 5,Active (BLAminus),In,Intact,DFGin
a-csk-wtcat-holo_b-src-wtcat-py159-apo_seed-1120471_sample-3_model,a-csk-wtcat-holo_b-src-wtcat-py159-apo/seed-1120471_sample-3,model.cif,D,SRC-WT,Active (BLAminus),C-lobe Donor,A,NA,NA,NA,2.63,11.09,Intact,No Ligand,In,Packed,DFGin,BLAminus,NTin,CTin,60.02,75.34,16.91,NA,NA,6.76,15.35,2.89,NA,NA,NA,NA,3.04,7.77,7.2,10,4.09,8.53,3.71,3.69,3.1,3.48,0.84,0.88,9.6,10.2,9.9,a-csk-wtcat-holo_b-src-wtcat-py159-apo,"csk-wtcat-holo
src-wtcat-py159-apo",apo,"csk-wtcat-holo
src-wtcat-py159-apo",FALSE,TRUE,Apo,"csk-wtcat-holo
src-wtcat-py159-apo","csk-wtcat-holo
src-wtcat-py159-apo
[SRC = Apo]","csk-wtcat-holo
src-wtcat-py159-apo
[SRC = Apo]",State 3,Active (BLAminus),In,Intact,DFGin
a-csk-wtcat-holo_b-src-wtcat-py159-apo_seed-1120471_sample-4_model,a-csk-wtcat-holo_b-src-wtcat-py159-apo/seed-1120471_sample-4,model.cif,D,SRC-WT,Active (BLAminus),C-lobe Donor,A,NA,NA,NA,2.61,9.08,Intact,No Ligand,In,Packed,DFGin,BLAminus,NTin,CTin,61.76,71.16,16.5,NA,NA,6.69,14.95,2.85,NA,NA,NA,NA,3.12,7.73,7.32,9.98,4.16,8.5,3.95,3.5,3.3,3.46,0.81,0.85,11.19,11.43,11.31,a-csk-wtcat-holo_b-src-wtcat-py159-apo,"csk-wtcat-holo
src-wtcat-py159-apo",apo,"csk-wtcat-holo
src-wtcat-py159-apo",FALSE,TRUE,Apo,"csk-wtcat-holo
src-wtcat-py159-apo","csk-wtcat-holo
src-wtcat-py159-apo
[SRC = Apo]","csk-wtcat-holo
src-wtcat-py159-apo
[SRC = Apo]",State 3,Active (BLAminus),In,Intact,DFGin
a-csk-wtcat-holo_b-src-wtcat-py159-apo_seed-1205238_sample-0_model,a-csk-wtcat-holo_b-src-wtcat-py159-apo/seed-1205238_sample-0,model.cif,D,SRC-WT,Active (BLAminus),C-lobe Donor,A,NA,NA,NA,2.6,11.77,Intact,No Ligand,In,Packed,DFGin,BLAminus,NTin,CTin,58.46,74.59,16.58,NA,NA,6.78,15.03,2.71,NA,NA,NA,NA,3.11,7.7,7.23,9.97,3.98,8.5,3.79,3.74,3.39,3.44,0.81,0.85,10.92,11.39,11.16,a-csk-wtcat-holo_b-src-wtcat-py159-apo,"csk-wtcat-holo
src-wtcat-py159-apo",apo,"csk-wtcat-holo
src-wtcat-py159-apo",FALSE,TRUE,Apo,"csk-wtcat-holo
src-wtcat-py159-apo","csk-wtcat-holo
src-wtcat-py159-apo
[SRC = Apo]","csk-wtcat-holo
src-wtcat-py159-apo
[SRC = Apo]",State 5,Active (BLAminus),In,Intact,DFGin
a-csk-wtcat-holo_b-src-wtcat-py159-apo_seed-1205238_sample-1_model,a-csk-wtcat-holo_b-src-wtcat-py159-apo/seed-1205238_sample-1,model.cif,D,SRC-WT,Active (BLAminus),C-lobe Donor,A,NA,NA,NA,2.6,9.54,Intact,No Ligand,In,Packed,DFGin,BLAminus,NTin,CTin,56.18,58.52,16.29,NA,NA,6.7,14.93,2.87,NA,NA,NA,NA,2.93,7.69,7.24,9.9,4.09,8.52,3.68,3.47,3.01,3.43,0.8,0.84,11.18,11.56,11.37,a-csk-wtcat-holo_b-src-wtcat-py159-apo,"csk-wtcat-holo
src-wtcat-py159-apo",apo,"csk-wtcat-holo
src-wtcat-py159-apo",FALSE,TRUE,Apo,"csk-wtcat-holo
src-wtcat-py159-apo","csk-wtcat-holo
src-wtcat-py159-apo
[SRC = Apo]","csk-wtcat-holo
src-wtcat-py159-apo
[SRC = Apo]",State 1,Active (BLAminus),In,Intact,DFGin
a-csk-wtcat-holo_b-src-wtcat-py159-apo_seed-1205238_sample-2_model,a-csk-wtcat-holo_b-src-wtcat-py159-apo/seed-1205238_sample-2,model.cif,D,SRC-WT,Active (BLAminus),C-lobe Donor,A,NA,NA,NA,2.69,10,Intact,No Ligand,In,Packed,DFGin,BLAminus,NTin,CTin,60.41,72.41,17.42,NA,NA,6.78,15.21,2.97,NA,NA,NA,NA,3.08,7.81,7.28,10.02,4.07,8.51,3.97,3.78,3.44,3.5,0.82,0.86,10.36,10.76,10.56,a-csk-wtcat-holo_b-src-wtcat-py159-apo,"csk-wtcat-holo
src-wtcat-py159-apo",apo,"csk-wtcat-holo
src-wtcat-py159-apo",FALSE,TRUE,Apo,"csk-wtcat-holo
src-wtcat-py159-apo","csk-wtcat-holo
src-wtcat-py159-apo
[SRC = Apo]","csk-wtcat-holo
src-wtcat-py159-apo
[SRC = Apo]",State 5,Active (BLAminus),In,Intact,DFGin
a-csk-wtcat-holo_b-src-wtcat-py159-apo_seed-1205238_sample-3_model,a-csk-wtcat-holo_b-src-wtcat-py159-apo/seed-1205238_sample-3,model.cif,D,SRC-WT,Active (BLAminus),C-lobe Donor,A,NA,NA,NA,2.61,10.02,Intact,No Ligand,In,Packed,DFGin,BLAminus,NTin,CTin,58.93,74.95,16.08,NA,NA,6.76,15.01,2.8,NA,NA,NA,NA,3.07,7.84,7.24,9.96,4.01,8.5,3.93,3.71,3.5,3.46,0.82,0.86,10.55,11.01,10.78,a-csk-wtcat-holo_b-src-wtcat-py159-apo,"csk-wtcat-holo
src-wtcat-py159-apo",apo,"csk-wtcat-holo
src-wtcat-py159-apo",FALSE,TRUE,Apo,"csk-wtcat-holo
src-wtcat-py159-apo","csk-wtcat-holo
src-wtcat-py159-apo
[SRC = Apo]","csk-wtcat-holo
src-wtcat-py159-apo
[SRC = Apo]",State 5,Active (BLAminus),In,Intact,DFGin
a-csk-wtcat-holo_b-src-wtcat-py159-apo_seed-1205238_sample-4_model,a-csk-wtcat-holo_b-src-wtcat-py159-apo/seed-1205238_sample-4,model.cif,D,SRC-WT,Active (BLAminus),C-lobe Donor,A,NA,NA,NA,2.62,11.99,Intact,Intact,In,Packed,DFGin,BLAminus,NTin,CTin,58.33,74.21,15.57,11.34,115.67,6.69,14.85,2.99,5.73,2.06,2.51,3.88,3.14,4.23,7.21,9.96,4.03,8.56,3.88,3.68,3.38,3.47,0.83,0.86,10.95,10.94,10.95,a-csk-wtcat-holo_b-src-wtcat-py159-apo,"csk-wtcat-apo
src-wtcat-py159-holo",holo,"csk-wtcat-apo
src-wtcat-py159-holo",TRUE,FALSE,Holo,"csk-wtcat-apo
src-wtcat-py159-holo","csk-wtcat-apo
src-wtcat-py159-holo
[SRC = Holo]","csk-wtcat-apo
src-wtcat-py159-holo
[SRC = Holo]",State 8,Active (BLAminus),In,Intact,DFGin
a-csk-wtcat-holo_b-src-wtcat-py159-apo_seed-1273841_sample-0_model,a-csk-wtcat-holo_b-src-wtcat-py159-apo/seed-1273841_sample-0,model.cif,D,SRC-WT,Active (BLAminus),C-lobe Donor,A,NA,NA,NA,2.62,9.8,Intact,No Ligand,In,Packed,DFGin,BLAminus,NTin,CTin,59.04,72.89,17.74,NA,NA,6.84,15.55,3.02,NA,NA,NA,NA,3.08,7.73,7.31,9.98,4.01,8.51,3.99,3.81,3.26,3.45,0.82,0.86,10.63,10.89,10.76,a-csk-wtcat-holo_b-src-wtcat-py159-apo,"csk-wtcat-holo
src-wtcat-py159-apo",apo,"csk-wtcat-holo
src-wtcat-py159-apo",FALSE,TRUE,Apo,"csk-wtcat-holo
src-wtcat-py159-apo","csk-wtcat-holo
src-wtcat-py159-apo
[SRC = Apo]","csk-wtcat-holo
src-wtcat-py159-apo
[SRC = Apo]",State 5,Active (BLAminus),In,Intact,DFGin
a-csk-wtcat-holo_b-src-wtcat-py159-apo_seed-1273841_sample-1_model,a-csk-wtcat-holo_b-src-wtcat-py159-apo/seed-1273841_sample-1,model.cif,D,SRC-WT,Active (BLAminus),C-lobe Donor,A,NA,NA,NA,2.64,11.34,Intact,No Ligand,In,Packed,DFGin,BLAminus,NTin,CTin,58.3,76.03,13.65,NA,NA,6.75,14.56,2.77,NA,NA,NA,NA,3.14,7.92,7.24,10.08,4.03,8.44,4.07,3.75,3.39,3.47,0.83,0.86,10.48,10.88,10.68,a-csk-wtcat-holo_b-src-wtcat-py159-apo,"csk-wtcat-holo
src-wtcat-py159-apo",apo,"csk-wtcat-holo
src-wtcat-py159-apo",FALSE,TRUE,Apo,"csk-wtcat-holo
src-wtcat-py159-apo","csk-wtcat-holo
src-wtcat-py159-apo
[SRC = Apo]","csk-wtcat-holo
src-wtcat-py159-apo
[SRC = Apo]",State 3,Active (BLAminus),In,Intact,DFGin
a-csk-wtcat-holo_b-src-wtcat-py159-apo_seed-1273841_sample-2_model,a-csk-wtcat-holo_b-src-wtcat-py159-apo/seed-1273841_sample-2,model.cif,D,SRC-WT,Active (BLAminus),C-lobe Donor,A,NA,NA,NA,2.64,10.71,Intact,Intact,In,Packed,DFGin,BLAminus,NTin,CTin,59.04,71.67,15.85,11.95,132.06,6.76,15.08,2.68,5.01,2.07,2.98,3.58,3.11,4.01,7.18,10.01,4.16,8.55,3.84,3.39,3.49,3.47,0.83,0.86,10.85,11.3,11.07,a-csk-wtcat-holo_b-src-wtcat-py159-apo,"csk-wtcat-apo
src-wtcat-py159-holo",holo,"csk-wtcat-apo
src-wtcat-py159-holo",TRUE,FALSE,Holo,"csk-wtcat-apo
src-wtcat-py159-holo","csk-wtcat-apo
src-wtcat-py159-holo
[SRC = Holo]","csk-wtcat-apo
src-wtcat-py159-holo
[SRC = Holo]",State 7,Active (BLAminus),In,Intact,DFGin
a-csk-wtcat-holo_b-src-wtcat-py159-apo_seed-1273841_sample-3_model,a-csk-wtcat-holo_b-src-wtcat-py159-apo/seed-1273841_sample-3,model.cif,D,SRC-WT,Active (BLAminus),C-lobe Donor,A,NA,NA,NA,2.67,10.97,Intact,No Ligand,In,Packed,DFGin,BLAminus,NTin,CTin,58.53,76.12,15.77,NA,NA,6.73,15.02,3.04,NA,NA,NA,NA,3.08,7.85,7.23,10,4.04,8.51,3.98,3.67,3.17,3.46,0.84,0.87,10.2,10.27,10.23,a-csk-wtcat-holo_b-src-wtcat-py159-apo,"csk-wtcat-holo
src-wtcat-py159-apo",apo,"csk-wtcat-holo
src-wtcat-py159-apo",FALSE,TRUE,Apo,"csk-wtcat-holo
src-wtcat-py159-apo","csk-wtcat-holo
src-wtcat-py159-apo
[SRC = Apo]","csk-wtcat-holo
src-wtcat-py159-apo
[SRC = Apo]",State 5,Active (BLAminus),In,Intact,DFGin
a-csk-wtcat-holo_b-src-wtcat-py159-apo_seed-1273841_sample-4_model,a-csk-wtcat-holo_b-src-wtcat-py159-apo/seed-1273841_sample-4,model.cif,D,SRC-WT,Active (BLAminus),C-lobe Donor,A,NA,NA,NA,2.7,12.66,Intact,No Ligand,In,Packed,DFGin,BLAminus,NTin,CTin,59.14,75.72,16.92,NA,NA,6.69,15.12,2.74,NA,NA,NA,NA,3.13,7.82,7.21,10.05,4.16,8.46,3.92,3.43,3.44,3.49,0.82,0.85,10.99,11.11,11.05,a-csk-wtcat-holo_b-src-wtcat-py159-apo,"csk-wtcat-holo
src-wtcat-py159-apo",apo,"csk-wtcat-holo
src-wtcat-py159-apo",FALSE,TRUE,Apo,"csk-wtcat-holo
src-wtcat-py159-apo","csk-wtcat-holo
src-wtcat-py159-apo
[SRC = Apo]","csk-wtcat-holo
src-wtcat-py159-apo
[SRC = Apo]",State 3,Active (BLAminus),In,Intact,DFGin
a-csk-wtcat-holo_b-src-wtcat-py159-apo_seed-1274952_sample-0_model,a-csk-wtcat-holo_b-src-wtcat-py159-apo/seed-1274952_sample-0,model.cif,D,SRC-WT,Active (BLAminus),C-lobe Donor,A,NA,NA,NA,2.54,8.79,Intact,No Ligand,In,Packed,DFGin,BLAminus,NTin,CTin,60,73.12,16.16,NA,NA,6.81,15.09,2.88,NA,NA,NA,NA,3.16,7.77,7.26,10.01,4.03,8.46,3.91,3.68,3.4,3.44,0.81,0.85,11.04,11.34,11.19,a-csk-wtcat-holo_b-src-wtcat-py159-apo,"csk-wtcat-holo
src-wtcat-py159-apo",apo,"csk-wtcat-holo
src-wtcat-py159-apo",FALSE,TRUE,Apo,"csk-wtcat-holo
src-wtcat-py159-apo","csk-wtcat-holo
src-wtcat-py159-apo
[SRC = Apo]","csk-wtcat-holo
src-wtcat-py159-apo
[SRC = Apo]",State 3,Active (BLAminus),In,Intact,DFGin
a-csk-wtcat-holo_b-src-wtcat-py159-apo_seed-1274952_sample-1_model,a-csk-wtcat-holo_b-src-wtcat-py159-apo/seed-1274952_sample-1,model.cif,D,SRC-WT,Active (BLAminus),C-lobe Donor,A,NA,NA,NA,2.79,11.71,Intact,No Ligand,In,Packed,DFGin,BLAminus,NTin,CTin,60.18,76.51,17.67,NA,NA,6.67,15.32,2.57,NA,NA,NA,NA,3.11,7.84,7.28,9.93,3.99,8.53,4.01,3.81,3.28,3.47,0.84,0.87,9.88,9.91,9.89,a-csk-wtcat-holo_b-src-wtcat-py159-apo,"csk-wtcat-holo
src-wtcat-py159-apo",apo,"csk-wtcat-holo
src-wtcat-py159-apo",FALSE,TRUE,Apo,"csk-wtcat-holo
src-wtcat-py159-apo","csk-wtcat-holo
src-wtcat-py159-apo
[SRC = Apo]","csk-wtcat-holo
src-wtcat-py159-apo
[SRC = Apo]",State 5,Active (BLAminus),In,Intact,DFGin
a-csk-wtcat-holo_b-src-wtcat-py159-apo_seed-1274952_sample-2_model,a-csk-wtcat-holo_b-src-wtcat-py159-apo/seed-1274952_sample-2,model.cif,D,SRC-WT,Active (BLAminus),C-lobe Donor,A,NA,NA,NA,2.59,11.27,Intact,No Ligand,In,Packed,DFGin,BLAminus,NTin,CTin,59.74,71,17.39,NA,NA,6.77,15.27,2.82,NA,NA,NA,NA,3.12,7.75,7.26,9.98,4.11,8.52,3.96,3.43,3.28,3.46,0.83,0.86,10.4,10.45,10.43,a-csk-wtcat-holo_b-src-wtcat-py159-apo,"csk-wtcat-holo
src-wtcat-py159-apo",apo,"csk-wtcat-holo
src-wtcat-py159-apo",FALSE,TRUE,Apo,"csk-wtcat-holo
src-wtcat-py159-apo","csk-wtcat-holo
src-wtcat-py159-apo
[SRC = Apo]","csk-wtcat-holo
src-wtcat-py159-apo
[SRC = Apo]",State 3,Active (BLAminus),In,Intact,DFGin
a-csk-wtcat-holo_b-src-wtcat-py159-apo_seed-1274952_sample-3_model,a-csk-wtcat-holo_b-src-wtcat-py159-apo/seed-1274952_sample-3,model.cif,D,SRC-WT,Active (BLAminus),C-lobe Donor,A,NA,NA,NA,2.66,9.96,Intact,No Ligand,In,Packed,DFGin,BLAminus,NTin,CTin,59.3,74.77,18.14,NA,NA,6.77,15.49,2.84,NA,NA,NA,NA,3.06,7.77,7.27,9.98,4.04,8.48,3.65,3.73,3.91,3.47,0.84,0.87,10.31,10.15,10.23,a-csk-wtcat-holo_b-src-wtcat-py159-apo,"csk-wtcat-holo
src-wtcat-py159-apo",apo,"csk-wtcat-holo
src-wtcat-py159-apo",FALSE,TRUE,Apo,"csk-wtcat-holo
src-wtcat-py159-apo","csk-wtcat-holo
src-wtcat-py159-apo
[SRC = Apo]","csk-wtcat-holo
src-wtcat-py159-apo
[SRC = Apo]",State 5,Active (BLAminus),In,Intact,DFGin
a-csk-wtcat-holo_b-src-wtcat-py159-apo_seed-1274952_sample-4_model,a-csk-wtcat-holo_b-src-wtcat-py159-apo/seed-1274952_sample-4,model.cif,D,SRC-WT,Active (BLAminus),C-lobe Donor,A,NA,NA,NA,2.62,12.13,Intact,No Ligand,In,Packed,DFGin,BLAminus,NTin,CTin,58.91,76.38,17.4,NA,NA,6.73,15.33,2.71,NA,NA,NA,NA,3.07,7.7,7.3,10.02,4.02,8.5,3.95,3.79,3.29,3.56,0.83,0.87,10.27,10.21,10.24,a-csk-wtcat-holo_b-src-wtcat-py159-apo,"csk-wtcat-holo
src-wtcat-py159-apo",apo,"csk-wtcat-holo
src-wtcat-py159-apo",FALSE,TRUE,Apo,"csk-wtcat-holo
src-wtcat-py159-apo","csk-wtcat-holo
src-wtcat-py159-apo
[SRC = Apo]","csk-wtcat-holo
src-wtcat-py159-apo
[SRC = Apo]",State 5,Active (BLAminus),In,Intact,DFGin
a-csk-wtcat-holo_b-src-wtcat-py159-apo_seed-1431806_sample-0_model,a-csk-wtcat-holo_b-src-wtcat-py159-apo/seed-1431806_sample-0,model.cif,D,SRC-WT,Active (BLAminus),C-lobe Donor,A,NA,NA,NA,2.6,11.14,Intact,No Ligand,In,Packed,DFGin,BLAminus,NTin,CTin,60.14,75.78,17.48,NA,NA,6.78,15.37,2.94,NA,NA,NA,NA,3.09,7.7,7.29,9.99,4.02,8.52,3.85,3.77,3.44,3.45,0.83,0.86,10.39,10.68,10.54,a-csk-wtcat-holo_b-src-wtcat-py159-apo,"csk-wtcat-holo
src-wtcat-py159-apo",apo,"csk-wtcat-holo
src-wtcat-py159-apo",FALSE,TRUE,Apo,"csk-wtcat-holo
src-wtcat-py159-apo","csk-wtcat-holo
src-wtcat-py159-apo
[SRC = Apo]","csk-wtcat-holo
src-wtcat-py159-apo
[SRC = Apo]",State 5,Active (BLAminus),In,Intact,DFGin
a-csk-wtcat-holo_b-src-wtcat-py159-apo_seed-1431806_sample-1_model,a-csk-wtcat-holo_b-src-wtcat-py159-apo/seed-1431806_sample-1,model.cif,D,SRC-WT,Active (BLAminus),C-lobe Donor,A,NA,NA,NA,2.57,11.29,Intact,No Ligand,In,Packed,DFGin,BLAminus,NTin,CTin,58.21,75.58,17,NA,NA,7.04,15.68,2.81,NA,NA,NA,NA,3.08,7.71,7.3,9.95,4.03,8.55,3.86,3.73,3.29,3.47,0.84,0.87,9.43,10.16,9.79,a-csk-wtcat-holo_b-src-wtcat-py159-apo,"csk-wtcat-holo
src-wtcat-py159-apo",apo,"csk-wtcat-holo
src-wtcat-py159-apo",FALSE,TRUE,Apo,"csk-wtcat-holo
src-wtcat-py159-apo","csk-wtcat-holo
src-wtcat-py159-apo
[SRC = Apo]","csk-wtcat-holo
src-wtcat-py159-apo
[SRC = Apo]",State 5,Active (BLAminus),In,Intact,DFGin
a-csk-wtcat-holo_b-src-wtcat-py159-apo_seed-1431806_sample-2_model,a-csk-wtcat-holo_b-src-wtcat-py159-apo/seed-1431806_sample-2,model.cif,D,SRC-WT,Active (BLAminus),C-lobe Donor,A,NA,NA,NA,2.64,11.31,Intact,No Ligand,In,Packed,DFGin,BLAminus,NTin,CTin,59.47,75.33,16.74,NA,NA,6.87,15.32,2.96,NA,NA,NA,NA,3.04,7.78,7.3,9.97,3.97,8.46,4,3.74,3.35,3.47,0.84,0.87,9.7,10.33,10.02,a-csk-wtcat-holo_b-src-wtcat-py159-apo,"csk-wtcat-holo
src-wtcat-py159-apo",apo,"csk-wtcat-holo
src-wtcat-py159-apo",FALSE,TRUE,Apo,"csk-wtcat-holo
src-wtcat-py159-apo","csk-wtcat-holo
src-wtcat-py159-apo
[SRC = Apo]","csk-wtcat-holo
src-wtcat-py159-apo
[SRC = Apo]",State 5,Active (BLAminus),In,Intact,DFGin
a-csk-wtcat-holo_b-src-wtcat-py159-apo_seed-1431806_sample-3_model,a-csk-wtcat-holo_b-src-wtcat-py159-apo/seed-1431806_sample-3,model.cif,D,SRC-WT,Active (BLAminus),C-lobe Donor,A,NA,NA,NA,2.53,10.81,Intact,No Ligand,In,Packed,DFGin,BLAminus,NTin,CTin,60.02,75.34,16.59,NA,NA,6.69,14.99,2.83,NA,NA,NA,NA,3.06,7.8,7.22,9.97,4.03,8.6,3.77,3.69,3.26,3.46,0.82,0.86,10.69,11.19,10.94,a-csk-wtcat-holo_b-src-wtcat-py159-apo,"csk-wtcat-holo
src-wtcat-py159-apo",apo,"csk-wtcat-holo
src-wtcat-py159-apo",FALSE,TRUE,Apo,"csk-wtcat-holo
src-wtcat-py159-apo","csk-wtcat-holo
src-wtcat-py159-apo
[SRC = Apo]","csk-wtcat-holo
src-wtcat-py159-apo
[SRC = Apo]",State 3,Active (BLAminus),In,Intact,DFGin
a-csk-wtcat-holo_b-src-wtcat-py159-apo_seed-1431806_sample-4_model,a-csk-wtcat-holo_b-src-wtcat-py159-apo/seed-1431806_sample-4,model.cif,D,SRC-WT,Active (BLAminus),C-lobe Donor,A,NA,NA,NA,2.61,11.62,Intact,No Ligand,In,Packed,DFGin,BLAminus,NTin,CTin,55.35,69.84,17.09,NA,NA,6.95,15.67,2.63,NA,NA,NA,NA,3.12,7.75,7.25,9.98,4,8.48,3.89,3.72,3.31,3.45,0.84,0.87,9.75,10.28,10.02,a-csk-wtcat-holo_b-src-wtcat-py159-apo,"csk-wtcat-holo
src-wtcat-py159-apo",apo,"csk-wtcat-holo
src-wtcat-py159-apo",FALSE,TRUE,Apo,"csk-wtcat-holo
src-wtcat-py159-apo","csk-wtcat-holo
src-wtcat-py159-apo
[SRC = Apo]","csk-wtcat-holo
src-wtcat-py159-apo
[SRC = Apo]",State 5,Active (BLAminus),In,Intact,DFGin
a-csk-wtcat-holo_b-src-wtcat-py159-apo_seed-1462250_sample-0_model,a-csk-wtcat-holo_b-src-wtcat-py159-apo/seed-1462250_sample-0,model.cif,D,SRC-WT,Active (BLAminus),C-lobe Donor,A,NA,NA,NA,2.57,10.46,Intact,Intact,In,Packed,DFGin,BLAminus,NTin,CTin,60.46,78.01,16.02,11.98,133.25,6.7,14.64,2.58,4.66,2,2.77,3.71,3.04,4.06,7.27,9.98,4.09,8.39,4.02,3.76,3.47,3.56,0.83,0.86,10.98,11.13,11.05,a-csk-wtcat-holo_b-src-wtcat-py159-apo,"csk-wtcat-apo
src-wtcat-py159-holo",holo,"csk-wtcat-apo
src-wtcat-py159-holo",TRUE,FALSE,Holo,"csk-wtcat-apo
src-wtcat-py159-holo","csk-wtcat-apo
src-wtcat-py159-holo
[SRC = Holo]","csk-wtcat-apo
src-wtcat-py159-holo
[SRC = Holo]",State 8,Active (BLAminus),In,Intact,DFGin
a-csk-wtcat-holo_b-src-wtcat-py159-apo_seed-1462250_sample-1_model,a-csk-wtcat-holo_b-src-wtcat-py159-apo/seed-1462250_sample-1,model.cif,D,SRC-WT,Active (BLAminus),C-lobe Donor,A,NA,NA,NA,2.68,10.55,Intact,No Ligand,In,Packed,DFGin,BLAminus,NTin,CTin,61.48,73.94,18.58,NA,NA,6.84,15.39,2.9,NA,NA,NA,NA,3.05,7.78,7.34,9.99,4.16,8.4,4.08,3.47,3.3,3.49,0.84,0.87,10.21,10.06,10.14,a-csk-wtcat-holo_b-src-wtcat-py159-apo,"csk-wtcat-holo
src-wtcat-py159-apo",apo,"csk-wtcat-holo
src-wtcat-py159-apo",FALSE,TRUE,Apo,"csk-wtcat-holo
src-wtcat-py159-apo","csk-wtcat-holo
src-wtcat-py159-apo
[SRC = Apo]","csk-wtcat-holo
src-wtcat-py159-apo
[SRC = Apo]",State 3,Active (BLAminus),In,Intact,DFGin
a-csk-wtcat-holo_b-src-wtcat-py159-apo_seed-1462250_sample-2_model,a-csk-wtcat-holo_b-src-wtcat-py159-apo/seed-1462250_sample-2,model.cif,D,SRC-WT,Active (BLAminus),C-lobe Donor,A,NA,NA,NA,2.65,11.45,Intact,No Ligand,In,Packed,DFGin,BLAminus,NTin,CTin,60.05,74.98,16.3,NA,NA,6.82,15.51,2.88,NA,NA,NA,NA,3.04,7.82,7.25,10,3.97,8.4,3.9,3.85,2.97,3.47,0.84,0.87,9.73,10.16,9.95,a-csk-wtcat-holo_b-src-wtcat-py159-apo,"csk-wtcat-holo
src-wtcat-py159-apo",apo,"csk-wtcat-holo
src-wtcat-py159-apo",FALSE,TRUE,Apo,"csk-wtcat-holo
src-wtcat-py159-apo","csk-wtcat-holo
src-wtcat-py159-apo
[SRC = Apo]","csk-wtcat-holo
src-wtcat-py159-apo
[SRC = Apo]",State 5,Active (BLAminus),In,Intact,DFGin
a-csk-wtcat-holo_b-src-wtcat-py159-apo_seed-1462250_sample-3_model,a-csk-wtcat-holo_b-src-wtcat-py159-apo/seed-1462250_sample-3,model.cif,D,SRC-WT,Active (BLAminus),C-lobe Donor,A,NA,NA,NA,2.6,11.65,Intact,Intact,In,Packed,DFGin,BLAminus,NTin,CTin,59.83,74.18,16.27,11.57,123.99,6.8,15.09,2.77,6.01,2.13,2.7,3.86,3.11,4.1,7.16,9.97,3.99,8.44,3.94,3.69,3.37,3.49,0.83,0.86,11.09,10.99,11.04,a-csk-wtcat-holo_b-src-wtcat-py159-apo,"csk-wtcat-apo
src-wtcat-py159-holo",holo,"csk-wtcat-apo
src-wtcat-py159-holo",TRUE,FALSE,Holo,"csk-wtcat-apo
src-wtcat-py159-holo","csk-wtcat-apo
src-wtcat-py159-holo
[SRC = Holo]","csk-wtcat-apo
src-wtcat-py159-holo
[SRC = Holo]",State 8,Active (BLAminus),In,Intact,DFGin
a-csk-wtcat-holo_b-src-wtcat-py159-apo_seed-1462250_sample-4_model,a-csk-wtcat-holo_b-src-wtcat-py159-apo/seed-1462250_sample-4,model.cif,D,SRC-WT,Active (BLAminus),C-lobe Donor,A,NA,NA,NA,2.77,8.73,Intact,No Ligand,In,Packed,DFGin,BLAminus,NTin,CTin,59.45,74.72,18.27,NA,NA,6.79,15.51,2.76,NA,NA,NA,NA,3.04,7.73,7.34,9.95,4.03,8.51,3.97,3.73,3.47,3.46,0.83,0.86,10.39,10.64,10.52,a-csk-wtcat-holo_b-src-wtcat-py159-apo,"csk-wtcat-holo
src-wtcat-py159-apo",apo,"csk-wtcat-holo
src-wtcat-py159-apo",FALSE,TRUE,Apo,"csk-wtcat-holo
src-wtcat-py159-apo","csk-wtcat-holo
src-wtcat-py159-apo
[SRC = Apo]","csk-wtcat-holo
src-wtcat-py159-apo
[SRC = Apo]",State 5,Active (BLAminus),In,Intact,DFGin
a-csk-wtcat-holo_b-src-wtcat-py159-apo_seed-1577033_sample-0_model,a-csk-wtcat-holo_b-src-wtcat-py159-apo/seed-1577033_sample-0,model.cif,D,SRC-WT,Active (BLAminus),C-lobe Donor,A,NA,NA,NA,2.66,11.67,Intact,Intact,In,Packed,DFGin,BLAminus,NTin,CTin,59.75,76.06,16.75,12,126.66,6.85,15.26,2.97,6.1,2.27,3.11,4.05,3.1,4.17,7.24,10,4.05,8.49,3.91,3.68,3.49,3.49,0.83,0.86,10.89,11.4,11.14,a-csk-wtcat-holo_b-src-wtcat-py159-apo,"csk-wtcat-apo
src-wtcat-py159-holo",holo,"csk-wtcat-apo
src-wtcat-py159-holo",TRUE,FALSE,Holo,"csk-wtcat-apo
src-wtcat-py159-holo","csk-wtcat-apo
src-wtcat-py159-holo
[SRC = Holo]","csk-wtcat-apo
src-wtcat-py159-holo
[SRC = Holo]",State 8,Active (BLAminus),In,Intact,DFGin
a-csk-wtcat-holo_b-src-wtcat-py159-apo_seed-1577033_sample-1_model,a-csk-wtcat-holo_b-src-wtcat-py159-apo/seed-1577033_sample-1,model.cif,D,SRC-WT,Active (BLAminus),C-lobe Donor,A,NA,NA,NA,2.72,13.24,Intact,No Ligand,In,Packed,DFGin,BLAminus,NTin,CTin,59.01,75.98,16.76,NA,NA,6.8,15.37,3,NA,NA,NA,NA,3.11,7.83,7.21,10.02,4.05,8.55,3.79,3.69,3.17,3.46,0.82,0.85,10.79,11.18,10.98,a-csk-wtcat-holo_b-src-wtcat-py159-apo,"csk-wtcat-holo
src-wtcat-py159-apo",apo,"csk-wtcat-holo
src-wtcat-py159-apo",FALSE,TRUE,Apo,"csk-wtcat-holo
src-wtcat-py159-apo","csk-wtcat-holo
src-wtcat-py159-apo
[SRC = Apo]","csk-wtcat-holo
src-wtcat-py159-apo
[SRC = Apo]",State 5,Active (BLAminus),In,Intact,DFGin
a-csk-wtcat-holo_b-src-wtcat-py159-apo_seed-1577033_sample-3_model,a-csk-wtcat-holo_b-src-wtcat-py159-apo/seed-1577033_sample-3,model.cif,D,SRC-WT,Active (BLAminus),C-lobe Donor,A,NA,NA,NA,2.62,10.07,Intact,No Ligand,In,Packed,DFGin,BLAminus,NTin,CTin,58.68,76.17,17,NA,NA,6.81,15.32,2.9,NA,NA,NA,NA,3.11,7.75,7.27,10,4.02,8.58,3.94,3.72,3.31,3.46,0.82,0.86,10.61,10.89,10.75,a-csk-wtcat-holo_b-src-wtcat-py159-apo,"csk-wtcat-holo
src-wtcat-py159-apo",apo,"csk-wtcat-holo
src-wtcat-py159-apo",FALSE,TRUE,Apo,"csk-wtcat-holo
src-wtcat-py159-apo","csk-wtcat-holo
src-wtcat-py159-apo
[SRC = Apo]","csk-wtcat-holo
src-wtcat-py159-apo
[SRC = Apo]",State 5,Active (BLAminus),In,Intact,DFGin
a-csk-wtcat-holo_b-src-wtcat-py159-apo_seed-1577033_sample-4_model,a-csk-wtcat-holo_b-src-wtcat-py159-apo/seed-1577033_sample-4,model.cif,D,SRC-WT,Active (BLAminus),C-lobe Donor,A,NA,NA,NA,2.6,12.87,Intact,No Ligand,In,Packed,DFGin,BLAminus,NTin,CTin,59.38,74.5,18.81,NA,NA,6.86,15.74,2.69,NA,NA,NA,NA,3.09,7.69,7.32,10.03,4.04,8.56,3.94,3.79,3.35,3.45,0.83,0.86,10.78,10.67,10.72,a-csk-wtcat-holo_b-src-wtcat-py159-apo,"csk-wtcat-holo
src-wtcat-py159-apo",apo,"csk-wtcat-holo
src-wtcat-py159-apo",FALSE,TRUE,Apo,"csk-wtcat-holo
src-wtcat-py159-apo","csk-wtcat-holo
src-wtcat-py159-apo
[SRC = Apo]","csk-wtcat-holo
src-wtcat-py159-apo
[SRC = Apo]",State 5,Active (BLAminus),In,Intact,DFGin
a-csk-wtcat-holo_b-src-wtcat-py159-apo_seed-1603963_sample-0_model,a-csk-wtcat-holo_b-src-wtcat-py159-apo/seed-1603963_sample-0,model.cif,D,SRC-WT,Active (BLAminus),C-lobe Donor,A,NA,NA,NA,2.54,10.55,Intact,No Ligand,In,Packed,DFGin,BLAminus,NTin,CTin,60.1,71.87,17.27,NA,NA,6.79,15.42,2.69,NA,NA,NA,NA,3.02,7.76,7.29,10.06,4,8.59,3.9,3.71,3.41,3.46,0.82,0.86,10.63,11.04,10.84,a-csk-wtcat-holo_b-src-wtcat-py159-apo,"csk-wtcat-holo
src-wtcat-py159-apo",apo,"csk-wtcat-holo
src-wtcat-py159-apo",FALSE,TRUE,Apo,"csk-wtcat-holo
src-wtcat-py159-apo","csk-wtcat-holo
src-wtcat-py159-apo
[SRC = Apo]","csk-wtcat-holo
src-wtcat-py159-apo
[SRC = Apo]",State 5,Active (BLAminus),In,Intact,DFGin
a-csk-wtcat-holo_b-src-wtcat-py159-apo_seed-1603963_sample-1_model,a-csk-wtcat-holo_b-src-wtcat-py159-apo/seed-1603963_sample-1,model.cif,D,SRC-WT,Active (BLAminus),C-lobe Donor,A,NA,NA,NA,2.58,11.7,Intact,No Ligand,In,Packed,DFGin,BLAminus,NTin,CTin,56.68,70.33,17.05,NA,NA,6.86,15.39,2.77,NA,NA,NA,NA,3.13,7.8,7.22,9.96,4.02,8.48,3.88,3.71,3.25,3.47,0.81,0.85,11.2,11.46,11.33,a-csk-wtcat-holo_b-src-wtcat-py159-apo,"csk-wtcat-holo
src-wtcat-py159-apo",apo,"csk-wtcat-holo
src-wtcat-py159-apo",FALSE,TRUE,Apo,"csk-wtcat-holo
src-wtcat-py159-apo","csk-wtcat-holo
src-wtcat-py159-apo
[SRC = Apo]","csk-wtcat-holo
src-wtcat-py159-apo
[SRC = Apo]",State 5,Active (BLAminus),In,Intact,DFGin
a-csk-wtcat-holo_b-src-wtcat-py159-apo_seed-1603963_sample-2_model,a-csk-wtcat-holo_b-src-wtcat-py159-apo/seed-1603963_sample-2,model.cif,D,SRC-WT,Active (BLAminus),C-lobe Donor,A,NA,NA,NA,2.61,11.9,Intact,No Ligand,In,Packed,DFGin,BLAminus,NTin,CTin,58.8,73.9,16.61,NA,NA,6.82,15.28,2.84,NA,NA,NA,NA,3.1,7.75,7.27,9.97,4.04,8.58,3.83,3.77,3.33,3.43,0.81,0.85,11.02,11.4,11.21,a-csk-wtcat-holo_b-src-wtcat-py159-apo,"csk-wtcat-holo
src-wtcat-py159-apo",apo,"csk-wtcat-holo
src-wtcat-py159-apo",FALSE,TRUE,Apo,"csk-wtcat-holo
src-wtcat-py159-apo","csk-wtcat-holo
src-wtcat-py159-apo
[SRC = Apo]","csk-wtcat-holo
src-wtcat-py159-apo
[SRC = Apo]",State 5,Active (BLAminus),In,Intact,DFGin
a-csk-wtcat-holo_b-src-wtcat-py159-apo_seed-1603963_sample-3_model,a-csk-wtcat-holo_b-src-wtcat-py159-apo/seed-1603963_sample-3,model.cif,D,SRC-WT,Active (BLAminus),C-lobe Donor,A,NA,NA,NA,2.65,10.66,Intact,Intact,In,Packed,DFGin,BLAminus,NTin,CTin,59.02,75.6,16.84,12.35,128.02,6.73,15.04,2.95,6.39,2.37,2.85,3.71,3.08,3.99,7.22,10.11,4.05,8.46,3.89,3.71,3.56,3.47,0.82,0.85,11.19,12.03,11.61,a-csk-wtcat-holo_b-src-wtcat-py159-apo,"csk-wtcat-apo
src-wtcat-py159-holo",holo,"csk-wtcat-apo
src-wtcat-py159-holo",TRUE,FALSE,Holo,"csk-wtcat-apo
src-wtcat-py159-holo","csk-wtcat-apo
src-wtcat-py159-holo
[SRC = Holo]","csk-wtcat-apo
src-wtcat-py159-holo
[SRC = Holo]",State 3,Active (BLAminus),In,Intact,DFGin
a-csk-wtcat-holo_b-src-wtcat-py159-apo_seed-1603963_sample-4_model,a-csk-wtcat-holo_b-src-wtcat-py159-apo/seed-1603963_sample-4,model.cif,D,SRC-WT,Active (BLAminus),C-lobe Donor,A,NA,NA,NA,2.6,12.06,Intact,Intact,In,Packed,DFGin,BLAminus,NTin,CTin,59.76,72.17,15.6,10.6,137.82,6.7,14.92,2.85,6.13,2.06,2.62,2.64,3.08,3.96,7.25,9.99,4.12,8.55,3.83,3.42,3.27,3.56,0.82,0.85,11.49,11.71,11.6,a-csk-wtcat-holo_b-src-wtcat-py159-apo,"csk-wtcat-apo
src-wtcat-py159-holo",holo,"csk-wtcat-apo
src-wtcat-py159-holo",TRUE,FALSE,Holo,"csk-wtcat-apo
src-wtcat-py159-holo","csk-wtcat-apo
src-wtcat-py159-holo
[SRC = Holo]","csk-wtcat-apo
src-wtcat-py159-holo
[SRC = Holo]",State 7,Active (BLAminus),In,Intact,DFGin
a-csk-wtcat-holo_b-src-wtcat-py159-apo_seed-1724127_sample-0_model,a-csk-wtcat-holo_b-src-wtcat-py159-apo/seed-1724127_sample-0,model.cif,D,SRC-WT,Active (BLAminus),C-lobe Donor,A,NA,NA,NA,2.65,11,Intact,No Ligand,In,Packed,DFGin,BLAminus,NTin,CTin,60.45,76.2,16.63,NA,NA,6.62,14.94,2.83,NA,NA,NA,NA,3.12,7.82,7.26,9.98,4.02,8.49,3.87,3.74,3.55,3.46,0.83,0.87,10.08,10.23,10.16,a-csk-wtcat-holo_b-src-wtcat-py159-apo,"csk-wtcat-holo
src-wtcat-py159-apo",apo,"csk-wtcat-holo
src-wtcat-py159-apo",FALSE,TRUE,Apo,"csk-wtcat-holo
src-wtcat-py159-apo","csk-wtcat-holo
src-wtcat-py159-apo
[SRC = Apo]","csk-wtcat-holo
src-wtcat-py159-apo
[SRC = Apo]",State 5,Active (BLAminus),In,Intact,DFGin
a-csk-wtcat-holo_b-src-wtcat-py159-apo_seed-1724127_sample-1_model,a-csk-wtcat-holo_b-src-wtcat-py159-apo/seed-1724127_sample-1,model.cif,D,SRC-WT,Active (BLAminus),C-lobe Donor,A,NA,NA,NA,2.69,12.14,Intact,No Ligand,In,Packed,DFGin,BLAminus,NTin,CTin,56.24,71.88,17.33,NA,NA,6.79,15.32,2.7,NA,NA,NA,NA,3.13,7.81,7.21,10.02,4.04,8.49,3.63,3.63,3.21,3.55,0.85,0.88,9.68,9.71,9.7,a-csk-wtcat-holo_b-src-wtcat-py159-apo,"csk-wtcat-holo
src-wtcat-py159-apo",apo,"csk-wtcat-holo
src-wtcat-py159-apo",FALSE,TRUE,Apo,"csk-wtcat-holo
src-wtcat-py159-apo","csk-wtcat-holo
src-wtcat-py159-apo
[SRC = Apo]","csk-wtcat-holo
src-wtcat-py159-apo
[SRC = Apo]",State 5,Active (BLAminus),In,Intact,DFGin
a-csk-wtcat-holo_b-src-wtcat-py159-apo_seed-1724127_sample-2_model,a-csk-wtcat-holo_b-src-wtcat-py159-apo/seed-1724127_sample-2,model.cif,D,SRC-WT,Active (BLAminus),C-lobe Donor,A,NA,NA,NA,2.57,11.59,Intact,Intact,In,Packed,DFGin,BLAminus,NTin,CTin,59.92,77.34,15.46,11.42,155.76,6.6,14.59,3.13,4.23,2.21,2.45,3.16,3.12,4.03,7.24,9.93,4,8.53,4.03,3.79,3.52,3.45,0.83,0.86,10.57,10.9,10.73,a-csk-wtcat-holo_b-src-wtcat-py159-apo,"csk-wtcat-apo
src-wtcat-py159-holo",holo,"csk-wtcat-apo
src-wtcat-py159-holo",TRUE,FALSE,Holo,"csk-wtcat-apo
src-wtcat-py159-holo","csk-wtcat-apo
src-wtcat-py159-holo
[SRC = Holo]","csk-wtcat-apo
src-wtcat-py159-holo
[SRC = Holo]",State 8,Active (BLAminus),In,Intact,DFGin
a-csk-wtcat-holo_b-src-wtcat-py159-apo_seed-1724127_sample-3_model,a-csk-wtcat-holo_b-src-wtcat-py159-apo/seed-1724127_sample-3,model.cif,D,SRC-WT,Active (BLAminus),C-lobe Donor,A,NA,NA,NA,2.6,11.72,Intact,No Ligand,In,Packed,DFGin,BLAminus,NTin,CTin,59.29,72.59,16.38,NA,NA,6.7,15.15,2.73,NA,NA,NA,NA,3.11,7.81,7.22,9.96,4,8.58,3.88,3.71,3.58,3.48,0.84,0.87,9.9,10.27,10.09,a-csk-wtcat-holo_b-src-wtcat-py159-apo,"csk-wtcat-holo
src-wtcat-py159-apo",apo,"csk-wtcat-holo
src-wtcat-py159-apo",FALSE,TRUE,Apo,"csk-wtcat-holo
src-wtcat-py159-apo","csk-wtcat-holo
src-wtcat-py159-apo
[SRC = Apo]","csk-wtcat-holo
src-wtcat-py159-apo
[SRC = Apo]",State 5,Active (BLAminus),In,Intact,DFGin
a-csk-wtcat-holo_b-src-wtcat-py159-apo_seed-1724127_sample-4_model,a-csk-wtcat-holo_b-src-wtcat-py159-apo/seed-1724127_sample-4,model.cif,D,SRC-WT,Active (BLAminus),C-lobe Donor,A,NA,NA,NA,2.67,11.5,Intact,No Ligand,In,Packed,DFGin,BLAminus,NTin,CTin,59.13,77.32,16.37,NA,NA,6.7,14.93,2.78,NA,NA,NA,NA,3.12,7.77,7.25,10.02,4.04,8.49,3.95,3.57,3.24,3.58,0.84,0.87,10.03,10.36,10.2,a-csk-wtcat-holo_b-src-wtcat-py159-apo,"csk-wtcat-holo
src-wtcat-py159-apo",apo,"csk-wtcat-holo
src-wtcat-py159-apo",FALSE,TRUE,Apo,"csk-wtcat-holo
src-wtcat-py159-apo","csk-wtcat-holo
src-wtcat-py159-apo
[SRC = Apo]","csk-wtcat-holo
src-wtcat-py159-apo
[SRC = Apo]",State 5,Active (BLAminus),In,Intact,DFGin
a-csk-wtcat-holo_b-src-wtcat-py159-apo_seed-1958318_sample-0_model,a-csk-wtcat-holo_b-src-wtcat-py159-apo/seed-1958318_sample-0,model.cif,D,SRC-WT,Active (BLAminus),C-lobe Donor,A,NA,NA,NA,2.58,11.16,Intact,No Ligand,In,Packed,DFGin,BLAminus,NTin,CTin,57.7,58.17,16.4,NA,NA,6.73,14.86,2.76,NA,NA,NA,NA,3.08,7.67,7.34,9.9,4.14,8.44,3.8,3.48,3.11,3.44,0.81,0.85,10.8,11.04,10.92,a-csk-wtcat-holo_b-src-wtcat-py159-apo,"csk-wtcat-holo
src-wtcat-py159-apo",apo,"csk-wtcat-holo
src-wtcat-py159-apo",FALSE,TRUE,Apo,"csk-wtcat-holo
src-wtcat-py159-apo","csk-wtcat-holo
src-wtcat-py159-apo
[SRC = Apo]","csk-wtcat-holo
src-wtcat-py159-apo
[SRC = Apo]",State 4,Active (BLAminus),In,Intact,DFGin
a-csk-wtcat-holo_b-src-wtcat-py159-apo_seed-1958318_sample-1_model,a-csk-wtcat-holo_b-src-wtcat-py159-apo/seed-1958318_sample-1,model.cif,D,SRC-WT,Active (BLAminus),C-lobe Donor,A,NA,NA,NA,2.57,11.49,Intact,No Ligand,In,Packed,DFGin,BLAminus,NTin,CTin,59.98,77.22,17.02,NA,NA,6.58,14.72,2.71,NA,NA,NA,NA,3.09,7.76,7.26,9.97,4.01,8.44,3.88,3.76,3.4,3.47,0.82,0.85,10.65,10.73,10.69,a-csk-wtcat-holo_b-src-wtcat-py159-apo,"csk-wtcat-holo
src-wtcat-py159-apo",apo,"csk-wtcat-holo
src-wtcat-py159-apo",FALSE,TRUE,Apo,"csk-wtcat-holo
src-wtcat-py159-apo","csk-wtcat-holo
src-wtcat-py159-apo
[SRC = Apo]","csk-wtcat-holo
src-wtcat-py159-apo
[SRC = Apo]",State 5,Active (BLAminus),In,Intact,DFGin
a-csk-wtcat-holo_b-src-wtcat-py159-apo_seed-1958318_sample-2_model,a-csk-wtcat-holo_b-src-wtcat-py159-apo/seed-1958318_sample-2,model.cif,D,SRC-WT,Active (BLAminus),C-lobe Donor,A,NA,NA,NA,2.59,11.61,Intact,No Ligand,In,Packed,DFGin,BLAminus,NTin,CTin,57.87,61.6,17.34,NA,NA,6.72,15.23,2.86,NA,NA,NA,NA,3.03,7.73,7.3,9.96,4.1,8.53,3.71,3.45,3.17,3.45,0.84,0.87,10.03,10.07,10.05,a-csk-wtcat-holo_b-src-wtcat-py159-apo,"csk-wtcat-holo
src-wtcat-py159-apo",apo,"csk-wtcat-holo
src-wtcat-py159-apo",FALSE,TRUE,Apo,"csk-wtcat-holo
src-wtcat-py159-apo","csk-wtcat-holo
src-wtcat-py159-apo
[SRC = Apo]","csk-wtcat-holo
src-wtcat-py159-apo
[SRC = Apo]",State 3,Active (BLAminus),In,Intact,DFGin
a-csk-wtcat-holo_b-src-wtcat-py159-apo_seed-1958318_sample-3_model,a-csk-wtcat-holo_b-src-wtcat-py159-apo/seed-1958318_sample-3,model.cif,D,SRC-WT,Active (BLAminus),C-lobe Donor,A,NA,NA,NA,2.51,10.83,Intact,No Ligand,In,Packed,DFGin,BLAminus,NTin,CTin,61.66,59.67,16.08,NA,NA,6.79,14.95,3.04,NA,NA,NA,NA,3.08,7.8,7.34,9.99,4.16,8.58,3.79,3.51,3.34,3.44,0.84,0.87,9.78,10.06,9.92,a-csk-wtcat-holo_b-src-wtcat-py159-apo,"csk-wtcat-holo
src-wtcat-py159-apo",apo,"csk-wtcat-holo
src-wtcat-py159-apo",FALSE,TRUE,Apo,"csk-wtcat-holo
src-wtcat-py159-apo","csk-wtcat-holo
src-wtcat-py159-apo
[SRC = Apo]","csk-wtcat-holo
src-wtcat-py159-apo
[SRC = Apo]",State 1,Active (BLAminus),In,Intact,DFGin
a-csk-wtcat-holo_b-src-wtcat-py159-apo_seed-1958318_sample-4_model,a-csk-wtcat-holo_b-src-wtcat-py159-apo/seed-1958318_sample-4,model.cif,D,SRC-WT,Active (BLAminus),C-lobe Donor,A,NA,NA,NA,2.75,11.67,Intact,No Ligand,In,Packed,DFGin,BLAminus,NTin,CTin,59.79,76.88,17.02,NA,NA,6.69,15.11,2.69,NA,NA,NA,NA,3.09,7.8,7.24,9.97,4.02,8.47,3.85,3.71,3.27,3.47,0.86,0.89,8.93,9.19,9.06,a-csk-wtcat-holo_b-src-wtcat-py159-apo,"csk-wtcat-holo
src-wtcat-py159-apo",apo,"csk-wtcat-holo
src-wtcat-py159-apo",FALSE,TRUE,Apo,"csk-wtcat-holo
src-wtcat-py159-apo","csk-wtcat-holo
src-wtcat-py159-apo
[SRC = Apo]","csk-wtcat-holo
src-wtcat-py159-apo
[SRC = Apo]",State 5,Active (BLAminus),In,Intact,DFGin
a-csk-wtcat-holo_b-src-wtcat-py159-apo_seed-202266_sample-0_model,a-csk-wtcat-holo_b-src-wtcat-py159-apo/seed-202266_sample-0,model.cif,D,SRC-WT,Active (BLAminus),C-lobe Donor,A,NA,NA,NA,2.63,10.11,Intact,No Ligand,In,Packed,DFGin,BLAminus,NTin,CTin,58.06,74.85,17.32,NA,NA,6.67,15.3,2.62,NA,NA,NA,NA,3.12,7.84,7.22,10.01,4.02,8.53,3.86,3.71,3.15,3.46,0.83,0.86,10.55,10.31,10.43,a-csk-wtcat-holo_b-src-wtcat-py159-apo,"csk-wtcat-holo
src-wtcat-py159-apo",apo,"csk-wtcat-holo
src-wtcat-py159-apo",FALSE,TRUE,Apo,"csk-wtcat-holo
src-wtcat-py159-apo","csk-wtcat-holo
src-wtcat-py159-apo
[SRC = Apo]","csk-wtcat-holo
src-wtcat-py159-apo
[SRC = Apo]",State 5,Active (BLAminus),In,Intact,DFGin
a-csk-wtcat-holo_b-src-wtcat-py159-apo_seed-202266_sample-1_model,a-csk-wtcat-holo_b-src-wtcat-py159-apo/seed-202266_sample-1,model.cif,D,SRC-WT,Active (BLAminus),C-lobe Donor,A,NA,NA,NA,2.72,12.71,Intact,No Ligand,In,Packed,DFGin,BLAminus,NTin,CTin,59.05,76.37,16.91,NA,NA,6.67,15.34,2.72,NA,NA,NA,NA,3.15,7.8,7.27,9.95,3.96,8.49,3.98,3.75,3.37,3.48,0.82,0.86,10.77,10.85,10.81,a-csk-wtcat-holo_b-src-wtcat-py159-apo,"csk-wtcat-holo
src-wtcat-py159-apo",apo,"csk-wtcat-holo
src-wtcat-py159-apo",FALSE,TRUE,Apo,"csk-wtcat-holo
src-wtcat-py159-apo","csk-wtcat-holo
src-wtcat-py159-apo
[SRC = Apo]","csk-wtcat-holo
src-wtcat-py159-apo
[SRC = Apo]",State 5,Active (BLAminus),In,Intact,DFGin
a-csk-wtcat-holo_b-src-wtcat-py159-apo_seed-202266_sample-2_model,a-csk-wtcat-holo_b-src-wtcat-py159-apo/seed-202266_sample-2,model.cif,D,SRC-WT,Active (BLAminus),C-lobe Donor,A,NA,NA,NA,2.74,10.93,Intact,No Ligand,In,Packed,DFGin,BLAminus,NTin,CTin,58.86,74.71,16.77,NA,NA,6.74,15.19,2.88,NA,NA,NA,NA,3.06,7.82,7.25,10.02,4.06,8.52,3.56,3.77,3.32,3.47,0.84,0.87,10.3,10.18,10.24,a-csk-wtcat-holo_b-src-wtcat-py159-apo,"csk-wtcat-holo
src-wtcat-py159-apo",apo,"csk-wtcat-holo
src-wtcat-py159-apo",FALSE,TRUE,Apo,"csk-wtcat-holo
src-wtcat-py159-apo","csk-wtcat-holo
src-wtcat-py159-apo
[SRC = Apo]","csk-wtcat-holo
src-wtcat-py159-apo
[SRC = Apo]",State 5,Active (BLAminus),In,Intact,DFGin
a-csk-wtcat-holo_b-src-wtcat-py159-apo_seed-202266_sample-3_model,a-csk-wtcat-holo_b-src-wtcat-py159-apo/seed-202266_sample-3,model.cif,D,SRC-WT,Active (BLAminus),C-lobe Donor,A,NA,NA,NA,2.66,11.69,Intact,No Ligand,In,Packed,DFGin,BLAminus,NTin,CTin,61.56,68.09,17.61,NA,NA,6.78,15.45,2.7,NA,NA,NA,NA,3.08,7.61,7.32,9.97,4,8.52,3.89,3.74,3.24,3.44,0.84,0.87,10.11,9.95,10.03,a-csk-wtcat-holo_b-src-wtcat-py159-apo,"csk-wtcat-holo
src-wtcat-py159-apo",apo,"csk-wtcat-holo
src-wtcat-py159-apo",FALSE,TRUE,Apo,"csk-wtcat-holo
src-wtcat-py159-apo","csk-wtcat-holo
src-wtcat-py159-apo
[SRC = Apo]","csk-wtcat-holo
src-wtcat-py159-apo
[SRC = Apo]",State 5,Active (BLAminus),In,Intact,DFGin
a-csk-wtcat-holo_b-src-wtcat-py159-apo_seed-202266_sample-4_model,a-csk-wtcat-holo_b-src-wtcat-py159-apo/seed-202266_sample-4,model.cif,D,SRC-WT,Active (BLAminus),C-lobe Donor,A,NA,NA,NA,2.56,11.41,Intact,No Ligand,In,Packed,DFGin,BLAminus,NTin,CTin,59.87,76.42,16.55,NA,NA,6.7,14.96,2.92,NA,NA,NA,NA,3.06,7.73,7.3,10.02,4.03,8.53,3.9,3.75,3.32,3.45,0.83,0.86,10.62,10.61,10.61,a-csk-wtcat-holo_b-src-wtcat-py159-apo,"csk-wtcat-holo
src-wtcat-py159-apo",apo,"csk-wtcat-holo
src-wtcat-py159-apo",FALSE,TRUE,Apo,"csk-wtcat-holo
src-wtcat-py159-apo","csk-wtcat-holo
src-wtcat-py159-apo
[SRC = Apo]","csk-wtcat-holo
src-wtcat-py159-apo
[SRC = Apo]",State 5,Active (BLAminus),In,Intact,DFGin
a-csk-wtcat-holo_b-src-wtcat-py159-apo_seed-21960_sample-0_model,a-csk-wtcat-holo_b-src-wtcat-py159-apo/seed-21960_sample-0,model.cif,D,SRC-WT,Active (BLAminus),C-lobe Donor,A,NA,NA,NA,2.67,12.26,Intact,No Ligand,In,Packed,DFGin,BLAminus,NTin,CTin,63.15,69.35,17.02,NA,NA,6.75,15.33,2.93,NA,NA,NA,NA,3.12,7.82,7.3,9.96,3.99,8.57,3.69,3.78,3.18,3.49,0.85,0.88,9.33,9.76,9.54,a-csk-wtcat-holo_b-src-wtcat-py159-apo,"csk-wtcat-holo
src-wtcat-py159-apo",apo,"csk-wtcat-holo
src-wtcat-py159-apo",FALSE,TRUE,Apo,"csk-wtcat-holo
src-wtcat-py159-apo","csk-wtcat-holo
src-wtcat-py159-apo
[SRC = Apo]","csk-wtcat-holo
src-wtcat-py159-apo
[SRC = Apo]",State 5,Active (BLAminus),In,Intact,DFGin
a-csk-wtcat-holo_b-src-wtcat-py159-apo_seed-21960_sample-1_model,a-csk-wtcat-holo_b-src-wtcat-py159-apo/seed-21960_sample-1,model.cif,D,SRC-WT,Active (BLAminus),C-lobe Donor,A,NA,NA,NA,2.63,10.01,Intact,No Ligand,In,Packed,DFGin,BLAminus,NTin,CTin,59.27,73.74,17,NA,NA,6.69,15.11,2.72,NA,NA,NA,NA,3.11,7.73,7.24,9.98,4,8.45,3.85,3.72,3.42,3.46,0.83,0.86,9.96,10.6,10.28,a-csk-wtcat-holo_b-src-wtcat-py159-apo,"csk-wtcat-holo
src-wtcat-py159-apo",apo,"csk-wtcat-holo
src-wtcat-py159-apo",FALSE,TRUE,Apo,"csk-wtcat-holo
src-wtcat-py159-apo","csk-wtcat-holo
src-wtcat-py159-apo
[SRC = Apo]","csk-wtcat-holo
src-wtcat-py159-apo
[SRC = Apo]",State 5,Active (BLAminus),In,Intact,DFGin
a-csk-wtcat-holo_b-src-wtcat-py159-apo_seed-21960_sample-2_model,a-csk-wtcat-holo_b-src-wtcat-py159-apo/seed-21960_sample-2,model.cif,D,SRC-WT,Active (BLAminus),C-lobe Donor,A,NA,NA,NA,2.64,11.46,Intact,No Ligand,In,Packed,DFGin,BLAminus,NTin,CTin,58.13,74.65,16.35,NA,NA,6.82,15.22,3.03,NA,NA,NA,NA,3.11,7.81,7.24,10.02,3.98,8.5,3.93,3.74,3.36,3.46,0.85,0.87,9.87,10.02,9.95,a-csk-wtcat-holo_b-src-wtcat-py159-apo,"csk-wtcat-holo
src-wtcat-py159-apo",apo,"csk-wtcat-holo
src-wtcat-py159-apo",FALSE,TRUE,Apo,"csk-wtcat-holo
src-wtcat-py159-apo","csk-wtcat-holo
src-wtcat-py159-apo
[SRC = Apo]","csk-wtcat-holo
src-wtcat-py159-apo
[SRC = Apo]",State 5,Active (BLAminus),In,Intact,DFGin
a-csk-wtcat-holo_b-src-wtcat-py159-apo_seed-21960_sample-3_model,a-csk-wtcat-holo_b-src-wtcat-py159-apo/seed-21960_sample-3,model.cif,D,SRC-WT,Active (BLAminus),C-lobe Donor,A,NA,NA,NA,2.66,11.33,Intact,No Ligand,In,Packed,DFGin,BLAminus,NTin,CTin,57.84,73.79,17.01,NA,NA,6.89,15.48,2.71,NA,NA,NA,NA,3.11,7.73,7.22,9.99,4.02,8.54,3.81,3.69,3.21,3.45,0.87,0.89,8.66,9.14,8.9,a-csk-wtcat-holo_b-src-wtcat-py159-apo,"csk-wtcat-holo
src-wtcat-py159-apo",apo,"csk-wtcat-holo
src-wtcat-py159-apo",FALSE,TRUE,Apo,"csk-wtcat-holo
src-wtcat-py159-apo","csk-wtcat-holo
src-wtcat-py159-apo
[SRC = Apo]","csk-wtcat-holo
src-wtcat-py159-apo
[SRC = Apo]",State 5,Active (BLAminus),In,Intact,DFGin
a-csk-wtcat-holo_b-src-wtcat-py159-apo_seed-21960_sample-4_model,a-csk-wtcat-holo_b-src-wtcat-py159-apo/seed-21960_sample-4,model.cif,D,SRC-WT,Active (BLAminus),C-lobe Donor,A,NA,NA,NA,2.73,9.09,Intact,No Ligand,In,Packed,DFGin,BLAminus,NTin,CTin,59.45,74.96,16.39,NA,NA,6.77,15.17,2.76,NA,NA,NA,NA,3.12,7.74,7.24,10,4.01,8.51,3.83,3.74,3.27,3.47,0.84,0.87,9.53,10.34,9.93,a-csk-wtcat-holo_b-src-wtcat-py159-apo,"csk-wtcat-holo
src-wtcat-py159-apo",apo,"csk-wtcat-holo
src-wtcat-py159-apo",FALSE,TRUE,Apo,"csk-wtcat-holo
src-wtcat-py159-apo","csk-wtcat-holo
src-wtcat-py159-apo
[SRC = Apo]","csk-wtcat-holo
src-wtcat-py159-apo
[SRC = Apo]",State 5,Active (BLAminus),In,Intact,DFGin
a-csk-wtcat-holo_b-src-wtcat-py159-apo_seed-449680_sample-0_model,a-csk-wtcat-holo_b-src-wtcat-py159-apo/seed-449680_sample-0,model.cif,D,SRC-WT,Active (BLAminus),C-lobe Donor,A,NA,NA,NA,2.57,11.13,Intact,No Ligand,In,Packed,DFGin,BLAminus,NTin,CTin,59.92,77.52,17.15,NA,NA,6.72,15.14,2.95,NA,NA,NA,NA,3.05,7.72,7.25,9.99,4,8.48,3.58,3.7,3.03,3.47,0.83,0.86,10.24,10.28,10.26,a-csk-wtcat-holo_b-src-wtcat-py159-apo,"csk-wtcat-holo
src-wtcat-py159-apo",apo,"csk-wtcat-holo
src-wtcat-py159-apo",FALSE,TRUE,Apo,"csk-wtcat-holo
src-wtcat-py159-apo","csk-wtcat-holo
src-wtcat-py159-apo
[SRC = Apo]","csk-wtcat-holo
src-wtcat-py159-apo
[SRC = Apo]",State 5,Active (BLAminus),In,Intact,DFGin
a-csk-wtcat-holo_b-src-wtcat-py159-apo_seed-449680_sample-1_model,a-csk-wtcat-holo_b-src-wtcat-py159-apo/seed-449680_sample-1,model.cif,D,SRC-WT,Active (BLAminus),C-lobe Donor,A,NA,NA,NA,2.65,11.59,Intact,No Ligand,In,Packed,DFGin,BLAminus,NTin,CTin,59.6,76.1,16.68,NA,NA,6.78,15.23,2.76,NA,NA,NA,NA,3.1,7.75,7.25,10.04,4,8.49,3.79,3.72,3.41,3.47,0.83,0.86,10.26,10.26,10.26,a-csk-wtcat-holo_b-src-wtcat-py159-apo,"csk-wtcat-holo
src-wtcat-py159-apo",apo,"csk-wtcat-holo
src-wtcat-py159-apo",FALSE,TRUE,Apo,"csk-wtcat-holo
src-wtcat-py159-apo","csk-wtcat-holo
src-wtcat-py159-apo
[SRC = Apo]","csk-wtcat-holo
src-wtcat-py159-apo
[SRC = Apo]",State 5,Active (BLAminus),In,Intact,DFGin
a-csk-wtcat-holo_b-src-wtcat-py159-apo_seed-449680_sample-2_model,a-csk-wtcat-holo_b-src-wtcat-py159-apo/seed-449680_sample-2,model.cif,D,SRC-WT,Active (BLAminus),C-lobe Donor,A,NA,NA,NA,2.65,11.9,Intact,No Ligand,In,Packed,DFGin,BLAminus,NTin,CTin,59.32,76.88,16.69,NA,NA,6.7,15.08,2.72,NA,NA,NA,NA,3.08,7.81,7.31,10.01,4.03,8.51,4,3.75,3.45,3.46,0.83,0.86,10.45,10.26,10.36,a-csk-wtcat-holo_b-src-wtcat-py159-apo,"csk-wtcat-holo
src-wtcat-py159-apo",apo,"csk-wtcat-holo
src-wtcat-py159-apo",FALSE,TRUE,Apo,"csk-wtcat-holo
src-wtcat-py159-apo","csk-wtcat-holo
src-wtcat-py159-apo
[SRC = Apo]","csk-wtcat-holo
src-wtcat-py159-apo
[SRC = Apo]",State 5,Active (BLAminus),In,Intact,DFGin
a-csk-wtcat-holo_b-src-wtcat-py159-apo_seed-449680_sample-3_model,a-csk-wtcat-holo_b-src-wtcat-py159-apo/seed-449680_sample-3,model.cif,D,SRC-WT,Active (BLAminus),C-lobe Donor,A,NA,NA,NA,2.66,12.54,Intact,No Ligand,In,Packed,DFGin,BLAminus,NTin,CTin,59.35,74.25,17.12,NA,NA,6.67,15.04,2.8,NA,NA,NA,NA,3.07,7.79,7.28,10,4.03,8.46,3.96,3.77,3.41,3.48,0.82,0.85,10.79,10.82,10.8,a-csk-wtcat-holo_b-src-wtcat-py159-apo,"csk-wtcat-holo
src-wtcat-py159-apo",apo,"csk-wtcat-holo
src-wtcat-py159-apo",FALSE,TRUE,Apo,"csk-wtcat-holo
src-wtcat-py159-apo","csk-wtcat-holo
src-wtcat-py159-apo
[SRC = Apo]","csk-wtcat-holo
src-wtcat-py159-apo
[SRC = Apo]",State 5,Active (BLAminus),In,Intact,DFGin
a-csk-wtcat-holo_b-src-wtcat-py159-apo_seed-449680_sample-4_model,a-csk-wtcat-holo_b-src-wtcat-py159-apo/seed-449680_sample-4,model.cif,D,SRC-WT,Active (BLAminus),C-lobe Donor,A,NA,NA,NA,2.6,11.97,Intact,Intact,In,Packed,DFGin,BLAminus,NTin,CTin,59.03,76.88,17.15,11.97,127.64,6.55,14.85,2.97,5.84,2.01,2.77,4.93,3.08,3.98,7.25,9.96,4.02,8.51,3.97,3.8,3.25,3.48,0.83,0.86,10.92,11.24,11.08,a-csk-wtcat-holo_b-src-wtcat-py159-apo,"csk-wtcat-apo
src-wtcat-py159-holo",holo,"csk-wtcat-apo
src-wtcat-py159-holo",TRUE,FALSE,Holo,"csk-wtcat-apo
src-wtcat-py159-holo","csk-wtcat-apo
src-wtcat-py159-holo
[SRC = Holo]","csk-wtcat-apo
src-wtcat-py159-holo
[SRC = Holo]",State 8,Active (BLAminus),In,Intact,DFGin
a-csk-wtcat-holo_b-src-wtcat-py159-apo_seed-621293_sample-0_model,a-csk-wtcat-holo_b-src-wtcat-py159-apo/seed-621293_sample-0,model.cif,D,SRC-WT,Active (BLAminus),C-lobe Donor,A,NA,NA,NA,2.64,11.44,Intact,No Ligand,In,Packed,DFGin,BLAminus,NTin,CTin,58.61,75.7,17.33,NA,NA,6.76,15.25,2.71,NA,NA,NA,NA,3,7.79,7.25,9.97,4.06,8.47,3.81,3.69,3.33,3.46,0.83,0.86,10.56,10.8,10.68,a-csk-wtcat-holo_b-src-wtcat-py159-apo,"csk-wtcat-holo
src-wtcat-py159-apo",apo,"csk-wtcat-holo
src-wtcat-py159-apo",FALSE,TRUE,Apo,"csk-wtcat-holo
src-wtcat-py159-apo","csk-wtcat-holo
src-wtcat-py159-apo
[SRC = Apo]","csk-wtcat-holo
src-wtcat-py159-apo
[SRC = Apo]",State 5,Active (BLAminus),In,Intact,DFGin
a-csk-wtcat-holo_b-src-wtcat-py159-apo_seed-621293_sample-1_model,a-csk-wtcat-holo_b-src-wtcat-py159-apo/seed-621293_sample-1,model.cif,D,SRC-WT,Active (BLAminus),C-lobe Donor,A,NA,NA,NA,2.55,9.67,Intact,No Ligand,In,Packed,DFGin,BLAminus,NTin,CTin,59.09,61.43,16.02,NA,NA,6.71,14.85,2.61,NA,NA,NA,NA,3.21,7.69,7.27,9.92,4.08,8.43,3.74,3.42,3.17,3.4,0.79,0.84,11.37,12.39,11.88,a-csk-wtcat-holo_b-src-wtcat-py159-apo,"csk-wtcat-holo
src-wtcat-py159-apo",apo,"csk-wtcat-holo
src-wtcat-py159-apo",FALSE,TRUE,Apo,"csk-wtcat-holo
src-wtcat-py159-apo","csk-wtcat-holo
src-wtcat-py159-apo
[SRC = Apo]","csk-wtcat-holo
src-wtcat-py159-apo
[SRC = Apo]",State 1,Active (BLAminus),In,Intact,DFGin
a-csk-wtcat-holo_b-src-wtcat-py159-apo_seed-621293_sample-2_model,a-csk-wtcat-holo_b-src-wtcat-py159-apo/seed-621293_sample-2,model.cif,D,SRC-WT,Active (BLAminus),C-lobe Donor,A,NA,NA,NA,2.61,11.66,Intact,Intact,In,Packed,DFGin,BLAminus,NTin,CTin,60.41,64.19,17.36,12.62,132.28,6.77,15.28,3.31,7.34,2.27,2.9,3.18,3.01,4.08,7.31,9.92,4.12,8.56,3.76,3.47,3.4,3.46,0.82,0.86,10.83,11.66,11.25,a-csk-wtcat-holo_b-src-wtcat-py159-apo,"csk-wtcat-apo
src-wtcat-py159-holo",holo,"csk-wtcat-apo
src-wtcat-py159-holo",TRUE,FALSE,Holo,"csk-wtcat-apo
src-wtcat-py159-holo","csk-wtcat-apo
src-wtcat-py159-holo
[SRC = Holo]","csk-wtcat-apo
src-wtcat-py159-holo
[SRC = Holo]",State 7,Active (BLAminus),In,Intact,DFGin
a-csk-wtcat-holo_b-src-wtcat-py159-apo_seed-621293_sample-3_model,a-csk-wtcat-holo_b-src-wtcat-py159-apo/seed-621293_sample-3,model.cif,D,SRC-WT,Active (BLAminus),C-lobe Donor,A,NA,NA,NA,2.58,11.95,Intact,No Ligand,In,Packed,DFGin,BLAminus,NTin,CTin,58.41,77.94,16.45,NA,NA,6.72,15.11,2.78,NA,NA,NA,NA,3.04,7.8,7.29,9.98,4.04,8.64,3.96,3.73,3.42,3.45,0.81,0.85,10.85,11.48,11.16,a-csk-wtcat-holo_b-src-wtcat-py159-apo,"csk-wtcat-holo
src-wtcat-py159-apo",apo,"csk-wtcat-holo
src-wtcat-py159-apo",FALSE,TRUE,Apo,"csk-wtcat-holo
src-wtcat-py159-apo","csk-wtcat-holo
src-wtcat-py159-apo
[SRC = Apo]","csk-wtcat-holo
src-wtcat-py159-apo
[SRC = Apo]",State 5,Active (BLAminus),In,Intact,DFGin
a-csk-wtcat-holo_b-src-wtcat-py159-apo_seed-621293_sample-4_model,a-csk-wtcat-holo_b-src-wtcat-py159-apo/seed-621293_sample-4,model.cif,D,SRC-WT,Active (BLAminus),C-lobe Donor,A,NA,NA,NA,2.65,11.72,Intact,No Ligand,In,Packed,DFGin,BLAminus,NTin,CTin,60.37,76.16,17.65,NA,NA,6.75,15.28,3,NA,NA,NA,NA,3.13,7.8,7.27,9.99,4.03,8.52,3.96,3.74,3.52,3.44,0.83,0.86,10.45,10.88,10.66,a-csk-wtcat-holo_b-src-wtcat-py159-apo,"csk-wtcat-holo
src-wtcat-py159-apo",apo,"csk-wtcat-holo
src-wtcat-py159-apo",FALSE,TRUE,Apo,"csk-wtcat-holo
src-wtcat-py159-apo","csk-wtcat-holo
src-wtcat-py159-apo
[SRC = Apo]","csk-wtcat-holo
src-wtcat-py159-apo
[SRC = Apo]",State 5,Active (BLAminus),In,Intact,DFGin
a-csk-wtcat-holo_b-src-wtcat-py159-apo_seed-65322_sample-0_model,a-csk-wtcat-holo_b-src-wtcat-py159-apo/seed-65322_sample-0,model.cif,D,SRC-WT,Active (BLAminus),C-lobe Donor,A,NA,NA,NA,2.67,11.93,Intact,No Ligand,In,Packed,DFGin,BLAminus,NTin,CTin,59.67,74.3,17.67,NA,NA,6.82,15.58,2.96,NA,NA,NA,NA,3.04,7.75,7.24,10.02,4.03,8.59,3.68,3.63,3.48,3.47,0.83,0.86,10.55,10.85,10.7,a-csk-wtcat-holo_b-src-wtcat-py159-apo,"csk-wtcat-holo
src-wtcat-py159-apo",apo,"csk-wtcat-holo
src-wtcat-py159-apo",FALSE,TRUE,Apo,"csk-wtcat-holo
src-wtcat-py159-apo","csk-wtcat-holo
src-wtcat-py159-apo
[SRC = Apo]","csk-wtcat-holo
src-wtcat-py159-apo
[SRC = Apo]",State 5,Active (BLAminus),In,Intact,DFGin
a-csk-wtcat-holo_b-src-wtcat-py159-apo_seed-65322_sample-1_model,a-csk-wtcat-holo_b-src-wtcat-py159-apo/seed-65322_sample-1,model.cif,D,SRC-WT,Active (BLAminus),C-lobe Donor,A,NA,NA,NA,2.55,10.6,Intact,Intact,In,Packed,DFGin,BLAminus,NTin,CTin,59.78,70.31,15.88,11.42,133.11,6.75,14.94,2.83,5.82,2.12,2.51,3.19,3.11,4.05,7.28,9.95,4.13,8.47,3.89,3.44,3.3,3.48,0.79,0.84,11.98,12.53,12.25,a-csk-wtcat-holo_b-src-wtcat-py159-apo,"csk-wtcat-apo
src-wtcat-py159-holo",holo,"csk-wtcat-apo
src-wtcat-py159-holo",TRUE,FALSE,Holo,"csk-wtcat-apo
src-wtcat-py159-holo","csk-wtcat-apo
src-wtcat-py159-holo
[SRC = Holo]","csk-wtcat-apo
src-wtcat-py159-holo
[SRC = Holo]",State 7,Active (BLAminus),In,Intact,DFGin
a-csk-wtcat-holo_b-src-wtcat-py159-apo_seed-65322_sample-2_model,a-csk-wtcat-holo_b-src-wtcat-py159-apo/seed-65322_sample-2,model.cif,D,SRC-WT,Active (BLAminus),C-lobe Donor,A,NA,NA,NA,2.67,12.02,Intact,Intact,In,Packed,DFGin,BLAminus,NTin,CTin,60.46,72.75,15.85,11.46,120.42,6.81,14.97,2.95,6,2.15,2.58,3.85,3.13,4.12,7.28,10.01,4.03,8.55,3.96,3.74,3.37,3.46,0.81,0.85,11.33,12.13,11.73,a-csk-wtcat-holo_b-src-wtcat-py159-apo,"csk-wtcat-apo
src-wtcat-py159-holo",holo,"csk-wtcat-apo
src-wtcat-py159-holo",TRUE,FALSE,Holo,"csk-wtcat-apo
src-wtcat-py159-holo","csk-wtcat-apo
src-wtcat-py159-holo
[SRC = Holo]","csk-wtcat-apo
src-wtcat-py159-holo
[SRC = Holo]",State 8,Active (BLAminus),In,Intact,DFGin
a-csk-wtcat-holo_b-src-wtcat-py159-apo_seed-65322_sample-3_model,a-csk-wtcat-holo_b-src-wtcat-py159-apo/seed-65322_sample-3,model.cif,D,SRC-WT,Active (BLAminus),C-lobe Donor,A,NA,NA,NA,2.68,10.23,Intact,No Ligand,In,Packed,DFGin,BLAminus,NTin,CTin,58.72,72.68,16.48,NA,NA,6.81,15.23,2.82,NA,NA,NA,NA,3.04,7.79,7.24,10.01,4.01,8.51,3.59,3.71,2.95,3.45,0.82,0.86,10.48,10.91,10.7,a-csk-wtcat-holo_b-src-wtcat-py159-apo,"csk-wtcat-holo
src-wtcat-py159-apo",apo,"csk-wtcat-holo
src-wtcat-py159-apo",FALSE,TRUE,Apo,"csk-wtcat-holo
src-wtcat-py159-apo","csk-wtcat-holo
src-wtcat-py159-apo
[SRC = Apo]","csk-wtcat-holo
src-wtcat-py159-apo
[SRC = Apo]",State 3,Active (BLAminus),In,Intact,DFGin
a-csk-wtcat-holo_b-src-wtcat-py159-apo_seed-65322_sample-4_model,a-csk-wtcat-holo_b-src-wtcat-py159-apo/seed-65322_sample-4,model.cif,D,SRC-WT,Active (BLAminus),C-lobe Donor,A,NA,NA,NA,2.44,9.88,Intact,No Ligand,In,Packed,DFGin,BLAminus,NTin,CTin,58.81,64.91,15.6,NA,NA,6.69,14.77,2.65,NA,NA,NA,NA,3.3,7.77,7.26,9.93,4.02,8.48,3.66,3.77,3.37,3.41,0.81,0.85,10.89,11.59,11.24,a-csk-wtcat-holo_b-src-wtcat-py159-apo,"csk-wtcat-holo
src-wtcat-py159-apo",apo,"csk-wtcat-holo
src-wtcat-py159-apo",FALSE,TRUE,Apo,"csk-wtcat-holo
src-wtcat-py159-apo","csk-wtcat-holo
src-wtcat-py159-apo
[SRC = Apo]","csk-wtcat-holo
src-wtcat-py159-apo
[SRC = Apo]",State 1,Active (BLAminus),In,Intact,DFGin
a-csk-wtcat-holo_b-src-wtcat-py159-apo_seed-660539_sample-0_model,a-csk-wtcat-holo_b-src-wtcat-py159-apo/seed-660539_sample-0,model.cif,D,SRC-WT,Active (BLAminus),C-lobe Donor,A,NA,NA,NA,2.5,10.06,Intact,No Ligand,In,Packed,DFGin,BLAminus,NTin,CTin,61.12,61.76,16.47,NA,NA,6.6,14.69,2.82,NA,NA,NA,NA,3.6,7.67,7.29,9.93,4.09,8.48,3.74,3.59,3.08,3.45,0.81,0.85,10.74,11.57,11.16,a-csk-wtcat-holo_b-src-wtcat-py159-apo,"csk-wtcat-holo
src-wtcat-py159-apo",apo,"csk-wtcat-holo
src-wtcat-py159-apo",FALSE,TRUE,Apo,"csk-wtcat-holo
src-wtcat-py159-apo","csk-wtcat-holo
src-wtcat-py159-apo
[SRC = Apo]","csk-wtcat-holo
src-wtcat-py159-apo
[SRC = Apo]",State 1,Active (BLAminus),In,Intact,DFGin
a-csk-wtcat-holo_b-src-wtcat-py159-apo_seed-660539_sample-1_model,a-csk-wtcat-holo_b-src-wtcat-py159-apo/seed-660539_sample-1,model.cif,D,SRC-WT,Active (BLAminus),C-lobe Donor,A,NA,NA,NA,2.57,10.72,Intact,No Ligand,In,Packed,DFGin,BLAminus,NTin,CTin,59.61,73.17,17.17,NA,NA,6.76,15.09,2.78,NA,NA,NA,NA,3.13,7.72,7.29,9.98,4.03,8.47,3.87,3.77,3.26,3.46,0.85,0.88,9.39,9.71,9.55,a-csk-wtcat-holo_b-src-wtcat-py159-apo,"csk-wtcat-holo
src-wtcat-py159-apo",apo,"csk-wtcat-holo
src-wtcat-py159-apo",FALSE,TRUE,Apo,"csk-wtcat-holo
src-wtcat-py159-apo","csk-wtcat-holo
src-wtcat-py159-apo
[SRC = Apo]","csk-wtcat-holo
src-wtcat-py159-apo
[SRC = Apo]",State 5,Active (BLAminus),In,Intact,DFGin
a-csk-wtcat-holo_b-src-wtcat-py159-apo_seed-660539_sample-2_model,a-csk-wtcat-holo_b-src-wtcat-py159-apo/seed-660539_sample-2,model.cif,D,SRC-WT,Active (BLAminus),C-lobe Donor,A,NA,NA,NA,2.61,11.67,Intact,Intact,In,Packed,DFGin,BLAminus,NTin,CTin,61.43,74.39,16.83,12.35,131.18,6.74,15.19,2.95,6.37,2.37,3.53,3.64,3.08,4.05,7.19,10.01,4.04,8.48,3.73,3.71,3.28,3.46,0.83,0.86,11.09,11.08,11.09,a-csk-wtcat-holo_b-src-wtcat-py159-apo,"csk-wtcat-apo
src-wtcat-py159-holo",holo,"csk-wtcat-apo
src-wtcat-py159-holo",TRUE,FALSE,Holo,"csk-wtcat-apo
src-wtcat-py159-holo","csk-wtcat-apo
src-wtcat-py159-holo
[SRC = Holo]","csk-wtcat-apo
src-wtcat-py159-holo
[SRC = Holo]",State 3,Active (BLAminus),In,Intact,DFGin
a-csk-wtcat-holo_b-src-wtcat-py159-apo_seed-660539_sample-3_model,a-csk-wtcat-holo_b-src-wtcat-py159-apo/seed-660539_sample-3,model.cif,D,SRC-WT,Active (BLAminus),C-lobe Donor,A,NA,NA,NA,2.62,11.39,Intact,No Ligand,In,Packed,DFGin,BLAminus,NTin,CTin,59.42,77.96,17.81,NA,NA,6.71,15.57,3.62,NA,NA,NA,NA,3.06,7.65,7.27,9.95,3.93,8.45,3.9,3.78,3.23,3.47,0.86,0.88,9.47,9.68,9.57,a-csk-wtcat-holo_b-src-wtcat-py159-apo,"csk-wtcat-holo
src-wtcat-py159-apo",apo,"csk-wtcat-holo
src-wtcat-py159-apo",FALSE,TRUE,Apo,"csk-wtcat-holo
src-wtcat-py159-apo","csk-wtcat-holo
src-wtcat-py159-apo
[SRC = Apo]","csk-wtcat-holo
src-wtcat-py159-apo
[SRC = Apo]",State 5,Active (BLAminus),In,Intact,DFGin
a-csk-wtcat-holo_b-src-wtcat-py159-apo_seed-660539_sample-4_model,a-csk-wtcat-holo_b-src-wtcat-py159-apo/seed-660539_sample-4,model.cif,D,SRC-WT,Active (BLAminus),C-lobe Donor,A,NA,NA,NA,2.65,11.47,Intact,No Ligand,In,Packed,DFGin,BLAminus,NTin,CTin,57.47,77.45,17,NA,NA,6.77,15.34,3.07,NA,NA,NA,NA,3.12,7.8,7.16,9.92,4.15,8.53,3.79,3.42,3.13,3.5,0.86,0.89,8.48,9.45,8.96,a-csk-wtcat-holo_b-src-wtcat-py159-apo,"csk-wtcat-holo
src-wtcat-py159-apo",apo,"csk-wtcat-holo
src-wtcat-py159-apo",FALSE,TRUE,Apo,"csk-wtcat-holo
src-wtcat-py159-apo","csk-wtcat-holo
src-wtcat-py159-apo
[SRC = Apo]","csk-wtcat-holo
src-wtcat-py159-apo
[SRC = Apo]",State 7,Active (BLAminus),In,Intact,DFGin
a-csk-wtcat-holo_b-src-wtcat-py159-apo_seed-771525_sample-0_model,a-csk-wtcat-holo_b-src-wtcat-py159-apo/seed-771525_sample-0,model.cif,D,SRC-WT,Active (BLAminus),C-lobe Donor,A,NA,NA,NA,2.52,12.01,Intact,No Ligand,In,Packed,DFGin,BLAminus,NTin,CTin,56.84,57.86,16.64,NA,NA,6.89,15.25,2.76,NA,NA,NA,NA,3.04,7.75,7.29,9.96,4.12,8.5,3.63,3.41,3.47,3.42,0.81,0.85,10.96,11.42,11.19,a-csk-wtcat-holo_b-src-wtcat-py159-apo,"csk-wtcat-holo
src-wtcat-py159-apo",apo,"csk-wtcat-holo
src-wtcat-py159-apo",FALSE,TRUE,Apo,"csk-wtcat-holo
src-wtcat-py159-apo","csk-wtcat-holo
src-wtcat-py159-apo
[SRC = Apo]","csk-wtcat-holo
src-wtcat-py159-apo
[SRC = Apo]",State 1,Active (BLAminus),In,Intact,DFGin
a-csk-wtcat-holo_b-src-wtcat-py159-apo_seed-771525_sample-1_model,a-csk-wtcat-holo_b-src-wtcat-py159-apo/seed-771525_sample-1,model.cif,D,SRC-WT,Active (BLAminus),C-lobe Donor,A,NA,NA,NA,2.58,11.86,Intact,No Ligand,In,Packed,DFGin,BLAminus,NTin,CTin,58.8,76.79,16.97,NA,NA,6.75,15.25,2.83,NA,NA,NA,NA,3.1,7.78,7.23,10.02,4.01,8.55,3.87,3.78,3.57,3.47,0.83,0.86,10.55,10.68,10.62,a-csk-wtcat-holo_b-src-wtcat-py159-apo,"csk-wtcat-holo
src-wtcat-py159-apo",apo,"csk-wtcat-holo
src-wtcat-py159-apo",FALSE,TRUE,Apo,"csk-wtcat-holo
src-wtcat-py159-apo","csk-wtcat-holo
src-wtcat-py159-apo
[SRC = Apo]","csk-wtcat-holo
src-wtcat-py159-apo
[SRC = Apo]",State 5,Active (BLAminus),In,Intact,DFGin
a-csk-wtcat-holo_b-src-wtcat-py159-apo_seed-771525_sample-2_model,a-csk-wtcat-holo_b-src-wtcat-py159-apo/seed-771525_sample-2,model.cif,D,SRC-WT,Active (BLAminus),C-lobe Donor,A,NA,NA,NA,2.64,11.57,Intact,No Ligand,In,Packed,DFGin,BLAminus,NTin,CTin,60,76.79,16.29,NA,NA,6.83,15.09,2.74,NA,NA,NA,NA,3.06,7.84,7.29,10.01,4.05,8.66,3.95,3.71,3.53,3.46,0.83,0.86,10.47,10.65,10.56,a-csk-wtcat-holo_b-src-wtcat-py159-apo,"csk-wtcat-holo
src-wtcat-py159-apo",apo,"csk-wtcat-holo
src-wtcat-py159-apo",FALSE,TRUE,Apo,"csk-wtcat-holo
src-wtcat-py159-apo","csk-wtcat-holo
src-wtcat-py159-apo
[SRC = Apo]","csk-wtcat-holo
src-wtcat-py159-apo
[SRC = Apo]",State 5,Active (BLAminus),In,Intact,DFGin
a-csk-wtcat-holo_b-src-wtcat-py159-apo_seed-771525_sample-3_model,a-csk-wtcat-holo_b-src-wtcat-py159-apo/seed-771525_sample-3,model.cif,D,SRC-WT,Active (BLAminus),C-lobe Donor,A,NA,NA,NA,2.63,10.92,Intact,No Ligand,In,Packed,DFGin,BLAminus,NTin,CTin,60.06,76.74,17.1,NA,NA,6.71,15.16,2.67,NA,NA,NA,NA,3.08,7.83,7.26,10,4.18,8.52,3.92,3.47,3.32,3.46,0.82,0.86,10.87,10.73,10.8,a-csk-wtcat-holo_b-src-wtcat-py159-apo,"csk-wtcat-holo
src-wtcat-py159-apo",apo,"csk-wtcat-holo
src-wtcat-py159-apo",FALSE,TRUE,Apo,"csk-wtcat-holo
src-wtcat-py159-apo","csk-wtcat-holo
src-wtcat-py159-apo
[SRC = Apo]","csk-wtcat-holo
src-wtcat-py159-apo
[SRC = Apo]",State 3,Active (BLAminus),In,Intact,DFGin
a-csk-wtcat-holo_b-src-wtcat-py159-apo_seed-771525_sample-4_model,a-csk-wtcat-holo_b-src-wtcat-py159-apo/seed-771525_sample-4,model.cif,D,SRC-WT,Active (BLAminus),C-lobe Donor,A,NA,NA,NA,2.65,9.86,Intact,Intact,In,Packed,DFGin,BLAminus,NTin,CTin,60.72,73.8,15.29,10.91,131.73,6.84,14.91,2.66,5.34,2.01,2.56,2.93,3.14,3.93,7.31,10,4.06,8.57,3.92,3.76,3.27,3.49,0.82,0.85,11.41,11.89,11.65,a-csk-wtcat-holo_b-src-wtcat-py159-apo,"csk-wtcat-apo
src-wtcat-py159-holo",holo,"csk-wtcat-apo
src-wtcat-py159-holo",TRUE,FALSE,Holo,"csk-wtcat-apo
src-wtcat-py159-holo","csk-wtcat-apo
src-wtcat-py159-holo
[SRC = Holo]","csk-wtcat-apo
src-wtcat-py159-holo
[SRC = Holo]",State 8,Active (BLAminus),In,Intact,DFGin
a-csk-wtcat-holo_b-src-wtcat-py159-apo_seed-78581_sample-0_model,a-csk-wtcat-holo_b-src-wtcat-py159-apo/seed-78581_sample-0,model.cif,D,SRC-WT,Active (BLAminus),C-lobe Donor,A,NA,NA,NA,2.55,10.95,Intact,Intact,In,Packed,DFGin,BLAminus,NTin,CTin,59.82,60.53,15.31,10.55,117.36,6.64,14.66,2.64,5.93,2.14,3.03,3.03,3.11,4.48,7.23,9.91,4.13,8.55,3.7,3.43,3.17,3.43,0.81,0.85,11.33,11.82,11.57,a-csk-wtcat-holo_b-src-wtcat-py159-apo,"csk-wtcat-apo
src-wtcat-py159-holo",holo,"csk-wtcat-apo
src-wtcat-py159-holo",TRUE,FALSE,Holo,"csk-wtcat-apo
src-wtcat-py159-holo","csk-wtcat-apo
src-wtcat-py159-holo
[SRC = Holo]","csk-wtcat-apo
src-wtcat-py159-holo
[SRC = Holo]",State 4,Active (BLAminus),In,Intact,DFGin
a-csk-wtcat-holo_b-src-wtcat-py159-apo_seed-78581_sample-1_model,a-csk-wtcat-holo_b-src-wtcat-py159-apo/seed-78581_sample-1,model.cif,D,SRC-WT,Active (BLAminus),C-lobe Donor,A,NA,NA,NA,2.56,9.19,Intact,No Ligand,In,Packed,DFGin,BLAminus,NTin,CTin,60.65,72.01,16.93,NA,NA,6.65,14.94,2.57,NA,NA,NA,NA,3.16,7.9,7.24,9.99,4.15,8.57,3.73,3.41,3.05,3.47,0.82,0.85,11,11.39,11.2,a-csk-wtcat-holo_b-src-wtcat-py159-apo,"csk-wtcat-holo
src-wtcat-py159-apo",apo,"csk-wtcat-holo
src-wtcat-py159-apo",FALSE,TRUE,Apo,"csk-wtcat-holo
src-wtcat-py159-apo","csk-wtcat-holo
src-wtcat-py159-apo
[SRC = Apo]","csk-wtcat-holo
src-wtcat-py159-apo
[SRC = Apo]",State 1,Active (BLAminus),In,Intact,DFGin
a-csk-wtcat-holo_b-src-wtcat-py159-apo_seed-78581_sample-2_model,a-csk-wtcat-holo_b-src-wtcat-py159-apo/seed-78581_sample-2,model.cif,D,SRC-WT,Active (BLAminus),C-lobe Donor,A,NA,NA,NA,2.72,11.73,Intact,Intact,In,Packed,DFGin,BLAminus,NTin,CTin,60.58,76.02,16.6,12.13,125.01,6.62,14.72,3.08,5.83,2.13,2.39,4.29,3.11,4.02,7.22,10,4.06,8.47,3.88,3.7,3.39,3.47,0.83,0.87,10.71,11.28,11,a-csk-wtcat-holo_b-src-wtcat-py159-apo,"csk-wtcat-apo
src-wtcat-py159-holo",holo,"csk-wtcat-apo
src-wtcat-py159-holo",TRUE,FALSE,Holo,"csk-wtcat-apo
src-wtcat-py159-holo","csk-wtcat-apo
src-wtcat-py159-holo
[SRC = Holo]","csk-wtcat-apo
src-wtcat-py159-holo
[SRC = Holo]",State 8,Active (BLAminus),In,Intact,DFGin
a-csk-wtcat-holo_b-src-wtcat-py159-apo_seed-78581_sample-3_model,a-csk-wtcat-holo_b-src-wtcat-py159-apo/seed-78581_sample-3,model.cif,D,SRC-WT,Active (BLAminus),C-lobe Donor,A,NA,NA,NA,2.56,12.15,Intact,No Ligand,In,Packed,DFGin,BLAminus,NTin,CTin,61.07,75.01,16.71,NA,NA,6.68,15.07,2.72,NA,NA,NA,NA,3.08,7.75,7.24,10,4.13,8.47,3.92,3.45,3.3,3.45,0.81,0.86,10.62,11.02,10.82,a-csk-wtcat-holo_b-src-wtcat-py159-apo,"csk-wtcat-holo
src-wtcat-py159-apo",apo,"csk-wtcat-holo
src-wtcat-py159-apo",FALSE,TRUE,Apo,"csk-wtcat-holo
src-wtcat-py159-apo","csk-wtcat-holo
src-wtcat-py159-apo
[SRC = Apo]","csk-wtcat-holo
src-wtcat-py159-apo
[SRC = Apo]",State 3,Active (BLAminus),In,Intact,DFGin
a-csk-wtcat-holo_b-src-wtcat-py159-apo_seed-78581_sample-4_model,a-csk-wtcat-holo_b-src-wtcat-py159-apo/seed-78581_sample-4,model.cif,D,SRC-WT,Active (BLAminus),C-lobe Donor,A,NA,NA,NA,2.62,12.92,Intact,No Ligand,In,Packed,DFGin,BLAminus,NTin,CTin,60.86,74.02,17.13,NA,NA,6.75,15.36,2.83,NA,NA,NA,NA,3.13,7.66,7.33,9.98,4.01,8.53,3.84,3.82,3.15,3.43,0.82,0.86,10.84,11.06,10.95,a-csk-wtcat-holo_b-src-wtcat-py159-apo,"csk-wtcat-holo
src-wtcat-py159-apo",apo,"csk-wtcat-holo
src-wtcat-py159-apo",FALSE,TRUE,Apo,"csk-wtcat-holo
src-wtcat-py159-apo","csk-wtcat-holo
src-wtcat-py159-apo
[SRC = Apo]","csk-wtcat-holo
src-wtcat-py159-apo
[SRC = Apo]",State 5,Active (BLAminus),In,Intact,DFGin
a-csk-wtcat-holo_b-src-wtcat-py159-apo_seed-957346_sample-0_model,a-csk-wtcat-holo_b-src-wtcat-py159-apo/seed-957346_sample-0,model.cif,D,SRC-WT,Active (BLAminus),C-lobe Donor,A,NA,NA,NA,2.6,10.34,Intact,No Ligand,In,Packed,DFGin,BLAminus,NTin,CTin,57.15,71.56,16.74,NA,NA,6.84,15.36,2.69,NA,NA,NA,NA,3.06,7.75,7.27,9.99,4.04,8.51,3.89,3.72,3.38,3.56,0.82,0.86,10.55,10.83,10.69,a-csk-wtcat-holo_b-src-wtcat-py159-apo,"csk-wtcat-holo
src-wtcat-py159-apo",apo,"csk-wtcat-holo
src-wtcat-py159-apo",FALSE,TRUE,Apo,"csk-wtcat-holo
src-wtcat-py159-apo","csk-wtcat-holo
src-wtcat-py159-apo
[SRC = Apo]","csk-wtcat-holo
src-wtcat-py159-apo
[SRC = Apo]",State 5,Active (BLAminus),In,Intact,DFGin
a-csk-wtcat-holo_b-src-wtcat-py159-apo_seed-957346_sample-1_model,a-csk-wtcat-holo_b-src-wtcat-py159-apo/seed-957346_sample-1,model.cif,D,SRC-WT,Active (BLAminus),C-lobe Donor,A,NA,NA,NA,2.6,11.05,Intact,No Ligand,In,Packed,DFGin,BLAminus,NTin,CTin,59.06,75.48,16.54,NA,NA,6.71,14.89,2.8,NA,NA,NA,NA,3.1,7.83,7.22,10.06,4.16,8.53,3.88,3.41,3.44,3.48,0.82,0.85,10.81,11.17,10.99,a-csk-wtcat-holo_b-src-wtcat-py159-apo,"csk-wtcat-holo
src-wtcat-py159-apo",apo,"csk-wtcat-holo
src-wtcat-py159-apo",FALSE,TRUE,Apo,"csk-wtcat-holo
src-wtcat-py159-apo","csk-wtcat-holo
src-wtcat-py159-apo
[SRC = Apo]","csk-wtcat-holo
src-wtcat-py159-apo
[SRC = Apo]",State 3,Active (BLAminus),In,Intact,DFGin
a-csk-wtcat-holo_b-src-wtcat-py159-apo_seed-957346_sample-2_model,a-csk-wtcat-holo_b-src-wtcat-py159-apo/seed-957346_sample-2,model.cif,D,SRC-WT,Active (BLAminus),C-lobe Donor,A,NA,NA,NA,2.64,11.05,Intact,Intact,In,Packed,DFGin,BLAminus,NTin,CTin,59.34,76.99,15.84,12,149.87,6.72,14.89,2.97,5.19,2.39,2.73,3.6,3.03,4.05,7.24,9.98,4.04,8.5,3.88,3.79,3.08,3.45,0.82,0.86,10.86,11.59,11.22,a-csk-wtcat-holo_b-src-wtcat-py159-apo,"csk-wtcat-apo
src-wtcat-py159-holo",holo,"csk-wtcat-apo
src-wtcat-py159-holo",TRUE,FALSE,Holo,"csk-wtcat-apo
src-wtcat-py159-holo","csk-wtcat-apo
src-wtcat-py159-holo
[SRC = Holo]","csk-wtcat-apo
src-wtcat-py159-holo
[SRC = Holo]",State 8,Active (BLAminus),In,Intact,DFGin
a-csk-wtcat-holo_b-src-wtcat-py159-apo_seed-957346_sample-3_model,a-csk-wtcat-holo_b-src-wtcat-py159-apo/seed-957346_sample-3,model.cif,D,SRC-WT,Active (BLAminus),C-lobe Donor,A,NA,NA,NA,2.57,11.45,Intact,Intact,In,Packed,DFGin,BLAminus,NTin,CTin,59.24,79.13,15.56,11.63,142.73,6.57,14.73,2.91,6.52,2.54,3.07,3.47,3.07,4.14,7.24,9.92,4.07,8.47,3.95,3.72,3.3,3.45,0.84,0.87,10.87,10.8,10.84,a-csk-wtcat-holo_b-src-wtcat-py159-apo,"csk-wtcat-apo
src-wtcat-py159-holo",holo,"csk-wtcat-apo
src-wtcat-py159-holo",TRUE,FALSE,Holo,"csk-wtcat-apo
src-wtcat-py159-holo","csk-wtcat-apo
src-wtcat-py159-holo
[SRC = Holo]","csk-wtcat-apo
src-wtcat-py159-holo
[SRC = Holo]",State 8,Active (BLAminus),In,Intact,DFGin
a-csk-wtcat-holo_b-src-wtcat-py159-apo_seed-957346_sample-4_model,a-csk-wtcat-holo_b-src-wtcat-py159-apo/seed-957346_sample-4,model.cif,D,SRC-WT,Active (BLAminus),C-lobe Donor,A,NA,NA,NA,2.68,10.97,Intact,No Ligand,In,Packed,DFGin,BLAminus,NTin,CTin,59.39,76.66,17.08,NA,NA,6.68,15.21,2.93,NA,NA,NA,NA,3.04,7.77,7.2,9.98,4.1,8.5,3.88,3.67,3.34,3.47,0.84,0.87,10.02,10.28,10.15,a-csk-wtcat-holo_b-src-wtcat-py159-apo,"csk-wtcat-holo
src-wtcat-py159-apo",apo,"csk-wtcat-holo
src-wtcat-py159-apo",FALSE,TRUE,Apo,"csk-wtcat-holo
src-wtcat-py159-apo","csk-wtcat-holo
src-wtcat-py159-apo
[SRC = Apo]","csk-wtcat-holo
src-wtcat-py159-apo
[SRC = Apo]",State 3,Active (BLAminus),In,Intact,DFGin
a-csk-wtcat-holo_b-src-wtcat-py159-holo_seed-10345_sample-0_model,a-csk-wtcat-holo_b-src-wtcat-py159-holo/seed-10345_sample-0,model.cif,D,SRC-WT,Active (BLAminus),C-lobe Donor,A,NA,NA,NA,2.55,11.86,Intact,Intact,In,Packed,DFGin,BLAminus,NTin,CTin,61.75,75.54,16.92,12.56,145.77,6.67,14.92,2.99,4.62,2.7,2.13,4.58,3,4.04,7.26,10.04,4.1,8.52,3.91,3.68,3.57,3.46,0.86,0.89,9.73,10.15,9.94,a-csk-wtcat-holo_b-src-wtcat-py159-holo,"csk-wtcat-holo
src-wtcat-py159-holo",holo,"csk-wtcat-holo
src-wtcat-py159-holo",FALSE,FALSE,Holo,"csk-wtcat-holo
src-wtcat-py159-holo","csk-wtcat-holo
src-wtcat-py159-holo
[SRC = Holo]","csk-wtcat-holo
src-wtcat-py159-holo
[SRC = Holo]",State 8,Active (BLAminus),In,Intact,DFGin
a-csk-wtcat-holo_b-src-wtcat-py159-holo_seed-10345_sample-1_model,a-csk-wtcat-holo_b-src-wtcat-py159-holo/seed-10345_sample-1,model.cif,D,SRC-WT,Active (BLAminus),C-lobe Donor,A,NA,NA,NA,2.62,10.65,Intact,Intact,In,Packed,DFGin,BLAminus,NTin,CTin,59.3,73.76,16.36,12.29,142.5,6.71,15.03,3,6.11,1.73,2.74,2.74,3.03,4.12,7.24,10.01,4.03,8.51,3.88,3.7,3.62,3.45,0.86,0.89,9.64,10.14,9.89,a-csk-wtcat-holo_b-src-wtcat-py159-holo,"csk-wtcat-holo
src-wtcat-py159-holo",holo,"csk-wtcat-holo
src-wtcat-py159-holo",FALSE,FALSE,Holo,"csk-wtcat-holo
src-wtcat-py159-holo","csk-wtcat-holo
src-wtcat-py159-holo
[SRC = Holo]","csk-wtcat-holo
src-wtcat-py159-holo
[SRC = Holo]",State 8,Active (BLAminus),In,Intact,DFGin
a-csk-wtcat-holo_b-src-wtcat-py159-holo_seed-10345_sample-2_model,a-csk-wtcat-holo_b-src-wtcat-py159-holo/seed-10345_sample-2,model.cif,D,SRC-WT,Active (BLAminus),C-lobe Donor,A,NA,NA,NA,2.62,12.16,Intact,Intact,In,Packed,DFGin,BLAminus,NTin,CTin,60.29,73.63,16.71,12.09,143.42,6.78,15.27,3.09,5.32,2.24,2.74,4.06,3.02,4.17,7.28,9.98,4.08,8.53,3.91,3.71,3.38,3.43,0.85,0.88,9.84,10.18,10.01,a-csk-wtcat-holo_b-src-wtcat-py159-holo,"csk-wtcat-holo
src-wtcat-py159-holo",holo,"csk-wtcat-holo
src-wtcat-py159-holo",FALSE,FALSE,Holo,"csk-wtcat-holo
src-wtcat-py159-holo","csk-wtcat-holo
src-wtcat-py159-holo
[SRC = Holo]","csk-wtcat-holo
src-wtcat-py159-holo
[SRC = Holo]",State 8,Active (BLAminus),In,Intact,DFGin
a-csk-wtcat-holo_b-src-wtcat-py159-holo_seed-10345_sample-3_model,a-csk-wtcat-holo_b-src-wtcat-py159-holo/seed-10345_sample-3,model.cif,D,SRC-WT,Active (BLAminus),C-lobe Donor,A,NA,NA,NA,2.69,11.58,Intact,Intact,In,Packed,DFGin,BLAminus,NTin,CTin,59.74,73.51,15.59,11.71,140.41,6.85,14.97,3.08,5.62,2.24,2.6,3.36,3.06,4.15,7.23,9.97,4.22,8.5,3.52,3.46,2.98,3.47,0.88,0.9,9.04,9.66,9.35,a-csk-wtcat-holo_b-src-wtcat-py159-holo,"csk-wtcat-holo
src-wtcat-py159-holo",holo,"csk-wtcat-holo
src-wtcat-py159-holo",FALSE,FALSE,Holo,"csk-wtcat-holo
src-wtcat-py159-holo","csk-wtcat-holo
src-wtcat-py159-holo
[SRC = Holo]","csk-wtcat-holo
src-wtcat-py159-holo
[SRC = Holo]",State 7,Active (BLAminus),In,Intact,DFGin
a-csk-wtcat-holo_b-src-wtcat-py159-holo_seed-10345_sample-4_model,a-csk-wtcat-holo_b-src-wtcat-py159-holo/seed-10345_sample-4,model.cif,D,SRC-WT,Active (BLAminus),C-lobe Donor,A,NA,NA,NA,2.56,12.17,Intact,Intact,In,Packed,DFGin,BLAminus,NTin,CTin,59.21,75.27,15.9,11.67,134.7,6.74,15.01,3.03,6.35,2.41,3.44,2.78,3.06,4.12,7.25,10.04,4.19,8.46,3.94,3.54,3.35,3.47,0.87,0.89,9.72,9.62,9.67,a-csk-wtcat-holo_b-src-wtcat-py159-holo,"csk-wtcat-holo
src-wtcat-py159-holo",holo,"csk-wtcat-holo
src-wtcat-py159-holo",FALSE,FALSE,Holo,"csk-wtcat-holo
src-wtcat-py159-holo","csk-wtcat-holo
src-wtcat-py159-holo
[SRC = Holo]","csk-wtcat-holo
src-wtcat-py159-holo
[SRC = Holo]",State 7,Active (BLAminus),In,Intact,DFGin
a-csk-wtcat-holo_b-src-wtcat-py159-holo_seed-1042150_sample-0_model,a-csk-wtcat-holo_b-src-wtcat-py159-holo/seed-1042150_sample-0,model.cif,D,SRC-WT,Active (BLAminus),C-lobe Donor,A,NA,NA,NA,2.63,10.67,Intact,Intact,In,Packed,DFGin,BLAminus,NTin,CTin,59.79,77.3,16.66,12.11,117.18,6.72,15.41,3.18,5.43,2.11,3.28,3.37,3.11,4.28,7.17,9.94,4.02,8.48,3.77,3.72,3.28,3.54,0.87,0.89,9.73,9.72,9.73,a-csk-wtcat-holo_b-src-wtcat-py159-holo,"csk-wtcat-holo
src-wtcat-py159-holo",holo,"csk-wtcat-holo
src-wtcat-py159-holo",FALSE,FALSE,Holo,"csk-wtcat-holo
src-wtcat-py159-holo","csk-wtcat-holo
src-wtcat-py159-holo
[SRC = Holo]","csk-wtcat-holo
src-wtcat-py159-holo
[SRC = Holo]",State 3,Active (BLAminus),In,Intact,DFGin
a-csk-wtcat-holo_b-src-wtcat-py159-holo_seed-1042150_sample-1_model,a-csk-wtcat-holo_b-src-wtcat-py159-holo/seed-1042150_sample-1,model.cif,D,SRC-WT,Active (BLAminus),C-lobe Donor,A,NA,NA,NA,2.68,9.01,Intact,Intact,In,Packed,DFGin,BLAminus,NTin,CTin,61.01,75.6,16.76,12.33,137.99,6.67,14.93,2.92,6.51,2.19,2.99,3.97,3.04,4.15,7.24,9.96,4.2,8.5,4.03,3.5,3.21,3.46,0.87,0.89,9.8,9.84,9.82,a-csk-wtcat-holo_b-src-wtcat-py159-holo,"csk-wtcat-holo
src-wtcat-py159-holo",holo,"csk-wtcat-holo
src-wtcat-py159-holo",FALSE,FALSE,Holo,"csk-wtcat-holo
src-wtcat-py159-holo","csk-wtcat-holo
src-wtcat-py159-holo
[SRC = Holo]","csk-wtcat-holo
src-wtcat-py159-holo
[SRC = Holo]",State 7,Active (BLAminus),In,Intact,DFGin
a-csk-wtcat-holo_b-src-wtcat-py159-holo_seed-1042150_sample-2_model,a-csk-wtcat-holo_b-src-wtcat-py159-holo/seed-1042150_sample-2,model.cif,D,SRC-WT,Active (BLAminus),C-lobe Donor,A,NA,NA,NA,2.62,12.02,Intact,Intact,In,Packed,DFGin,BLAminus,NTin,CTin,60.23,74.53,15.41,11.58,146.56,6.84,15.16,3.11,5.07,2.15,2.74,3.3,3.06,4.1,7.25,9.95,4.05,8.56,3.96,3.73,3.3,3.45,0.87,0.9,9.52,9.66,9.59,a-csk-wtcat-holo_b-src-wtcat-py159-holo,"csk-wtcat-holo
src-wtcat-py159-holo",holo,"csk-wtcat-holo
src-wtcat-py159-holo",FALSE,FALSE,Holo,"csk-wtcat-holo
src-wtcat-py159-holo","csk-wtcat-holo
src-wtcat-py159-holo
[SRC = Holo]","csk-wtcat-holo
src-wtcat-py159-holo
[SRC = Holo]",State 8,Active (BLAminus),In,Intact,DFGin
a-csk-wtcat-holo_b-src-wtcat-py159-holo_seed-1042150_sample-3_model,a-csk-wtcat-holo_b-src-wtcat-py159-holo/seed-1042150_sample-3,model.cif,D,SRC-WT,Active (BLAminus),C-lobe Donor,A,NA,NA,NA,2.76,11.25,Intact,Intact,In,Packed,DFGin,BLAminus,NTin,CTin,60.74,75.35,16.76,12.57,149.6,6.66,14.89,2.92,6.34,2.38,3.3,4.46,3.08,4.06,7.25,9.95,4.1,8.52,3.92,3.69,3.46,3.47,0.88,0.9,8.88,9.51,9.2,a-csk-wtcat-holo_b-src-wtcat-py159-holo,"csk-wtcat-holo
src-wtcat-py159-holo",holo,"csk-wtcat-holo
src-wtcat-py159-holo",FALSE,FALSE,Holo,"csk-wtcat-holo
src-wtcat-py159-holo","csk-wtcat-holo
src-wtcat-py159-holo
[SRC = Holo]","csk-wtcat-holo
src-wtcat-py159-holo
[SRC = Holo]",State 8,Active (BLAminus),In,Intact,DFGin
a-csk-wtcat-holo_b-src-wtcat-py159-holo_seed-1042150_sample-4_model,a-csk-wtcat-holo_b-src-wtcat-py159-holo/seed-1042150_sample-4,model.cif,D,SRC-WT,Active (BLAminus),C-lobe Donor,A,NA,NA,NA,2.67,12.06,Intact,Intact,In,Packed,DFGin,BLAminus,NTin,CTin,58.23,79.15,15.77,11.31,120.47,6.71,14.98,3.15,5.49,2.06,2.73,3.96,3.11,4.18,7.2,9.94,4.09,8.55,3.86,3.68,3.37,3.47,0.88,0.9,9.43,9.59,9.51,a-csk-wtcat-holo_b-src-wtcat-py159-holo,"csk-wtcat-holo
src-wtcat-py159-holo",holo,"csk-wtcat-holo
src-wtcat-py159-holo",FALSE,FALSE,Holo,"csk-wtcat-holo
src-wtcat-py159-holo","csk-wtcat-holo
src-wtcat-py159-holo
[SRC = Holo]","csk-wtcat-holo
src-wtcat-py159-holo
[SRC = Holo]",State 8,Active (BLAminus),In,Intact,DFGin
a-csk-wtcat-holo_b-src-wtcat-py159-holo_seed-1113276_sample-0_model,a-csk-wtcat-holo_b-src-wtcat-py159-holo/seed-1113276_sample-0,model.cif,D,SRC-WT,Active (BLAminus),C-lobe Donor,A,NA,NA,NA,2.76,11.43,Intact,Intact,In,Packed,DFGin,BLAminus,NTin,CTin,60.5,72.41,16.43,11.95,126.76,6.64,14.85,2.92,7.12,2.34,3.15,3.28,2.98,4.09,7.23,9.92,4.14,8.45,3.93,3.44,3.38,3.56,0.89,0.9,8.56,9.23,8.89,a-csk-wtcat-holo_b-src-wtcat-py159-holo,"csk-wtcat-holo
src-wtcat-py159-holo",holo,"csk-wtcat-holo
src-wtcat-py159-holo",FALSE,FALSE,Holo,"csk-wtcat-holo
src-wtcat-py159-holo","csk-wtcat-holo
src-wtcat-py159-holo
[SRC = Holo]","csk-wtcat-holo
src-wtcat-py159-holo
[SRC = Holo]",State 7,Active (BLAminus),In,Intact,DFGin
a-csk-wtcat-holo_b-src-wtcat-py159-holo_seed-1113276_sample-1_model,a-csk-wtcat-holo_b-src-wtcat-py159-holo/seed-1113276_sample-1,model.cif,D,SRC-WT,Active (BLAminus),C-lobe Donor,A,NA,NA,NA,2.63,12.04,Intact,Intact,In,Packed,DFGin,BLAminus,NTin,CTin,58.19,72.73,15.89,11.58,122.81,6.66,14.87,2.95,6.38,2.24,3.14,3.15,3.02,4.12,7.27,9.95,4.07,8.51,3.9,3.76,3.44,3.46,0.87,0.89,9.37,9.97,9.67,a-csk-wtcat-holo_b-src-wtcat-py159-holo,"csk-wtcat-holo
src-wtcat-py159-holo",holo,"csk-wtcat-holo
src-wtcat-py159-holo",FALSE,FALSE,Holo,"csk-wtcat-holo
src-wtcat-py159-holo","csk-wtcat-holo
src-wtcat-py159-holo
[SRC = Holo]","csk-wtcat-holo
src-wtcat-py159-holo
[SRC = Holo]",State 8,Active (BLAminus),In,Intact,DFGin
a-csk-wtcat-holo_b-src-wtcat-py159-holo_seed-1113276_sample-2_model,a-csk-wtcat-holo_b-src-wtcat-py159-holo/seed-1113276_sample-2,model.cif,D,SRC-WT,Active (BLAminus),C-lobe Donor,A,NA,NA,NA,2.62,11.84,Intact,Intact,In,Packed,DFGin,BLAminus,NTin,CTin,59.61,77.84,16.19,11.48,146.78,6.75,14.9,2.88,5.12,2.15,2.6,3.27,3.1,4.04,7.32,9.93,4.06,8.48,4.02,3.81,3.4,3.48,0.89,0.91,9.11,9.21,9.16,a-csk-wtcat-holo_b-src-wtcat-py159-holo,"csk-wtcat-holo
src-wtcat-py159-holo",holo,"csk-wtcat-holo
src-wtcat-py159-holo",FALSE,FALSE,Holo,"csk-wtcat-holo
src-wtcat-py159-holo","csk-wtcat-holo
src-wtcat-py159-holo
[SRC = Holo]","csk-wtcat-holo
src-wtcat-py159-holo
[SRC = Holo]",State 8,Active (BLAminus),In,Intact,DFGin
a-csk-wtcat-holo_b-src-wtcat-py159-holo_seed-1113276_sample-3_model,a-csk-wtcat-holo_b-src-wtcat-py159-holo/seed-1113276_sample-3,model.cif,D,SRC-WT,Active (BLAminus),C-lobe Donor,A,NA,NA,NA,2.72,12.38,Intact,Intact,In,Packed,DFGin,BLAminus,NTin,CTin,61.48,76.43,16.73,12.25,127.95,6.74,15.14,2.85,6.6,2.13,2.95,3.26,3.06,4.01,7.25,9.96,4.11,8.53,3.94,3.67,3.21,3.49,0.88,0.9,9.11,9.58,9.34,a-csk-wtcat-holo_b-src-wtcat-py159-holo,"csk-wtcat-holo
src-wtcat-py159-holo",holo,"csk-wtcat-holo
src-wtcat-py159-holo",FALSE,FALSE,Holo,"csk-wtcat-holo
src-wtcat-py159-holo","csk-wtcat-holo
src-wtcat-py159-holo
[SRC = Holo]","csk-wtcat-holo
src-wtcat-py159-holo
[SRC = Holo]",State 8,Active (BLAminus),In,Intact,DFGin
a-csk-wtcat-holo_b-src-wtcat-py159-holo_seed-1113276_sample-4_model,a-csk-wtcat-holo_b-src-wtcat-py159-holo/seed-1113276_sample-4,model.cif,D,SRC-WT,Active (BLAminus),C-lobe Donor,A,NA,NA,NA,2.52,10.91,Intact,Intact,In,Packed,DFGin,BLAminus,NTin,CTin,59.29,74.15,16.39,12.31,127.26,6.72,14.93,2.86,5.13,2.48,2.94,4.4,3.07,4.09,7.29,9.96,4.19,8.55,3.87,3.42,3.3,3.43,0.85,0.88,10.01,10.27,10.14,a-csk-wtcat-holo_b-src-wtcat-py159-holo,"csk-wtcat-holo
src-wtcat-py159-holo",holo,"csk-wtcat-holo
src-wtcat-py159-holo",FALSE,FALSE,Holo,"csk-wtcat-holo
src-wtcat-py159-holo","csk-wtcat-holo
src-wtcat-py159-holo
[SRC = Holo]","csk-wtcat-holo
src-wtcat-py159-holo
[SRC = Holo]",State 4,Active (BLAminus),In,Intact,DFGin
a-csk-wtcat-holo_b-src-wtcat-py159-holo_seed-1164440_sample-0_model,a-csk-wtcat-holo_b-src-wtcat-py159-holo/seed-1164440_sample-0,model.cif,D,SRC-WT,Active (BLAminus),C-lobe Donor,A,NA,NA,NA,2.63,10.37,Intact,Intact,In,Packed,DFGin,BLAminus,NTin,CTin,59.41,73.83,16.52,10.02,136.74,6.64,14.92,2.59,5.41,2.18,2.89,3.3,2.99,4.1,7.22,9.95,4.04,8.52,3.86,3.68,3.33,3.54,0.88,0.9,9.24,9.44,9.34,a-csk-wtcat-holo_b-src-wtcat-py159-holo,"csk-wtcat-holo
src-wtcat-py159-holo",holo,"csk-wtcat-holo
src-wtcat-py159-holo",FALSE,FALSE,Holo,"csk-wtcat-holo
src-wtcat-py159-holo","csk-wtcat-holo
src-wtcat-py159-holo
[SRC = Holo]","csk-wtcat-holo
src-wtcat-py159-holo
[SRC = Holo]",State 8,Active (BLAminus),In,Intact,DFGin
a-csk-wtcat-holo_b-src-wtcat-py159-holo_seed-1164440_sample-1_model,a-csk-wtcat-holo_b-src-wtcat-py159-holo/seed-1164440_sample-1,model.cif,D,SRC-WT,Active (BLAminus),C-lobe Donor,A,NA,NA,NA,2.63,11.06,Intact,Intact,In,Packed,DFGin,BLAminus,NTin,CTin,59.66,75.25,17.05,12.08,147.11,6.64,14.93,3.01,5.28,2.45,2.27,4.67,3.05,4.09,7.22,9.97,4.19,8.5,3.94,3.47,3.36,3.46,0.87,0.89,9.25,10.03,9.64,a-csk-wtcat-holo_b-src-wtcat-py159-holo,"csk-wtcat-holo
src-wtcat-py159-holo",holo,"csk-wtcat-holo
src-wtcat-py159-holo",FALSE,FALSE,Holo,"csk-wtcat-holo
src-wtcat-py159-holo","csk-wtcat-holo
src-wtcat-py159-holo
[SRC = Holo]","csk-wtcat-holo
src-wtcat-py159-holo
[SRC = Holo]",State 7,Active (BLAminus),In,Intact,DFGin
a-csk-wtcat-holo_b-src-wtcat-py159-holo_seed-1164440_sample-2_model,a-csk-wtcat-holo_b-src-wtcat-py159-holo/seed-1164440_sample-2,model.cif,D,SRC-WT,Active (BLAminus),C-lobe Donor,A,NA,NA,NA,2.59,10.92,Intact,Intact,In,Packed,DFGin,BLAminus,NTin,CTin,58.7,71.31,16.45,11.89,152.62,6.56,14.56,2.86,5.97,2.29,2.99,4.14,2.96,4.02,7.36,9.92,4.17,8.51,3.87,3.47,3.15,3.44,0.86,0.88,9.73,10.49,10.11,a-csk-wtcat-holo_b-src-wtcat-py159-holo,"csk-wtcat-holo
src-wtcat-py159-holo",holo,"csk-wtcat-holo
src-wtcat-py159-holo",FALSE,FALSE,Holo,"csk-wtcat-holo
src-wtcat-py159-holo","csk-wtcat-holo
src-wtcat-py159-holo
[SRC = Holo]","csk-wtcat-holo
src-wtcat-py159-holo
[SRC = Holo]",State 7,Active (BLAminus),In,Intact,DFGin
a-csk-wtcat-holo_b-src-wtcat-py159-holo_seed-1164440_sample-3_model,a-csk-wtcat-holo_b-src-wtcat-py159-holo/seed-1164440_sample-3,model.cif,D,SRC-WT,Active (BLAminus),C-lobe Donor,A,NA,NA,NA,2.57,11.64,Intact,Intact,In,Packed,DFGin,BLAminus,NTin,CTin,59.57,78.94,15.92,11.69,125.51,6.72,14.95,2.92,5.44,2.09,2.37,3.69,3.1,4.08,7.25,9.91,4.03,8.47,3.96,3.76,3.21,3.47,0.86,0.89,9.91,10.09,10,a-csk-wtcat-holo_b-src-wtcat-py159-holo,"csk-wtcat-holo
src-wtcat-py159-holo",holo,"csk-wtcat-holo
src-wtcat-py159-holo",FALSE,FALSE,Holo,"csk-wtcat-holo
src-wtcat-py159-holo","csk-wtcat-holo
src-wtcat-py159-holo
[SRC = Holo]","csk-wtcat-holo
src-wtcat-py159-holo
[SRC = Holo]",State 8,Active (BLAminus),In,Intact,DFGin
a-csk-wtcat-holo_b-src-wtcat-py159-holo_seed-1164440_sample-4_model,a-csk-wtcat-holo_b-src-wtcat-py159-holo/seed-1164440_sample-4,model.cif,D,SRC-WT,Active (BLAminus),C-lobe Donor,A,NA,NA,NA,2.53,10.86,Intact,Intact,In,Packed,DFGin,BLAminus,NTin,CTin,60.07,73.74,16.75,12.03,126.45,6.73,15.19,3.05,6.73,2.3,3.79,3.17,3.13,4.13,7.23,9.95,4.08,8.53,3.81,3.7,3.38,3.44,0.85,0.88,10.18,10.7,10.44,a-csk-wtcat-holo_b-src-wtcat-py159-holo,"csk-wtcat-holo
src-wtcat-py159-holo",holo,"csk-wtcat-holo
src-wtcat-py159-holo",FALSE,FALSE,Holo,"csk-wtcat-holo
src-wtcat-py159-holo","csk-wtcat-holo
src-wtcat-py159-holo
[SRC = Holo]","csk-wtcat-holo
src-wtcat-py159-holo
[SRC = Holo]",State 3,Active (BLAminus),In,Intact,DFGin
a-csk-wtcat-holo_b-src-wtcat-py159-holo_seed-1169475_sample-0_model,a-csk-wtcat-holo_b-src-wtcat-py159-holo/seed-1169475_sample-0,model.cif,D,SRC-WT,Active (BLAminus),C-lobe Donor,A,NA,NA,NA,2.7,12.21,Intact,Intact,In,Packed,DFGin,BLAminus,NTin,CTin,60.17,76.54,16.46,12.12,143.47,6.67,14.92,3.1,6.57,2.19,3.25,3.92,3.08,4.13,7.28,9.96,4.05,8.58,4.01,3.77,3.43,3.48,0.87,0.89,9.12,9.87,9.49,a-csk-wtcat-holo_b-src-wtcat-py159-holo,"csk-wtcat-holo
src-wtcat-py159-holo",holo,"csk-wtcat-holo
src-wtcat-py159-holo",FALSE,FALSE,Holo,"csk-wtcat-holo
src-wtcat-py159-holo","csk-wtcat-holo
src-wtcat-py159-holo
[SRC = Holo]","csk-wtcat-holo
src-wtcat-py159-holo
[SRC = Holo]",State 8,Active (BLAminus),In,Intact,DFGin
a-csk-wtcat-holo_b-src-wtcat-py159-holo_seed-1169475_sample-1_model,a-csk-wtcat-holo_b-src-wtcat-py159-holo/seed-1169475_sample-1,model.cif,D,SRC-WT,Active (BLAminus),C-lobe Donor,A,NA,NA,NA,2.64,12.14,Intact,Intact,In,Packed,DFGin,BLAminus,NTin,CTin,59.39,76.73,16.94,12.01,128.97,6.66,14.98,2.82,5.72,1.9,3.35,4.95,3.09,4.01,7.24,9.95,4.06,8.52,3.9,3.68,3.33,3.49,0.89,0.91,8.83,8.91,8.87,a-csk-wtcat-holo_b-src-wtcat-py159-holo,"csk-wtcat-holo
src-wtcat-py159-holo",holo,"csk-wtcat-holo
src-wtcat-py159-holo",FALSE,FALSE,Holo,"csk-wtcat-holo
src-wtcat-py159-holo","csk-wtcat-holo
src-wtcat-py159-holo
[SRC = Holo]","csk-wtcat-holo
src-wtcat-py159-holo
[SRC = Holo]",State 8,Active (BLAminus),In,Intact,DFGin
a-csk-wtcat-holo_b-src-wtcat-py159-holo_seed-1169475_sample-2_model,a-csk-wtcat-holo_b-src-wtcat-py159-holo/seed-1169475_sample-2,model.cif,D,SRC-WT,Active (BLAminus),C-lobe Donor,A,NA,NA,NA,2.79,12.46,Intact,Intact,In,Packed,DFGin,BLAminus,NTin,CTin,59.31,74.81,16.24,11.75,133.98,6.69,15.15,3.13,6.83,2.09,3.56,3.05,3.07,4.18,7.18,9.93,4.08,8.49,3.74,3.62,3.48,3.48,0.88,0.9,8.99,9.46,9.23,a-csk-wtcat-holo_b-src-wtcat-py159-holo,"csk-wtcat-holo
src-wtcat-py159-holo",holo,"csk-wtcat-holo
src-wtcat-py159-holo",FALSE,FALSE,Holo,"csk-wtcat-holo
src-wtcat-py159-holo","csk-wtcat-holo
src-wtcat-py159-holo
[SRC = Holo]","csk-wtcat-holo
src-wtcat-py159-holo
[SRC = Holo]",State 7,Active (BLAminus),In,Intact,DFGin
a-csk-wtcat-holo_b-src-wtcat-py159-holo_seed-1169475_sample-3_model,a-csk-wtcat-holo_b-src-wtcat-py159-holo/seed-1169475_sample-3,model.cif,D,SRC-WT,Active (BLAminus),C-lobe Donor,A,NA,NA,NA,2.72,11.42,Intact,Intact,In,Packed,DFGin,BLAminus,NTin,CTin,59.07,77.01,16.3,12.19,143.42,6.76,15,3.05,5.31,2.3,3.04,4.58,3.06,4.08,7.27,10.01,4.12,8.49,3.95,3.68,3.46,3.47,0.88,0.9,8.78,9.52,9.15,a-csk-wtcat-holo_b-src-wtcat-py159-holo,"csk-wtcat-holo
src-wtcat-py159-holo",holo,"csk-wtcat-holo
src-wtcat-py159-holo",FALSE,FALSE,Holo,"csk-wtcat-holo
src-wtcat-py159-holo","csk-wtcat-holo
src-wtcat-py159-holo
[SRC = Holo]","csk-wtcat-holo
src-wtcat-py159-holo
[SRC = Holo]",State 8,Active (BLAminus),In,Intact,DFGin
a-csk-wtcat-holo_b-src-wtcat-py159-holo_seed-1169475_sample-4_model,a-csk-wtcat-holo_b-src-wtcat-py159-holo/seed-1169475_sample-4,model.cif,D,SRC-WT,Active (BLAminus),C-lobe Donor,A,NA,NA,NA,2.64,12.32,Intact,Intact,In,Packed,DFGin,BLAminus,NTin,CTin,59.73,76.23,17.17,12.5,125.99,6.75,15.08,2.76,7.08,2.31,3.05,3.33,3.1,4.1,7.3,9.96,4.18,8.53,3.92,3.4,3.28,3.47,0.87,0.89,9.28,9.72,9.5,a-csk-wtcat-holo_b-src-wtcat-py159-holo,"csk-wtcat-holo
src-wtcat-py159-holo",holo,"csk-wtcat-holo
src-wtcat-py159-holo",FALSE,FALSE,Holo,"csk-wtcat-holo
src-wtcat-py159-holo","csk-wtcat-holo
src-wtcat-py159-holo
[SRC = Holo]","csk-wtcat-holo
src-wtcat-py159-holo
[SRC = Holo]",State 7,Active (BLAminus),In,Intact,DFGin
a-csk-wtcat-holo_b-src-wtcat-py159-holo_seed-1217163_sample-0_model,a-csk-wtcat-holo_b-src-wtcat-py159-holo/seed-1217163_sample-0,model.cif,D,SRC-WT,Active (BLAminus),C-lobe Donor,A,NA,NA,NA,2.58,11.65,Intact,Intact,In,Packed,DFGin,BLAminus,NTin,CTin,59.07,78.17,16.39,12.05,135.7,6.58,14.8,3.04,6.44,2.32,2.89,3.23,3.06,4.15,7.17,9.96,4.15,8.43,3.83,3.43,3.27,3.47,0.87,0.9,9.27,9.72,9.5,a-csk-wtcat-holo_b-src-wtcat-py159-holo,"csk-wtcat-holo
src-wtcat-py159-holo",holo,"csk-wtcat-holo
src-wtcat-py159-holo",FALSE,FALSE,Holo,"csk-wtcat-holo
src-wtcat-py159-holo","csk-wtcat-holo
src-wtcat-py159-holo
[SRC = Holo]","csk-wtcat-holo
src-wtcat-py159-holo
[SRC = Holo]",State 7,Active (BLAminus),In,Intact,DFGin
a-csk-wtcat-holo_b-src-wtcat-py159-holo_seed-1217163_sample-1_model,a-csk-wtcat-holo_b-src-wtcat-py159-holo/seed-1217163_sample-1,model.cif,D,SRC-WT,Active (BLAminus),C-lobe Donor,A,NA,NA,NA,2.59,11.46,Intact,Intact,In,Packed,DFGin,BLAminus,NTin,CTin,59.2,80.11,16.49,12.3,116.62,6.67,14.93,2.9,6.91,1.89,3.24,3.36,3.03,4.04,7.13,10.01,4.24,8.55,3.82,3.42,3.2,3.5,0.88,0.9,9.42,9.26,9.34,a-csk-wtcat-holo_b-src-wtcat-py159-holo,"csk-wtcat-holo
src-wtcat-py159-holo",holo,"csk-wtcat-holo
src-wtcat-py159-holo",FALSE,FALSE,Holo,"csk-wtcat-holo
src-wtcat-py159-holo","csk-wtcat-holo
src-wtcat-py159-holo
[SRC = Holo]","csk-wtcat-holo
src-wtcat-py159-holo
[SRC = Holo]",State 7,Active (BLAminus),In,Intact,DFGin
a-csk-wtcat-holo_b-src-wtcat-py159-holo_seed-1217163_sample-2_model,a-csk-wtcat-holo_b-src-wtcat-py159-holo/seed-1217163_sample-2,model.cif,D,SRC-WT,Active (BLAminus),C-lobe Donor,A,NA,NA,NA,2.62,11.86,Intact,Intact,In,Packed,DFGin,BLAminus,NTin,CTin,57.6,72.33,16.82,12.61,148.64,6.67,14.84,2.92,4.95,1.89,2.63,5.07,3.09,4.05,7.29,10,4.07,8.51,3.97,3.69,3.4,3.48,0.88,0.9,9.35,9.3,9.32,a-csk-wtcat-holo_b-src-wtcat-py159-holo,"csk-wtcat-holo
src-wtcat-py159-holo",holo,"csk-wtcat-holo
src-wtcat-py159-holo",FALSE,FALSE,Holo,"csk-wtcat-holo
src-wtcat-py159-holo","csk-wtcat-holo
src-wtcat-py159-holo
[SRC = Holo]","csk-wtcat-holo
src-wtcat-py159-holo
[SRC = Holo]",State 8,Active (BLAminus),In,Intact,DFGin
a-csk-wtcat-holo_b-src-wtcat-py159-holo_seed-1217163_sample-3_model,a-csk-wtcat-holo_b-src-wtcat-py159-holo/seed-1217163_sample-3,model.cif,D,SRC-WT,Active (BLAminus),C-lobe Donor,A,NA,NA,NA,2.69,11.55,Intact,Intact,In,Packed,DFGin,BLAminus,NTin,CTin,60.6,76.09,16.28,11.59,139.11,6.59,14.81,3.14,5.01,1.46,2.34,4.89,3.07,4.14,7.25,9.96,4.15,8.57,3.9,3.46,3.46,3.49,0.88,0.9,8.76,9.2,8.98,a-csk-wtcat-holo_b-src-wtcat-py159-holo,"csk-wtcat-holo
src-wtcat-py159-holo",holo,"csk-wtcat-holo
src-wtcat-py159-holo",FALSE,FALSE,Holo,"csk-wtcat-holo
src-wtcat-py159-holo","csk-wtcat-holo
src-wtcat-py159-holo
[SRC = Holo]","csk-wtcat-holo
src-wtcat-py159-holo
[SRC = Holo]",State 7,Active (BLAminus),In,Intact,DFGin
a-csk-wtcat-holo_b-src-wtcat-py159-holo_seed-1217163_sample-4_model,a-csk-wtcat-holo_b-src-wtcat-py159-holo/seed-1217163_sample-4,model.cif,D,SRC-WT,Active (BLAminus),C-lobe Donor,A,NA,NA,NA,2.69,11.86,Intact,Intact,In,Packed,DFGin,BLAminus,NTin,CTin,60.31,75.03,14.9,11.22,136.4,6.75,14.78,2.65,5.59,2.44,2.44,2.79,3.09,4.21,7.21,10,4.1,8.47,3.9,3.72,3.38,3.49,0.87,0.89,9.21,9.89,9.55,a-csk-wtcat-holo_b-src-wtcat-py159-holo,"csk-wtcat-holo
src-wtcat-py159-holo",holo,"csk-wtcat-holo
src-wtcat-py159-holo",FALSE,FALSE,Holo,"csk-wtcat-holo
src-wtcat-py159-holo","csk-wtcat-holo
src-wtcat-py159-holo
[SRC = Holo]","csk-wtcat-holo
src-wtcat-py159-holo
[SRC = Holo]",State 8,Active (BLAminus),In,Intact,DFGin
a-csk-wtcat-holo_b-src-wtcat-py159-holo_seed-141966_sample-0_model,a-csk-wtcat-holo_b-src-wtcat-py159-holo/seed-141966_sample-0,model.cif,D,SRC-WT,Active (BLAminus),C-lobe Donor,A,NA,NA,NA,2.63,10,Intact,Intact,In,Packed,DFGin,BLAminus,NTin,CTin,59.93,77.96,17.16,10.18,135.69,6.59,14.75,3,6.66,2.53,2.67,3.82,3.06,4.13,7.3,9.97,4.07,8.48,3.73,3.75,3.95,3.5,0.9,0.91,8.87,8.81,8.84,a-csk-wtcat-holo_b-src-wtcat-py159-holo,"csk-wtcat-holo
src-wtcat-py159-holo",holo,"csk-wtcat-holo
src-wtcat-py159-holo",FALSE,FALSE,Holo,"csk-wtcat-holo
src-wtcat-py159-holo","csk-wtcat-holo
src-wtcat-py159-holo
[SRC = Holo]","csk-wtcat-holo
src-wtcat-py159-holo
[SRC = Holo]",State 8,Active (BLAminus),In,Intact,DFGin
a-csk-wtcat-holo_b-src-wtcat-py159-holo_seed-141966_sample-1_model,a-csk-wtcat-holo_b-src-wtcat-py159-holo/seed-141966_sample-1,model.cif,D,SRC-WT,Active (BLAminus),C-lobe Donor,A,NA,NA,NA,2.66,9.78,Intact,Intact,In,Packed,DFGin,BLAminus,NTin,CTin,59.62,78.68,15.73,11.53,154.72,6.57,14.6,2.88,6.4,2.07,2.56,3.38,3.07,4.13,7.22,9.95,4.04,8.43,3.85,3.72,3.24,3.49,0.88,0.9,9.42,9.3,9.36,a-csk-wtcat-holo_b-src-wtcat-py159-holo,"csk-wtcat-holo
src-wtcat-py159-holo",holo,"csk-wtcat-holo
src-wtcat-py159-holo",FALSE,FALSE,Holo,"csk-wtcat-holo
src-wtcat-py159-holo","csk-wtcat-holo
src-wtcat-py159-holo
[SRC = Holo]","csk-wtcat-holo
src-wtcat-py159-holo
[SRC = Holo]",State 8,Active (BLAminus),In,Intact,DFGin
a-csk-wtcat-holo_b-src-wtcat-py159-holo_seed-141966_sample-2_model,a-csk-wtcat-holo_b-src-wtcat-py159-holo/seed-141966_sample-2,model.cif,D,SRC-WT,Active (BLAminus),C-lobe Donor,A,NA,NA,NA,2.66,11.69,Intact,Intact,In,Packed,DFGin,BLAminus,NTin,CTin,59.99,74.42,16.56,12.29,118.06,6.55,14.66,2.87,7.4,2.18,2.98,3.2,3.09,4.11,7.25,9.93,4.1,8.54,3.83,3.68,3.29,3.49,0.88,0.9,9,9.22,9.11,a-csk-wtcat-holo_b-src-wtcat-py159-holo,"csk-wtcat-holo
src-wtcat-py159-holo",holo,"csk-wtcat-holo
src-wtcat-py159-holo",FALSE,FALSE,Holo,"csk-wtcat-holo
src-wtcat-py159-holo","csk-wtcat-holo
src-wtcat-py159-holo
[SRC = Holo]","csk-wtcat-holo
src-wtcat-py159-holo
[SRC = Holo]",State 8,Active (BLAminus),In,Intact,DFGin
a-csk-wtcat-holo_b-src-wtcat-py159-holo_seed-141966_sample-3_model,a-csk-wtcat-holo_b-src-wtcat-py159-holo/seed-141966_sample-3,model.cif,D,SRC-WT,Active (BLAminus),C-lobe Donor,A,NA,NA,NA,2.68,11.1,Intact,Intact,In,Packed,DFGin,BLAminus,NTin,CTin,57.71,72.82,16.81,12.38,141.33,6.69,15.08,3.06,5.28,1.87,2.31,3.95,3.1,4.12,7.32,9.93,4.05,8.51,3.92,3.77,3.25,3.46,0.89,0.91,8.92,9.02,8.97,a-csk-wtcat-holo_b-src-wtcat-py159-holo,"csk-wtcat-holo
src-wtcat-py159-holo",holo,"csk-wtcat-holo
src-wtcat-py159-holo",FALSE,FALSE,Holo,"csk-wtcat-holo
src-wtcat-py159-holo","csk-wtcat-holo
src-wtcat-py159-holo
[SRC = Holo]","csk-wtcat-holo
src-wtcat-py159-holo
[SRC = Holo]",State 8,Active (BLAminus),In,Intact,DFGin
a-csk-wtcat-holo_b-src-wtcat-py159-holo_seed-141966_sample-4_model,a-csk-wtcat-holo_b-src-wtcat-py159-holo/seed-141966_sample-4,model.cif,D,SRC-WT,Active (BLAminus),C-lobe Donor,A,NA,NA,NA,2.61,10.77,Intact,Intact,In,Packed,DFGin,BLAminus,NTin,CTin,61.04,75.33,16.64,12.18,145.21,6.54,14.51,3.13,4.77,2.21,2.71,4.31,3.05,4.12,7.25,9.99,4.2,8.51,3.91,3.48,3.48,3.5,0.88,0.9,9.23,9.26,9.25,a-csk-wtcat-holo_b-src-wtcat-py159-holo,"csk-wtcat-holo
src-wtcat-py159-holo",holo,"csk-wtcat-holo
src-wtcat-py159-holo",FALSE,FALSE,Holo,"csk-wtcat-holo
src-wtcat-py159-holo","csk-wtcat-holo
src-wtcat-py159-holo
[SRC = Holo]","csk-wtcat-holo
src-wtcat-py159-holo
[SRC = Holo]",State 7,Active (BLAminus),In,Intact,DFGin
a-csk-wtcat-holo_b-src-wtcat-py159-holo_seed-1504477_sample-0_model,a-csk-wtcat-holo_b-src-wtcat-py159-holo/seed-1504477_sample-0,model.cif,D,SRC-WT,Active (BLAminus),C-lobe Donor,A,NA,NA,NA,2.63,10.01,Intact,Intact,In,Packed,DFGin,BLAminus,NTin,CTin,60.35,77.28,16.4,12.12,150.08,6.74,14.87,2.9,7.28,2.28,2.91,3.58,3.09,4.03,7.3,10.01,4.2,8.49,3.97,3.48,3.22,3.49,0.86,0.89,9.25,9.92,9.59,a-csk-wtcat-holo_b-src-wtcat-py159-holo,"csk-wtcat-holo
src-wtcat-py159-holo",holo,"csk-wtcat-holo
src-wtcat-py159-holo",FALSE,FALSE,Holo,"csk-wtcat-holo
src-wtcat-py159-holo","csk-wtcat-holo
src-wtcat-py159-holo
[SRC = Holo]","csk-wtcat-holo
src-wtcat-py159-holo
[SRC = Holo]",State 7,Active (BLAminus),In,Intact,DFGin
a-csk-wtcat-holo_b-src-wtcat-py159-holo_seed-1504477_sample-1_model,a-csk-wtcat-holo_b-src-wtcat-py159-holo/seed-1504477_sample-1,model.cif,D,SRC-WT,Active (BLAminus),C-lobe Donor,A,NA,NA,NA,2.65,12.67,Intact,Intact,In,Packed,DFGin,BLAminus,NTin,CTin,60.84,77.34,17.26,12.51,124.13,6.55,14.7,2.93,6.54,2.25,2.65,4.22,3.03,4.04,7.28,9.95,4.1,8.58,3.9,3.71,3.49,3.47,0.88,0.9,8.81,9.3,9.05,a-csk-wtcat-holo_b-src-wtcat-py159-holo,"csk-wtcat-holo
src-wtcat-py159-holo",holo,"csk-wtcat-holo
src-wtcat-py159-holo",FALSE,FALSE,Holo,"csk-wtcat-holo
src-wtcat-py159-holo","csk-wtcat-holo
src-wtcat-py159-holo
[SRC = Holo]","csk-wtcat-holo
src-wtcat-py159-holo
[SRC = Holo]",State 8,Active (BLAminus),In,Intact,DFGin
a-csk-wtcat-holo_b-src-wtcat-py159-holo_seed-1504477_sample-2_model,a-csk-wtcat-holo_b-src-wtcat-py159-holo/seed-1504477_sample-2,model.cif,D,SRC-WT,Active (BLAminus),C-lobe Donor,A,NA,NA,NA,2.62,11.9,Intact,Intact,In,Packed,DFGin,BLAminus,NTin,CTin,60.95,74.84,16.63,12.61,139.87,6.61,14.56,2.98,4.4,2.27,2.93,3.97,3.06,4.03,7.27,10.01,4.09,8.49,3.94,3.7,3.29,3.47,0.86,0.89,9.89,9.83,9.86,a-csk-wtcat-holo_b-src-wtcat-py159-holo,"csk-wtcat-holo
src-wtcat-py159-holo",holo,"csk-wtcat-holo
src-wtcat-py159-holo",FALSE,FALSE,Holo,"csk-wtcat-holo
src-wtcat-py159-holo","csk-wtcat-holo
src-wtcat-py159-holo
[SRC = Holo]","csk-wtcat-holo
src-wtcat-py159-holo
[SRC = Holo]",State 8,Active (BLAminus),In,Intact,DFGin
a-csk-wtcat-holo_b-src-wtcat-py159-holo_seed-1504477_sample-3_model,a-csk-wtcat-holo_b-src-wtcat-py159-holo/seed-1504477_sample-3,model.cif,D,SRC-WT,Active (BLAminus),C-lobe Donor,A,NA,NA,NA,2.62,12.39,Intact,Intact,In,Packed,DFGin,BLAminus,NTin,CTin,60.34,62.54,16.32,11.79,142.25,6.58,14.67,2.63,6.98,2.52,2.95,2.67,3.17,4.25,7.3,9.98,4.15,8.44,3.71,3.46,3.12,3.56,0.86,0.88,9.87,10.41,10.14,a-csk-wtcat-holo_b-src-wtcat-py159-holo,"csk-wtcat-holo
src-wtcat-py159-holo",holo,"csk-wtcat-holo
src-wtcat-py159-holo",FALSE,FALSE,Holo,"csk-wtcat-holo
src-wtcat-py159-holo","csk-wtcat-holo
src-wtcat-py159-holo
[SRC = Holo]","csk-wtcat-holo
src-wtcat-py159-holo
[SRC = Holo]",State 7,Active (BLAminus),In,Intact,DFGin
a-csk-wtcat-holo_b-src-wtcat-py159-holo_seed-1504477_sample-4_model,a-csk-wtcat-holo_b-src-wtcat-py159-holo/seed-1504477_sample-4,model.cif,D,SRC-WT,Active (BLAminus),C-lobe Donor,A,NA,NA,NA,2.65,11.95,Intact,Intact,In,Packed,DFGin,BLAminus,NTin,CTin,59.83,76.66,17.32,13.01,141.41,6.68,15.09,3.06,4.6,2.23,2.56,3.3,3.09,4.11,7.29,10,4.05,8.46,3.96,3.75,3.45,3.48,0.87,0.89,9.45,9.76,9.61,a-csk-wtcat-holo_b-src-wtcat-py159-holo,"csk-wtcat-holo
src-wtcat-py159-holo",holo,"csk-wtcat-holo
src-wtcat-py159-holo",FALSE,FALSE,Holo,"csk-wtcat-holo
src-wtcat-py159-holo","csk-wtcat-holo
src-wtcat-py159-holo
[SRC = Holo]","csk-wtcat-holo
src-wtcat-py159-holo
[SRC = Holo]",State 8,Active (BLAminus),In,Intact,DFGin
a-csk-wtcat-holo_b-src-wtcat-py159-holo_seed-154722_sample-0_model,a-csk-wtcat-holo_b-src-wtcat-py159-holo/seed-154722_sample-0,model.cif,D,SRC-WT,Active (BLAminus),C-lobe Donor,A,NA,NA,NA,2.64,11.5,Intact,Intact,In,Packed,DFGin,BLAminus,NTin,CTin,59.19,79.34,15.17,10.86,118.04,6.59,14.43,2.88,5.32,1.98,2.54,3.71,3.01,4.05,7.28,9.97,4.03,8.57,3.94,3.76,3.39,3.44,0.88,0.9,9.37,9.34,9.36,a-csk-wtcat-holo_b-src-wtcat-py159-holo,"csk-wtcat-holo
src-wtcat-py159-holo",holo,"csk-wtcat-holo
src-wtcat-py159-holo",FALSE,FALSE,Holo,"csk-wtcat-holo
src-wtcat-py159-holo","csk-wtcat-holo
src-wtcat-py159-holo
[SRC = Holo]","csk-wtcat-holo
src-wtcat-py159-holo
[SRC = Holo]",State 8,Active (BLAminus),In,Intact,DFGin
a-csk-wtcat-holo_b-src-wtcat-py159-holo_seed-154722_sample-1_model,a-csk-wtcat-holo_b-src-wtcat-py159-holo/seed-154722_sample-1,model.cif,D,SRC-WT,Active (BLAminus),C-lobe Donor,A,NA,NA,NA,2.65,12.15,Intact,Intact,In,Packed,DFGin,BLAminus,NTin,CTin,58.62,74.4,16.45,11.89,130.78,6.69,15,3.16,6.82,2.13,2.87,3.45,3.07,4.11,7.33,10.02,4.11,8.49,3.93,3.79,3.32,3.49,0.87,0.9,9.07,9.57,9.32,a-csk-wtcat-holo_b-src-wtcat-py159-holo,"csk-wtcat-holo
src-wtcat-py159-holo",holo,"csk-wtcat-holo
src-wtcat-py159-holo",FALSE,FALSE,Holo,"csk-wtcat-holo
src-wtcat-py159-holo","csk-wtcat-holo
src-wtcat-py159-holo
[SRC = Holo]","csk-wtcat-holo
src-wtcat-py159-holo
[SRC = Holo]",State 8,Active (BLAminus),In,Intact,DFGin
a-csk-wtcat-holo_b-src-wtcat-py159-holo_seed-154722_sample-2_model,a-csk-wtcat-holo_b-src-wtcat-py159-holo/seed-154722_sample-2,model.cif,D,SRC-WT,Active (BLAminus),C-lobe Donor,A,NA,NA,NA,2.63,11.76,Intact,Intact,In,Packed,DFGin,BLAminus,NTin,CTin,56.8,73.36,16.81,12.44,147.34,6.63,14.79,3.18,4.77,1.84,2.59,4.89,2.97,4.06,7.34,9.97,4.04,8.4,4.01,3.82,3.23,3.49,0.88,0.9,8.8,9.37,9.09,a-csk-wtcat-holo_b-src-wtcat-py159-holo,"csk-wtcat-holo
src-wtcat-py159-holo",holo,"csk-wtcat-holo
src-wtcat-py159-holo",FALSE,FALSE,Holo,"csk-wtcat-holo
src-wtcat-py159-holo","csk-wtcat-holo
src-wtcat-py159-holo
[SRC = Holo]","csk-wtcat-holo
src-wtcat-py159-holo
[SRC = Holo]",State 8,Active (BLAminus),In,Intact,DFGin
a-csk-wtcat-holo_b-src-wtcat-py159-holo_seed-154722_sample-3_model,a-csk-wtcat-holo_b-src-wtcat-py159-holo/seed-154722_sample-3,model.cif,D,SRC-WT,Active (BLAminus),C-lobe Donor,A,NA,NA,NA,2.71,12.67,Intact,Intact,In,Packed,DFGin,BLAminus,NTin,CTin,60.89,78.56,16.99,10.16,131.28,6.59,14.95,2.99,5.72,2.06,3.61,3.84,2.99,4.09,7.29,9.98,4.03,8.53,3.97,3.7,3.4,3.48,0.88,0.9,9.09,9.32,9.21,a-csk-wtcat-holo_b-src-wtcat-py159-holo,"csk-wtcat-holo
src-wtcat-py159-holo",holo,"csk-wtcat-holo
src-wtcat-py159-holo",FALSE,FALSE,Holo,"csk-wtcat-holo
src-wtcat-py159-holo","csk-wtcat-holo
src-wtcat-py159-holo
[SRC = Holo]","csk-wtcat-holo
src-wtcat-py159-holo
[SRC = Holo]",State 8,Active (BLAminus),In,Intact,DFGin
a-csk-wtcat-holo_b-src-wtcat-py159-holo_seed-154722_sample-4_model,a-csk-wtcat-holo_b-src-wtcat-py159-holo/seed-154722_sample-4,model.cif,D,SRC-WT,Active (BLAminus),C-lobe Donor,A,NA,NA,NA,2.72,12.44,Intact,Intact,In,Packed,DFGin,BLAminus,NTin,CTin,60.54,73.41,16.28,11.68,119.72,6.63,14.77,3.2,6.49,2.06,2.87,3.8,3.05,4.05,7.28,9.99,4.08,8.5,3.84,3.8,3.46,3.56,0.86,0.89,9.37,10.1,9.73,a-csk-wtcat-holo_b-src-wtcat-py159-holo,"csk-wtcat-holo
src-wtcat-py159-holo",holo,"csk-wtcat-holo
src-wtcat-py159-holo",FALSE,FALSE,Holo,"csk-wtcat-holo
src-wtcat-py159-holo","csk-wtcat-holo
src-wtcat-py159-holo
[SRC = Holo]","csk-wtcat-holo
src-wtcat-py159-holo
[SRC = Holo]",State 8,Active (BLAminus),In,Intact,DFGin
a-csk-wtcat-holo_b-src-wtcat-py159-holo_seed-1593656_sample-0_model,a-csk-wtcat-holo_b-src-wtcat-py159-holo/seed-1593656_sample-0,model.cif,D,SRC-WT,Active (BLAminus),C-lobe Donor,A,NA,NA,NA,2.63,9.5,Intact,Intact,In,Packed,DFGin,BLAminus,NTin,CTin,62.89,72.1,15.56,11.75,145.83,6.7,14.69,3.08,4.6,2.12,2.25,2.78,3.04,4.14,7.24,9.93,4.26,8.47,3.97,3.47,3.61,3.47,0.88,0.9,9.43,9.39,9.41,a-csk-wtcat-holo_b-src-wtcat-py159-holo,"csk-wtcat-holo
src-wtcat-py159-holo",holo,"csk-wtcat-holo
src-wtcat-py159-holo",FALSE,FALSE,Holo,"csk-wtcat-holo
src-wtcat-py159-holo","csk-wtcat-holo
src-wtcat-py159-holo
[SRC = Holo]","csk-wtcat-holo
src-wtcat-py159-holo
[SRC = Holo]",State 7,Active (BLAminus),In,Intact,DFGin
a-csk-wtcat-holo_b-src-wtcat-py159-holo_seed-1593656_sample-1_model,a-csk-wtcat-holo_b-src-wtcat-py159-holo/seed-1593656_sample-1,model.cif,D,SRC-WT,Active (BLAminus),C-lobe Donor,A,NA,NA,NA,2.66,11.69,Intact,Intact,In,Packed,DFGin,BLAminus,NTin,CTin,60.87,73.71,16.46,12.29,136.81,6.63,14.66,3.1,5.52,2.16,2.93,4.08,3.04,4.06,7.32,10,4.22,8.47,4.02,3.4,3.46,3.49,0.88,0.9,9,9.47,9.23,a-csk-wtcat-holo_b-src-wtcat-py159-holo,"csk-wtcat-holo
src-wtcat-py159-holo",holo,"csk-wtcat-holo
src-wtcat-py159-holo",FALSE,FALSE,Holo,"csk-wtcat-holo
src-wtcat-py159-holo","csk-wtcat-holo
src-wtcat-py159-holo
[SRC = Holo]","csk-wtcat-holo
src-wtcat-py159-holo
[SRC = Holo]",State 7,Active (BLAminus),In,Intact,DFGin
a-csk-wtcat-holo_b-src-wtcat-py159-holo_seed-1593656_sample-2_model,a-csk-wtcat-holo_b-src-wtcat-py159-holo/seed-1593656_sample-2,model.cif,D,SRC-WT,Active (BLAminus),C-lobe Donor,A,NA,NA,NA,2.65,10.3,Intact,Intact,In,Packed,DFGin,BLAminus,NTin,CTin,58.52,73.88,15.84,11.57,136.36,6.84,15.19,2.93,5.22,2.23,3.15,3.54,3.08,4.22,7.2,9.97,4.16,8.52,3.9,3.41,3.39,3.47,0.86,0.89,9.89,9.63,9.76,a-csk-wtcat-holo_b-src-wtcat-py159-holo,"csk-wtcat-holo
src-wtcat-py159-holo",holo,"csk-wtcat-holo
src-wtcat-py159-holo",FALSE,FALSE,Holo,"csk-wtcat-holo
src-wtcat-py159-holo","csk-wtcat-holo
src-wtcat-py159-holo
[SRC = Holo]","csk-wtcat-holo
src-wtcat-py159-holo
[SRC = Holo]",State 7,Active (BLAminus),In,Intact,DFGin
a-csk-wtcat-holo_b-src-wtcat-py159-holo_seed-1593656_sample-3_model,a-csk-wtcat-holo_b-src-wtcat-py159-holo/seed-1593656_sample-3,model.cif,D,SRC-WT,Active (BLAminus),C-lobe Donor,A,NA,NA,NA,2.7,11.73,Intact,Intact,In,Packed,DFGin,BLAminus,NTin,CTin,58.84,71.31,16.4,12.58,115.19,6.76,14.96,3.05,8.92,2,2.51,3.54,3.07,4.11,7.27,10,4.07,8.49,3.98,3.72,3.31,3.5,0.88,0.9,8.97,9.31,9.14,a-csk-wtcat-holo_b-src-wtcat-py159-holo,"csk-wtcat-holo
src-wtcat-py159-holo",holo,"csk-wtcat-holo
src-wtcat-py159-holo",FALSE,FALSE,Holo,"csk-wtcat-holo
src-wtcat-py159-holo","csk-wtcat-holo
src-wtcat-py159-holo
[SRC = Holo]","csk-wtcat-holo
src-wtcat-py159-holo
[SRC = Holo]",State 8,Active (BLAminus),In,Intact,DFGin
a-csk-wtcat-holo_b-src-wtcat-py159-holo_seed-1593656_sample-4_model,a-csk-wtcat-holo_b-src-wtcat-py159-holo/seed-1593656_sample-4,model.cif,D,SRC-WT,Active (BLAminus),C-lobe Donor,A,NA,NA,NA,2.64,11.93,Intact,Intact,In,Packed,DFGin,BLAminus,NTin,CTin,60.12,73.92,16.55,12.26,138.38,6.61,14.65,3.14,5.61,2.1,3.55,4.53,2.99,4.07,7.28,9.91,4.09,8.48,3.96,3.71,3.5,3.47,0.88,0.9,8.79,9.13,8.96,a-csk-wtcat-holo_b-src-wtcat-py159-holo,"csk-wtcat-holo
src-wtcat-py159-holo",holo,"csk-wtcat-holo
src-wtcat-py159-holo",FALSE,FALSE,Holo,"csk-wtcat-holo
src-wtcat-py159-holo","csk-wtcat-holo
src-wtcat-py159-holo
[SRC = Holo]","csk-wtcat-holo
src-wtcat-py159-holo
[SRC = Holo]",State 8,Active (BLAminus),In,Intact,DFGin
a-csk-wtcat-holo_b-src-wtcat-py159-holo_seed-1749191_sample-0_model,a-csk-wtcat-holo_b-src-wtcat-py159-holo/seed-1749191_sample-0,model.cif,D,SRC-WT,Active (BLAminus),C-lobe Donor,A,NA,NA,NA,2.57,9.82,Intact,Intact,In,Packed,DFGin,BLAminus,NTin,CTin,56.04,59.23,15.25,11.43,118.13,6.74,14.73,2.74,5.58,2.04,2.36,3.17,3.14,4.21,7.35,9.96,4.11,8.5,3.84,3.54,3.08,3.43,0.85,0.88,9.74,10.51,10.12,a-csk-wtcat-holo_b-src-wtcat-py159-holo,"csk-wtcat-holo
src-wtcat-py159-holo",holo,"csk-wtcat-holo
src-wtcat-py159-holo",FALSE,FALSE,Holo,"csk-wtcat-holo
src-wtcat-py159-holo","csk-wtcat-holo
src-wtcat-py159-holo
[SRC = Holo]","csk-wtcat-holo
src-wtcat-py159-holo
[SRC = Holo]",State 4,Active (BLAminus),In,Intact,DFGin
a-csk-wtcat-holo_b-src-wtcat-py159-holo_seed-1749191_sample-1_model,a-csk-wtcat-holo_b-src-wtcat-py159-holo/seed-1749191_sample-1,model.cif,D,SRC-WT,Active (BLAminus),C-lobe Donor,A,NA,NA,NA,2.7,11.84,Intact,Intact,In,Packed,DFGin,BLAminus,NTin,CTin,59.09,76.52,16.77,11.95,134.86,6.68,14.89,3.06,5.55,1.99,2.78,4.88,3.05,4.09,7.26,10,4.04,8.49,3.94,3.77,3.42,3.54,0.86,0.89,9.38,9.97,9.68,a-csk-wtcat-holo_b-src-wtcat-py159-holo,"csk-wtcat-holo
src-wtcat-py159-holo",holo,"csk-wtcat-holo
src-wtcat-py159-holo",FALSE,FALSE,Holo,"csk-wtcat-holo
src-wtcat-py159-holo","csk-wtcat-holo
src-wtcat-py159-holo
[SRC = Holo]","csk-wtcat-holo
src-wtcat-py159-holo
[SRC = Holo]",State 8,Active (BLAminus),In,Intact,DFGin
a-csk-wtcat-holo_b-src-wtcat-py159-holo_seed-1749191_sample-2_model,a-csk-wtcat-holo_b-src-wtcat-py159-holo/seed-1749191_sample-2,model.cif,D,SRC-WT,Active (BLAminus),C-lobe Donor,A,NA,NA,NA,2.67,10.04,Intact,Intact,In,Packed,DFGin,BLAminus,NTin,CTin,61.63,75.14,16.8,12.08,149.57,6.77,15.09,3.08,5.01,1.93,2.42,5.07,3.09,4.15,7.28,10.06,4.07,8.54,3.97,3.69,3.31,3.53,0.86,0.89,9.54,10.26,9.9,a-csk-wtcat-holo_b-src-wtcat-py159-holo,"csk-wtcat-holo
src-wtcat-py159-holo",holo,"csk-wtcat-holo
src-wtcat-py159-holo",FALSE,FALSE,Holo,"csk-wtcat-holo
src-wtcat-py159-holo","csk-wtcat-holo
src-wtcat-py159-holo
[SRC = Holo]","csk-wtcat-holo
src-wtcat-py159-holo
[SRC = Holo]",State 8,Active (BLAminus),In,Intact,DFGin
a-csk-wtcat-holo_b-src-wtcat-py159-holo_seed-1749191_sample-3_model,a-csk-wtcat-holo_b-src-wtcat-py159-holo/seed-1749191_sample-3,model.cif,D,SRC-WT,Active (BLAminus),C-lobe Donor,A,NA,NA,NA,2.63,10.47,Intact,Intact,In,Packed,DFGin,BLAminus,NTin,CTin,59.3,76.23,16.71,11.9,134.61,6.64,15,3.08,7.21,2.23,3.24,3.21,3.05,4.11,7.25,9.97,4.01,8.51,4.01,3.77,3.4,3.49,0.85,0.88,9.8,10.22,10.01,a-csk-wtcat-holo_b-src-wtcat-py159-holo,"csk-wtcat-holo
src-wtcat-py159-holo",holo,"csk-wtcat-holo
src-wtcat-py159-holo",FALSE,FALSE,Holo,"csk-wtcat-holo
src-wtcat-py159-holo","csk-wtcat-holo
src-wtcat-py159-holo
[SRC = Holo]","csk-wtcat-holo
src-wtcat-py159-holo
[SRC = Holo]",State 8,Active (BLAminus),In,Intact,DFGin
a-csk-wtcat-holo_b-src-wtcat-py159-holo_seed-1749191_sample-4_model,a-csk-wtcat-holo_b-src-wtcat-py159-holo/seed-1749191_sample-4,model.cif,D,SRC-WT,Active (BLAminus),C-lobe Donor,A,NA,NA,NA,2.55,10.2,Intact,Intact,In,Packed,DFGin,BLAminus,NTin,CTin,60.45,74.09,16.44,11.93,127.62,6.7,14.91,2.98,8.3,2.42,2.56,3.36,3.07,4.03,7.27,10,4,8.56,4.01,3.77,3.5,3.48,0.86,0.89,9.83,9.94,9.88,a-csk-wtcat-holo_b-src-wtcat-py159-holo,"csk-wtcat-holo
src-wtcat-py159-holo",holo,"csk-wtcat-holo
src-wtcat-py159-holo",FALSE,FALSE,Holo,"csk-wtcat-holo
src-wtcat-py159-holo","csk-wtcat-holo
src-wtcat-py159-holo
[SRC = Holo]","csk-wtcat-holo
src-wtcat-py159-holo
[SRC = Holo]",State 8,Active (BLAminus),In,Intact,DFGin
a-csk-wtcat-holo_b-src-wtcat-py159-holo_seed-1759538_sample-0_model,a-csk-wtcat-holo_b-src-wtcat-py159-holo/seed-1759538_sample-0,model.cif,D,SRC-WT,Active (BLAminus),C-lobe Donor,A,NA,NA,NA,2.63,10.38,Intact,Intact,In,Packed,DFGin,BLAminus,NTin,CTin,60.08,74.6,16.55,12.25,125.84,6.82,15,3.09,6.5,2.4,3.32,3.4,3.05,4.14,7.28,10.02,4.09,8.51,3.93,3.72,3.41,3.5,0.85,0.88,9.58,10.3,9.94,a-csk-wtcat-holo_b-src-wtcat-py159-holo,"csk-wtcat-holo
src-wtcat-py159-holo",holo,"csk-wtcat-holo
src-wtcat-py159-holo",FALSE,FALSE,Holo,"csk-wtcat-holo
src-wtcat-py159-holo","csk-wtcat-holo
src-wtcat-py159-holo
[SRC = Holo]","csk-wtcat-holo
src-wtcat-py159-holo
[SRC = Holo]",State 8,Active (BLAminus),In,Intact,DFGin
a-csk-wtcat-holo_b-src-wtcat-py159-holo_seed-1759538_sample-1_model,a-csk-wtcat-holo_b-src-wtcat-py159-holo/seed-1759538_sample-1,model.cif,D,SRC-WT,Active (BLAminus),C-lobe Donor,A,NA,NA,NA,2.66,12.69,Intact,Intact,In,Packed,DFGin,BLAminus,NTin,CTin,61.17,74.93,16.84,12.25,141.56,6.82,15.41,3.02,6.45,2.29,3.11,3.28,3.08,4.06,7.2,9.94,4.05,8.61,3.81,3.73,3.54,3.5,0.86,0.89,9.39,9.99,9.69,a-csk-wtcat-holo_b-src-wtcat-py159-holo,"csk-wtcat-holo
src-wtcat-py159-holo",holo,"csk-wtcat-holo
src-wtcat-py159-holo",FALSE,FALSE,Holo,"csk-wtcat-holo
src-wtcat-py159-holo","csk-wtcat-holo
src-wtcat-py159-holo
[SRC = Holo]","csk-wtcat-holo
src-wtcat-py159-holo
[SRC = Holo]",State 8,Active (BLAminus),In,Intact,DFGin
a-csk-wtcat-holo_b-src-wtcat-py159-holo_seed-1759538_sample-2_model,a-csk-wtcat-holo_b-src-wtcat-py159-holo/seed-1759538_sample-2,model.cif,D,SRC-WT,Active (BLAminus),C-lobe Donor,A,NA,NA,NA,2.69,11.72,Intact,Intact,In,Packed,DFGin,BLAminus,NTin,CTin,56.88,73.32,15.84,10.21,133.25,6.78,14.92,2.98,5.76,2.23,2.69,3.82,3.06,4.08,7.29,10.02,4.06,8.51,3.97,3.72,3.34,3.47,0.88,0.9,8.69,9.21,8.95,a-csk-wtcat-holo_b-src-wtcat-py159-holo,"csk-wtcat-holo
src-wtcat-py159-holo",holo,"csk-wtcat-holo
src-wtcat-py159-holo",FALSE,FALSE,Holo,"csk-wtcat-holo
src-wtcat-py159-holo","csk-wtcat-holo
src-wtcat-py159-holo
[SRC = Holo]","csk-wtcat-holo
src-wtcat-py159-holo
[SRC = Holo]",State 8,Active (BLAminus),In,Intact,DFGin
a-csk-wtcat-holo_b-src-wtcat-py159-holo_seed-1759538_sample-3_model,a-csk-wtcat-holo_b-src-wtcat-py159-holo/seed-1759538_sample-3,model.cif,D,SRC-WT,Active (BLAminus),C-lobe Donor,A,NA,NA,NA,2.65,11.33,Intact,Intact,In,Packed,DFGin,BLAminus,NTin,CTin,60.43,75.32,16.04,11.75,127.63,6.64,14.96,2.98,5.64,2.28,2.64,4.13,3.02,4.18,7.25,9.96,4.08,8.5,3.96,3.74,3.27,3.47,0.87,0.89,9.37,9.69,9.53,a-csk-wtcat-holo_b-src-wtcat-py159-holo,"csk-wtcat-holo
src-wtcat-py159-holo",holo,"csk-wtcat-holo
src-wtcat-py159-holo",FALSE,FALSE,Holo,"csk-wtcat-holo
src-wtcat-py159-holo","csk-wtcat-holo
src-wtcat-py159-holo
[SRC = Holo]","csk-wtcat-holo
src-wtcat-py159-holo
[SRC = Holo]",State 8,Active (BLAminus),In,Intact,DFGin
a-csk-wtcat-holo_b-src-wtcat-py159-holo_seed-1759538_sample-4_model,a-csk-wtcat-holo_b-src-wtcat-py159-holo/seed-1759538_sample-4,model.cif,D,SRC-WT,Active (BLAminus),C-lobe Donor,A,NA,NA,NA,2.51,11.8,Intact,Intact,In,Packed,DFGin,BLAminus,NTin,CTin,59.3,73.67,16.21,11.48,123.13,6.69,14.92,2.83,5.77,2.03,2.63,4.3,3.17,3.99,7.15,9.97,4.12,8.45,3.91,3.64,3.22,3.51,0.87,0.89,9.73,9.8,9.77,a-csk-wtcat-holo_b-src-wtcat-py159-holo,"csk-wtcat-holo
src-wtcat-py159-holo",holo,"csk-wtcat-holo
src-wtcat-py159-holo",FALSE,FALSE,Holo,"csk-wtcat-holo
src-wtcat-py159-holo","csk-wtcat-holo
src-wtcat-py159-holo
[SRC = Holo]","csk-wtcat-holo
src-wtcat-py159-holo
[SRC = Holo]",State 7,Active (BLAminus),In,Intact,DFGin
a-csk-wtcat-holo_b-src-wtcat-py159-holo_seed-1797418_sample-0_model,a-csk-wtcat-holo_b-src-wtcat-py159-holo/seed-1797418_sample-0,model.cif,D,SRC-WT,Active (BLAminus),C-lobe Donor,A,NA,NA,NA,2.6,11.46,Intact,Intact,In,Packed,DFGin,BLAminus,NTin,CTin,61.19,74.52,16.26,11.99,108.01,6.7,14.82,3,8.9,2.28,2.33,3.29,3.05,4.04,7.32,9.99,4.05,8.52,4,3.74,3.65,3.49,0.87,0.89,9.33,9.95,9.64,a-csk-wtcat-holo_b-src-wtcat-py159-holo,"csk-wtcat-holo
src-wtcat-py159-holo",holo,"csk-wtcat-holo
src-wtcat-py159-holo",FALSE,FALSE,Holo,"csk-wtcat-holo
src-wtcat-py159-holo","csk-wtcat-holo
src-wtcat-py159-holo
[SRC = Holo]","csk-wtcat-holo
src-wtcat-py159-holo
[SRC = Holo]",State 8,Active (BLAminus),In,Intact,DFGin
a-csk-wtcat-holo_b-src-wtcat-py159-holo_seed-1797418_sample-1_model,a-csk-wtcat-holo_b-src-wtcat-py159-holo/seed-1797418_sample-1,model.cif,D,SRC-WT,Active (BLAminus),C-lobe Donor,A,NA,NA,NA,2.6,9.81,Intact,Intact,In,Packed,DFGin,BLAminus,NTin,CTin,58.88,75.72,15.95,11.95,134.08,6.72,14.85,3.05,5.68,2.42,3.36,3.31,3,4.09,7.27,10.01,4.07,8.43,3.95,3.7,3.31,3.54,0.86,0.89,9.3,10.01,9.66,a-csk-wtcat-holo_b-src-wtcat-py159-holo,"csk-wtcat-holo
src-wtcat-py159-holo",holo,"csk-wtcat-holo
src-wtcat-py159-holo",FALSE,FALSE,Holo,"csk-wtcat-holo
src-wtcat-py159-holo","csk-wtcat-holo
src-wtcat-py159-holo
[SRC = Holo]","csk-wtcat-holo
src-wtcat-py159-holo
[SRC = Holo]",State 8,Active (BLAminus),In,Intact,DFGin
a-csk-wtcat-holo_b-src-wtcat-py159-holo_seed-1797418_sample-2_model,a-csk-wtcat-holo_b-src-wtcat-py159-holo/seed-1797418_sample-2,model.cif,D,SRC-WT,Active (BLAminus),C-lobe Donor,A,NA,NA,NA,2.58,11.95,Intact,Intact,In,Packed,DFGin,BLAminus,NTin,CTin,60.02,73.26,16.49,12.31,135.45,6.75,14.88,2.99,6.1,2.3,3.41,4.24,3.09,4.11,7.27,9.97,4.07,8.48,4.04,3.78,3.27,3.49,0.86,0.88,9.95,10.06,10,a-csk-wtcat-holo_b-src-wtcat-py159-holo,"csk-wtcat-holo
src-wtcat-py159-holo",holo,"csk-wtcat-holo
src-wtcat-py159-holo",FALSE,FALSE,Holo,"csk-wtcat-holo
src-wtcat-py159-holo","csk-wtcat-holo
src-wtcat-py159-holo
[SRC = Holo]","csk-wtcat-holo
src-wtcat-py159-holo
[SRC = Holo]",State 8,Active (BLAminus),In,Intact,DFGin
a-csk-wtcat-holo_b-src-wtcat-py159-holo_seed-1797418_sample-3_model,a-csk-wtcat-holo_b-src-wtcat-py159-holo/seed-1797418_sample-3,model.cif,D,SRC-WT,Active (BLAminus),C-lobe Donor,A,NA,NA,NA,2.64,11.47,Intact,Intact,In,Packed,DFGin,BLAminus,NTin,CTin,60.47,75.24,15.97,11.85,129.88,6.7,15.03,2.84,5.39,2.64,2.74,3.73,3.05,4.07,7.26,9.96,4.07,8.47,3.82,3.67,3.34,3.47,0.87,0.89,8.96,9.71,9.34,a-csk-wtcat-holo_b-src-wtcat-py159-holo,"csk-wtcat-holo
src-wtcat-py159-holo",holo,"csk-wtcat-holo
src-wtcat-py159-holo",FALSE,FALSE,Holo,"csk-wtcat-holo
src-wtcat-py159-holo","csk-wtcat-holo
src-wtcat-py159-holo
[SRC = Holo]","csk-wtcat-holo
src-wtcat-py159-holo
[SRC = Holo]",State 8,Active (BLAminus),In,Intact,DFGin
a-csk-wtcat-holo_b-src-wtcat-py159-holo_seed-1797418_sample-4_model,a-csk-wtcat-holo_b-src-wtcat-py159-holo/seed-1797418_sample-4,model.cif,D,SRC-WT,Active (BLAminus),C-lobe Donor,A,NA,NA,NA,2.62,11.96,Intact,Intact,In,Packed,DFGin,BLAminus,NTin,CTin,57.42,70.27,16.52,12.52,141.34,6.89,15.34,3.12,6.67,1.9,2.65,3.86,3.05,4.03,7.19,9.98,4.06,8.46,3.83,3.66,3.48,3.47,0.88,0.9,8.62,9.49,9.05,a-csk-wtcat-holo_b-src-wtcat-py159-holo,"csk-wtcat-holo
src-wtcat-py159-holo",holo,"csk-wtcat-holo
src-wtcat-py159-holo",FALSE,FALSE,Holo,"csk-wtcat-holo
src-wtcat-py159-holo","csk-wtcat-holo
src-wtcat-py159-holo
[SRC = Holo]","csk-wtcat-holo
src-wtcat-py159-holo
[SRC = Holo]",State 3,Active (BLAminus),In,Intact,DFGin
a-csk-wtcat-holo_b-src-wtcat-py159-holo_seed-1911889_sample-0_model,a-csk-wtcat-holo_b-src-wtcat-py159-holo/seed-1911889_sample-0,model.cif,D,SRC-WT,Active (BLAminus),C-lobe Donor,A,NA,NA,NA,2.66,11.58,Intact,Intact,In,Packed,DFGin,BLAminus,NTin,CTin,61.11,70.95,16.69,12.41,143.87,6.75,15.02,2.97,4.54,2.62,2.38,4.52,3.13,4.05,7.27,9.99,4.11,8.49,4.01,3.77,3.27,3.49,0.86,0.88,9.71,10.06,9.89,a-csk-wtcat-holo_b-src-wtcat-py159-holo,"csk-wtcat-holo
src-wtcat-py159-holo",holo,"csk-wtcat-holo
src-wtcat-py159-holo",FALSE,FALSE,Holo,"csk-wtcat-holo
src-wtcat-py159-holo","csk-wtcat-holo
src-wtcat-py159-holo
[SRC = Holo]","csk-wtcat-holo
src-wtcat-py159-holo
[SRC = Holo]",State 8,Active (BLAminus),In,Intact,DFGin
a-csk-wtcat-holo_b-src-wtcat-py159-holo_seed-1911889_sample-1_model,a-csk-wtcat-holo_b-src-wtcat-py159-holo/seed-1911889_sample-1,model.cif,D,SRC-WT,Active (BLAminus),C-lobe Donor,A,NA,NA,NA,2.62,8.34,Intact,Intact,In,Packed,DFGin,BLAminus,NTin,CTin,61.34,74.22,16.02,11.51,128.95,6.68,15.03,2.89,6.06,2.08,2.37,4.22,3.06,4.08,7.28,9.98,4.04,8.55,3.94,3.74,3.23,3.46,0.88,0.9,8.6,9.44,9.02,a-csk-wtcat-holo_b-src-wtcat-py159-holo,"csk-wtcat-holo
src-wtcat-py159-holo",holo,"csk-wtcat-holo
src-wtcat-py159-holo",FALSE,FALSE,Holo,"csk-wtcat-holo
src-wtcat-py159-holo","csk-wtcat-holo
src-wtcat-py159-holo
[SRC = Holo]","csk-wtcat-holo
src-wtcat-py159-holo
[SRC = Holo]",State 3,Active (BLAminus),In,Intact,DFGin
a-csk-wtcat-holo_b-src-wtcat-py159-holo_seed-1911889_sample-2_model,a-csk-wtcat-holo_b-src-wtcat-py159-holo/seed-1911889_sample-2,model.cif,D,SRC-WT,Active (BLAminus),C-lobe Donor,A,NA,NA,NA,2.63,11.37,Intact,Intact,In,Packed,DFGin,BLAminus,NTin,CTin,60.34,75.81,16.79,12.4,134.58,6.66,14.88,2.98,6.91,2.28,2.98,3.28,3.06,4.11,7.26,10.03,4.19,8.53,3.95,3.45,3.55,3.49,0.85,0.88,9.7,10.22,9.96,a-csk-wtcat-holo_b-src-wtcat-py159-holo,"csk-wtcat-holo
src-wtcat-py159-holo",holo,"csk-wtcat-holo
src-wtcat-py159-holo",FALSE,FALSE,Holo,"csk-wtcat-holo
src-wtcat-py159-holo","csk-wtcat-holo
src-wtcat-py159-holo
[SRC = Holo]","csk-wtcat-holo
src-wtcat-py159-holo
[SRC = Holo]",State 7,Active (BLAminus),In,Intact,DFGin
a-csk-wtcat-holo_b-src-wtcat-py159-holo_seed-1911889_sample-3_model,a-csk-wtcat-holo_b-src-wtcat-py159-holo/seed-1911889_sample-3,model.cif,D,SRC-WT,Active (BLAminus),C-lobe Donor,A,NA,NA,NA,2.63,12.03,Intact,Intact,In,Packed,DFGin,BLAminus,NTin,CTin,59.6,74.81,16.29,11.92,114.15,6.75,15.13,3.01,5.75,1.98,2.75,4.15,3.1,5.08,7.35,10,4.18,8.53,3.95,3.45,3.48,3.49,0.87,0.89,8.95,9.81,9.38,a-csk-wtcat-holo_b-src-wtcat-py159-holo,"csk-wtcat-holo
src-wtcat-py159-holo",holo,"csk-wtcat-holo
src-wtcat-py159-holo",FALSE,FALSE,Holo,"csk-wtcat-holo
src-wtcat-py159-holo","csk-wtcat-holo
src-wtcat-py159-holo
[SRC = Holo]","csk-wtcat-holo
src-wtcat-py159-holo
[SRC = Holo]",State 7,Active (BLAminus),In,Intact,DFGin
a-csk-wtcat-holo_b-src-wtcat-py159-holo_seed-1911889_sample-4_model,a-csk-wtcat-holo_b-src-wtcat-py159-holo/seed-1911889_sample-4,model.cif,D,SRC-WT,Active (BLAminus),C-lobe Donor,A,NA,NA,NA,2.53,10.77,Intact,Intact,In,Packed,DFGin,BLAminus,NTin,CTin,59.62,62.31,15.75,11.48,144.79,6.68,14.79,2.7,4.91,2.48,2.31,2.85,3.16,4.14,7.25,9.94,4.03,8.53,3.63,3.87,3.22,3.41,0.86,0.88,9.88,10.5,10.19,a-csk-wtcat-holo_b-src-wtcat-py159-holo,"csk-wtcat-holo
src-wtcat-py159-holo",holo,"csk-wtcat-holo
src-wtcat-py159-holo",FALSE,FALSE,Holo,"csk-wtcat-holo
src-wtcat-py159-holo","csk-wtcat-holo
src-wtcat-py159-holo
[SRC = Holo]","csk-wtcat-holo
src-wtcat-py159-holo
[SRC = Holo]",State 4,Active (BLAminus),In,Intact,DFGin
a-csk-wtcat-holo_b-src-wtcat-py159-holo_seed-1967676_sample-0_model,a-csk-wtcat-holo_b-src-wtcat-py159-holo/seed-1967676_sample-0,model.cif,D,SRC-WT,Active (BLAminus),C-lobe Donor,A,NA,NA,NA,2.65,11.9,Intact,Intact,In,Packed,DFGin,BLAminus,NTin,CTin,62.1,74.78,16.77,12.09,148.73,6.68,15,2.96,4.84,2.01,2.15,4.31,3.05,4.08,7.22,9.97,4.04,8.47,3.87,3.66,3.28,3.49,0.88,0.9,8.66,9.39,9.03,a-csk-wtcat-holo_b-src-wtcat-py159-holo,"csk-wtcat-holo
src-wtcat-py159-holo",holo,"csk-wtcat-holo
src-wtcat-py159-holo",FALSE,FALSE,Holo,"csk-wtcat-holo
src-wtcat-py159-holo","csk-wtcat-holo
src-wtcat-py159-holo
[SRC = Holo]","csk-wtcat-holo
src-wtcat-py159-holo
[SRC = Holo]",State 8,Active (BLAminus),In,Intact,DFGin
a-csk-wtcat-holo_b-src-wtcat-py159-holo_seed-1967676_sample-1_model,a-csk-wtcat-holo_b-src-wtcat-py159-holo/seed-1967676_sample-1,model.cif,D,SRC-WT,Active (BLAminus),C-lobe Donor,A,NA,NA,NA,2.65,11.66,Intact,Intact,In,Packed,DFGin,BLAminus,NTin,CTin,59.6,76.92,16.45,12.4,113.56,6.73,15.01,2.9,5.78,2.3,2.88,4.19,3.03,4.16,7.28,9.95,4.3,8.45,3.77,3.57,3.98,3.49,0.89,0.9,8.62,9.21,8.91,a-csk-wtcat-holo_b-src-wtcat-py159-holo,"csk-wtcat-holo
src-wtcat-py159-holo",holo,"csk-wtcat-holo
src-wtcat-py159-holo",FALSE,FALSE,Holo,"csk-wtcat-holo
src-wtcat-py159-holo","csk-wtcat-holo
src-wtcat-py159-holo
[SRC = Holo]","csk-wtcat-holo
src-wtcat-py159-holo
[SRC = Holo]",State 7,Active (BLAminus),In,Intact,DFGin
a-csk-wtcat-holo_b-src-wtcat-py159-holo_seed-1967676_sample-2_model,a-csk-wtcat-holo_b-src-wtcat-py159-holo/seed-1967676_sample-2,model.cif,D,SRC-WT,Active (BLAminus),C-lobe Donor,A,NA,NA,NA,2.61,11.72,Intact,Intact,In,Packed,DFGin,BLAminus,NTin,CTin,60.45,74.47,16.44,9.63,143.58,6.67,14.96,3.13,7.18,2.34,2.86,3.62,3.06,4.12,7.3,9.98,4.08,8.53,3.99,3.77,3.27,3.47,0.9,0.91,8.4,8.81,8.61,a-csk-wtcat-holo_b-src-wtcat-py159-holo,"csk-wtcat-holo
src-wtcat-py159-holo",holo,"csk-wtcat-holo
src-wtcat-py159-holo",FALSE,FALSE,Holo,"csk-wtcat-holo
src-wtcat-py159-holo","csk-wtcat-holo
src-wtcat-py159-holo
[SRC = Holo]","csk-wtcat-holo
src-wtcat-py159-holo
[SRC = Holo]",State 8,Active (BLAminus),In,Intact,DFGin
a-csk-wtcat-holo_b-src-wtcat-py159-holo_seed-1967676_sample-3_model,a-csk-wtcat-holo_b-src-wtcat-py159-holo/seed-1967676_sample-3,model.cif,D,SRC-WT,Active (BLAminus),C-lobe Donor,A,NA,NA,NA,2.65,10.49,Intact,Intact,In,Packed,DFGin,BLAminus,NTin,CTin,58.58,75.7,16.22,11.75,136.31,6.76,14.96,2.93,5.37,2.07,2.79,4.66,3.1,4.1,7.27,9.97,4.08,8.45,3.88,3.71,3.32,3.47,0.88,0.9,8.85,9.35,9.1,a-csk-wtcat-holo_b-src-wtcat-py159-holo,"csk-wtcat-holo
src-wtcat-py159-holo",holo,"csk-wtcat-holo
src-wtcat-py159-holo",FALSE,FALSE,Holo,"csk-wtcat-holo
src-wtcat-py159-holo","csk-wtcat-holo
src-wtcat-py159-holo
[SRC = Holo]","csk-wtcat-holo
src-wtcat-py159-holo
[SRC = Holo]",State 8,Active (BLAminus),In,Intact,DFGin
a-csk-wtcat-holo_b-src-wtcat-py159-holo_seed-1967676_sample-4_model,a-csk-wtcat-holo_b-src-wtcat-py159-holo/seed-1967676_sample-4,model.cif,D,SRC-WT,Active (BLAminus),C-lobe Donor,A,NA,NA,NA,2.62,9.48,Intact,Intact,In,Packed,DFGin,BLAminus,NTin,CTin,61.4,75.12,16.12,12.15,139.53,6.7,14.96,3.25,4.59,2.2,2.11,3.74,3.05,4.17,7.17,9.97,4.2,8.44,3.89,3.37,3.28,3.44,0.87,0.89,9.5,9.56,9.53,a-csk-wtcat-holo_b-src-wtcat-py159-holo,"csk-wtcat-holo
src-wtcat-py159-holo",holo,"csk-wtcat-holo
src-wtcat-py159-holo",FALSE,FALSE,Holo,"csk-wtcat-holo
src-wtcat-py159-holo","csk-wtcat-holo
src-wtcat-py159-holo
[SRC = Holo]","csk-wtcat-holo
src-wtcat-py159-holo
[SRC = Holo]",State 7,Active (BLAminus),In,Intact,DFGin
a-csk-wtcat-holo_b-src-wtcat-py159-holo_seed-267368_sample-0_model,a-csk-wtcat-holo_b-src-wtcat-py159-holo/seed-267368_sample-0,model.cif,D,SRC-WT,Active (BLAminus),C-lobe Donor,A,NA,NA,NA,2.71,11.59,Intact,Intact,In,Packed,DFGin,BLAminus,NTin,CTin,60.2,75.74,16.35,12.13,154.81,6.67,14.85,3,4.87,2.35,3.07,3.76,3.09,4.08,7.24,9.88,4.09,8.5,3.86,3.77,3.4,3.48,0.88,0.9,8.79,9.44,9.11,a-csk-wtcat-holo_b-src-wtcat-py159-holo,"csk-wtcat-holo
src-wtcat-py159-holo",holo,"csk-wtcat-holo
src-wtcat-py159-holo",FALSE,FALSE,Holo,"csk-wtcat-holo
src-wtcat-py159-holo","csk-wtcat-holo
src-wtcat-py159-holo
[SRC = Holo]","csk-wtcat-holo
src-wtcat-py159-holo
[SRC = Holo]",State 8,Active (BLAminus),In,Intact,DFGin
a-csk-wtcat-holo_b-src-wtcat-py159-holo_seed-267368_sample-1_model,a-csk-wtcat-holo_b-src-wtcat-py159-holo/seed-267368_sample-1,model.cif,D,SRC-WT,Active (BLAminus),C-lobe Donor,A,NA,NA,NA,2.59,11.5,Intact,Intact,In,Packed,DFGin,BLAminus,NTin,CTin,59.98,75.33,16.72,12.01,127.19,6.61,15.04,2.88,5.57,1.9,2.68,4.87,3.08,4.13,7.25,9.97,4.21,8.49,4.01,3.43,3.52,3.45,0.87,0.89,9.34,9.99,9.66,a-csk-wtcat-holo_b-src-wtcat-py159-holo,"csk-wtcat-holo
src-wtcat-py159-holo",holo,"csk-wtcat-holo
src-wtcat-py159-holo",FALSE,FALSE,Holo,"csk-wtcat-holo
src-wtcat-py159-holo","csk-wtcat-holo
src-wtcat-py159-holo
[SRC = Holo]","csk-wtcat-holo
src-wtcat-py159-holo
[SRC = Holo]",State 7,Active (BLAminus),In,Intact,DFGin
a-csk-wtcat-holo_b-src-wtcat-py159-holo_seed-267368_sample-2_model,a-csk-wtcat-holo_b-src-wtcat-py159-holo/seed-267368_sample-2,model.cif,D,SRC-WT,Active (BLAminus),C-lobe Donor,A,NA,NA,NA,2.74,11.72,Intact,Intact,In,Packed,DFGin,BLAminus,NTin,CTin,58.83,75.95,16.47,12.28,141.56,6.77,15.05,3.14,6.24,1.83,2.89,3.96,3.1,4.17,7.21,9.97,4.06,8.59,3.95,3.67,3.33,3.48,0.87,0.89,9.62,9.59,9.61,a-csk-wtcat-holo_b-src-wtcat-py159-holo,"csk-wtcat-holo
src-wtcat-py159-holo",holo,"csk-wtcat-holo
src-wtcat-py159-holo",FALSE,FALSE,Holo,"csk-wtcat-holo
src-wtcat-py159-holo","csk-wtcat-holo
src-wtcat-py159-holo
[SRC = Holo]","csk-wtcat-holo
src-wtcat-py159-holo
[SRC = Holo]",State 8,Active (BLAminus),In,Intact,DFGin
a-csk-wtcat-holo_b-src-wtcat-py159-holo_seed-267368_sample-3_model,a-csk-wtcat-holo_b-src-wtcat-py159-holo/seed-267368_sample-3,model.cif,D,SRC-WT,Active (BLAminus),C-lobe Donor,A,NA,NA,NA,2.64,11.53,Intact,Intact,In,Packed,DFGin,BLAminus,NTin,CTin,60.6,76.97,16.98,12.17,144.94,6.79,15.23,3.24,6.26,2.39,3.63,3.89,3.14,4.15,7.17,9.98,4.23,8.6,3.91,3.43,3.74,3.5,0.87,0.9,9.03,9.67,9.35,a-csk-wtcat-holo_b-src-wtcat-py159-holo,"csk-wtcat-holo
src-wtcat-py159-holo",holo,"csk-wtcat-holo
src-wtcat-py159-holo",FALSE,FALSE,Holo,"csk-wtcat-holo
src-wtcat-py159-holo","csk-wtcat-holo
src-wtcat-py159-holo
[SRC = Holo]","csk-wtcat-holo
src-wtcat-py159-holo
[SRC = Holo]",State 7,Active (BLAminus),In,Intact,DFGin
a-csk-wtcat-holo_b-src-wtcat-py159-holo_seed-267368_sample-4_model,a-csk-wtcat-holo_b-src-wtcat-py159-holo/seed-267368_sample-4,model.cif,D,SRC-WT,Active (BLAminus),C-lobe Donor,A,NA,NA,NA,2.6,10.49,Intact,Intact,In,Packed,DFGin,BLAminus,NTin,CTin,59.86,74.23,16.74,12.36,135.84,6.8,15.33,3.04,5.69,2.45,3.41,3.61,3.03,4.13,7.21,9.96,4.16,8.5,3.89,3.42,3.28,3.47,0.87,0.89,9.29,9.82,9.55,a-csk-wtcat-holo_b-src-wtcat-py159-holo,"csk-wtcat-holo
src-wtcat-py159-holo",holo,"csk-wtcat-holo
src-wtcat-py159-holo",FALSE,FALSE,Holo,"csk-wtcat-holo
src-wtcat-py159-holo","csk-wtcat-holo
src-wtcat-py159-holo
[SRC = Holo]","csk-wtcat-holo
src-wtcat-py159-holo
[SRC = Holo]",State 7,Active (BLAminus),In,Intact,DFGin
a-csk-wtcat-holo_b-src-wtcat-py159-holo_seed-432028_sample-0_model,a-csk-wtcat-holo_b-src-wtcat-py159-holo/seed-432028_sample-0,model.cif,D,SRC-WT,Active (BLAminus),C-lobe Donor,A,NA,NA,NA,2.59,11.77,Intact,Intact,In,Packed,DFGin,BLAminus,NTin,CTin,60.78,74.71,16.58,12.26,122.91,6.62,14.83,2.99,6.56,2.27,2.94,3.5,3.08,4.17,7.21,9.95,4.09,8.54,3.79,3.66,3.36,3.46,0.87,0.89,9.46,9.58,9.52,a-csk-wtcat-holo_b-src-wtcat-py159-holo,"csk-wtcat-holo
src-wtcat-py159-holo",holo,"csk-wtcat-holo
src-wtcat-py159-holo",FALSE,FALSE,Holo,"csk-wtcat-holo
src-wtcat-py159-holo","csk-wtcat-holo
src-wtcat-py159-holo
[SRC = Holo]","csk-wtcat-holo
src-wtcat-py159-holo
[SRC = Holo]",State 8,Active (BLAminus),In,Intact,DFGin
a-csk-wtcat-holo_b-src-wtcat-py159-holo_seed-432028_sample-1_model,a-csk-wtcat-holo_b-src-wtcat-py159-holo/seed-432028_sample-1,model.cif,D,SRC-WT,Active (BLAminus),C-lobe Donor,A,NA,NA,NA,2.67,9.88,Intact,Intact,In,Packed,DFGin,BLAminus,NTin,CTin,61.2,75.08,17.22,12.72,146.76,6.72,15.09,3.02,5.58,2.33,3.22,4.34,3.1,4.17,7.21,10.01,4.08,8.51,3.85,3.73,3.37,3.52,0.86,0.88,10.04,10.61,10.32,a-csk-wtcat-holo_b-src-wtcat-py159-holo,"csk-wtcat-holo
src-wtcat-py159-holo",holo,"csk-wtcat-holo
src-wtcat-py159-holo",FALSE,FALSE,Holo,"csk-wtcat-holo
src-wtcat-py159-holo","csk-wtcat-holo
src-wtcat-py159-holo
[SRC = Holo]","csk-wtcat-holo
src-wtcat-py159-holo
[SRC = Holo]",State 8,Active (BLAminus),In,Intact,DFGin
a-csk-wtcat-holo_b-src-wtcat-py159-holo_seed-432028_sample-2_model,a-csk-wtcat-holo_b-src-wtcat-py159-holo/seed-432028_sample-2,model.cif,D,SRC-WT,Active (BLAminus),C-lobe Donor,A,NA,NA,NA,2.65,11.62,Intact,Intact,In,Packed,DFGin,BLAminus,NTin,CTin,60.19,74.78,17.08,12.71,145.48,6.74,15.06,3.03,6.53,2.35,3.13,4.57,3.03,4.04,7.36,9.98,4.07,8.51,4.03,3.75,3.32,3.5,0.87,0.89,9.18,9.68,9.43,a-csk-wtcat-holo_b-src-wtcat-py159-holo,"csk-wtcat-holo
src-wtcat-py159-holo",holo,"csk-wtcat-holo
src-wtcat-py159-holo",FALSE,FALSE,Holo,"csk-wtcat-holo
src-wtcat-py159-holo","csk-wtcat-holo
src-wtcat-py159-holo
[SRC = Holo]","csk-wtcat-holo
src-wtcat-py159-holo
[SRC = Holo]",State 8,Active (BLAminus),In,Intact,DFGin
a-csk-wtcat-holo_b-src-wtcat-py159-holo_seed-432028_sample-3_model,a-csk-wtcat-holo_b-src-wtcat-py159-holo/seed-432028_sample-3,model.cif,D,SRC-WT,Active (BLAminus),C-lobe Donor,A,NA,NA,NA,2.65,11.11,Intact,Intact,In,Packed,DFGin,BLAminus,NTin,CTin,60.25,75.62,15.92,11.86,140.55,6.62,14.81,2.98,6.76,2.28,3.22,3.38,3.07,4.09,7.21,9.96,4.26,8.48,3.93,3.37,3.42,3.49,0.86,0.89,9.38,10.09,9.73,a-csk-wtcat-holo_b-src-wtcat-py159-holo,"csk-wtcat-holo
src-wtcat-py159-holo",holo,"csk-wtcat-holo
src-wtcat-py159-holo",FALSE,FALSE,Holo,"csk-wtcat-holo
src-wtcat-py159-holo","csk-wtcat-holo
src-wtcat-py159-holo
[SRC = Holo]","csk-wtcat-holo
src-wtcat-py159-holo
[SRC = Holo]",State 7,Active (BLAminus),In,Intact,DFGin
a-csk-wtcat-holo_b-src-wtcat-py159-holo_seed-432028_sample-4_model,a-csk-wtcat-holo_b-src-wtcat-py159-holo/seed-432028_sample-4,model.cif,D,SRC-WT,Active (BLAminus),C-lobe Donor,A,NA,NA,NA,2.65,11.21,Intact,Intact,In,Packed,DFGin,BLAminus,NTin,CTin,59.1,77.26,15.11,11.58,146.41,6.76,14.79,2.96,4.74,2.22,2.41,3.33,3.03,4.12,7.23,9.94,4.22,8.57,4,3.43,3.35,3.48,0.86,0.89,9.77,10.02,9.89,a-csk-wtcat-holo_b-src-wtcat-py159-holo,"csk-wtcat-holo
src-wtcat-py159-holo",holo,"csk-wtcat-holo
src-wtcat-py159-holo",FALSE,FALSE,Holo,"csk-wtcat-holo
src-wtcat-py159-holo","csk-wtcat-holo
src-wtcat-py159-holo
[SRC = Holo]","csk-wtcat-holo
src-wtcat-py159-holo
[SRC = Holo]",State 7,Active (BLAminus),In,Intact,DFGin
a-csk-wtcat-holo_b-src-wtcat-py159-holo_seed-494456_sample-0_model,a-csk-wtcat-holo_b-src-wtcat-py159-holo/seed-494456_sample-0,model.cif,D,SRC-WT,Active (BLAminus),C-lobe Donor,A,NA,NA,NA,2.68,12.05,Intact,Intact,In,Packed,DFGin,BLAminus,NTin,CTin,60.68,71.46,15.97,11.62,112.08,6.72,15.09,2.88,6.81,2.23,2.49,4.19,3.03,3.99,7.14,9.94,4.13,8.51,3.85,3.67,3.26,3.48,0.87,0.89,8.92,9.68,9.3,a-csk-wtcat-holo_b-src-wtcat-py159-holo,"csk-wtcat-holo
src-wtcat-py159-holo",holo,"csk-wtcat-holo
src-wtcat-py159-holo",FALSE,FALSE,Holo,"csk-wtcat-holo
src-wtcat-py159-holo","csk-wtcat-holo
src-wtcat-py159-holo
[SRC = Holo]","csk-wtcat-holo
src-wtcat-py159-holo
[SRC = Holo]",State 7,Active (BLAminus),In,Intact,DFGin
a-csk-wtcat-holo_b-src-wtcat-py159-holo_seed-494456_sample-1_model,a-csk-wtcat-holo_b-src-wtcat-py159-holo/seed-494456_sample-1,model.cif,D,SRC-WT,Active (BLAminus),C-lobe Donor,A,NA,NA,NA,2.58,9.44,Intact,Intact,In,Packed,DFGin,BLAminus,NTin,CTin,61.64,61.44,15.79,12.24,121.89,6.7,14.82,2.73,4.96,2.9,2.85,3.53,3.13,4.17,7.27,9.9,4.15,8.45,3.75,3.52,3.21,3.46,0.84,0.87,10.05,11.01,10.53,a-csk-wtcat-holo_b-src-wtcat-py159-holo,"csk-wtcat-holo
src-wtcat-py159-holo",holo,"csk-wtcat-holo
src-wtcat-py159-holo",FALSE,FALSE,Holo,"csk-wtcat-holo
src-wtcat-py159-holo","csk-wtcat-holo
src-wtcat-py159-holo
[SRC = Holo]","csk-wtcat-holo
src-wtcat-py159-holo
[SRC = Holo]",State 4,Active (BLAminus),In,Intact,DFGin
a-csk-wtcat-holo_b-src-wtcat-py159-holo_seed-494456_sample-2_model,a-csk-wtcat-holo_b-src-wtcat-py159-holo/seed-494456_sample-2,model.cif,D,SRC-WT,Active (BLAminus),C-lobe Donor,A,NA,NA,NA,2.57,12.04,Intact,Intact,In,Packed,DFGin,BLAminus,NTin,CTin,58.56,78.47,15.59,11.26,124.01,6.66,14.89,3.01,5.53,1.9,3.43,3.11,3.1,4.12,7.29,9.98,4.02,8.48,3.97,3.8,3.23,3.53,0.86,0.88,9.58,10.49,10.04,a-csk-wtcat-holo_b-src-wtcat-py159-holo,"csk-wtcat-holo
src-wtcat-py159-holo",holo,"csk-wtcat-holo
src-wtcat-py159-holo",FALSE,FALSE,Holo,"csk-wtcat-holo
src-wtcat-py159-holo","csk-wtcat-holo
src-wtcat-py159-holo
[SRC = Holo]","csk-wtcat-holo
src-wtcat-py159-holo
[SRC = Holo]",State 8,Active (BLAminus),In,Intact,DFGin
a-csk-wtcat-holo_b-src-wtcat-py159-holo_seed-494456_sample-3_model,a-csk-wtcat-holo_b-src-wtcat-py159-holo/seed-494456_sample-3,model.cif,D,SRC-WT,Active (BLAminus),C-lobe Donor,A,NA,NA,NA,2.63,9.44,Intact,Intact,In,Packed,DFGin,BLAminus,NTin,CTin,64.43,70.16,15.82,11.84,146.72,6.74,14.87,3,4.63,1.95,2.16,3.23,3.05,4.09,7.27,9.98,4.07,8.58,4.03,3.75,3.47,3.46,0.86,0.89,9.3,10.38,9.84,a-csk-wtcat-holo_b-src-wtcat-py159-holo,"csk-wtcat-holo
src-wtcat-py159-holo",holo,"csk-wtcat-holo
src-wtcat-py159-holo",FALSE,FALSE,Holo,"csk-wtcat-holo
src-wtcat-py159-holo","csk-wtcat-holo
src-wtcat-py159-holo
[SRC = Holo]","csk-wtcat-holo
src-wtcat-py159-holo
[SRC = Holo]",State 8,Active (BLAminus),In,Intact,DFGin
a-csk-wtcat-holo_b-src-wtcat-py159-holo_seed-494456_sample-4_model,a-csk-wtcat-holo_b-src-wtcat-py159-holo/seed-494456_sample-4,model.cif,D,SRC-WT,Active (BLAminus),C-lobe Donor,A,NA,NA,NA,2.69,11.7,Intact,Intact,In,Packed,DFGin,BLAminus,NTin,CTin,62.1,68.84,15.91,11.81,148.24,6.79,14.99,2.92,4.49,2.15,2.01,3.7,3.14,4.1,7.23,10.02,4.19,8.55,3.94,3.42,3.47,3.48,0.85,0.88,9.63,10.42,10.03,a-csk-wtcat-holo_b-src-wtcat-py159-holo,"csk-wtcat-holo
src-wtcat-py159-holo",holo,"csk-wtcat-holo
src-wtcat-py159-holo",FALSE,FALSE,Holo,"csk-wtcat-holo
src-wtcat-py159-holo","csk-wtcat-holo
src-wtcat-py159-holo
[SRC = Holo]","csk-wtcat-holo
src-wtcat-py159-holo
[SRC = Holo]",State 7,Active (BLAminus),In,Intact,DFGin
a-csk-wtcat-holo_b-src-wtcat-py159-holo_seed-709596_sample-0_model,a-csk-wtcat-holo_b-src-wtcat-py159-holo/seed-709596_sample-0,model.cif,D,SRC-WT,Active (BLAminus),C-lobe Donor,A,NA,NA,NA,2.63,11.24,Intact,Intact,In,Packed,DFGin,BLAminus,NTin,CTin,59.58,73.22,16.37,11.85,109.77,6.69,15.08,2.99,6.37,2.11,2.82,4.87,3.1,4.03,7.2,10,4.21,8.48,3.86,3.39,3.5,3.47,0.85,0.88,9.9,10.33,10.12,a-csk-wtcat-holo_b-src-wtcat-py159-holo,"csk-wtcat-holo
src-wtcat-py159-holo",holo,"csk-wtcat-holo
src-wtcat-py159-holo",FALSE,FALSE,Holo,"csk-wtcat-holo
src-wtcat-py159-holo","csk-wtcat-holo
src-wtcat-py159-holo
[SRC = Holo]","csk-wtcat-holo
src-wtcat-py159-holo
[SRC = Holo]",State 7,Active (BLAminus),In,Intact,DFGin
a-csk-wtcat-holo_b-src-wtcat-py159-holo_seed-709596_sample-1_model,a-csk-wtcat-holo_b-src-wtcat-py159-holo/seed-709596_sample-1,model.cif,D,SRC-WT,Active (BLAminus),C-lobe Donor,A,NA,NA,NA,2.65,11.49,Intact,Intact,In,Packed,DFGin,BLAminus,NTin,CTin,59.08,75.69,17.16,12.7,152.79,6.72,14.91,2.85,5.46,2.32,3.2,4.78,3.01,4.04,7.23,10,4.25,8.57,4.06,3.41,3.27,3.48,0.87,0.9,9.62,9.48,9.55,a-csk-wtcat-holo_b-src-wtcat-py159-holo,"csk-wtcat-holo
src-wtcat-py159-holo",holo,"csk-wtcat-holo
src-wtcat-py159-holo",FALSE,FALSE,Holo,"csk-wtcat-holo
src-wtcat-py159-holo","csk-wtcat-holo
src-wtcat-py159-holo
[SRC = Holo]","csk-wtcat-holo
src-wtcat-py159-holo
[SRC = Holo]",State 7,Active (BLAminus),In,Intact,DFGin
a-csk-wtcat-holo_b-src-wtcat-py159-holo_seed-709596_sample-2_model,a-csk-wtcat-holo_b-src-wtcat-py159-holo/seed-709596_sample-2,model.cif,D,SRC-WT,Active (BLAminus),C-lobe Donor,A,NA,NA,NA,2.57,10.49,Intact,Intact,In,Packed,DFGin,BLAminus,NTin,CTin,60.87,70.86,16.54,12.29,131.13,6.73,15.04,3,6.32,2.2,3,3.32,3.08,4.09,7.21,9.98,4.01,8.41,3.86,3.67,3.17,3.48,0.88,0.9,9.45,9.35,9.4,a-csk-wtcat-holo_b-src-wtcat-py159-holo,"csk-wtcat-holo
src-wtcat-py159-holo",holo,"csk-wtcat-holo
src-wtcat-py159-holo",FALSE,FALSE,Holo,"csk-wtcat-holo
src-wtcat-py159-holo","csk-wtcat-holo
src-wtcat-py159-holo
[SRC = Holo]","csk-wtcat-holo
src-wtcat-py159-holo
[SRC = Holo]",State 3,Active (BLAminus),In,Intact,DFGin
a-csk-wtcat-holo_b-src-wtcat-py159-holo_seed-709596_sample-3_model,a-csk-wtcat-holo_b-src-wtcat-py159-holo/seed-709596_sample-3,model.cif,D,SRC-WT,Active (BLAminus),C-lobe Donor,A,NA,NA,NA,2.68,12.36,Intact,Intact,In,Packed,DFGin,BLAminus,NTin,CTin,58.57,73.3,17.88,13.53,139.37,6.82,15.47,3.07,3.98,1.85,2.14,4.91,3.13,4.13,7.19,9.95,4.21,8.52,3.57,3.41,3.13,3.49,0.88,0.9,9.44,9.42,9.43,a-csk-wtcat-holo_b-src-wtcat-py159-holo,"csk-wtcat-holo
src-wtcat-py159-holo",holo,"csk-wtcat-holo
src-wtcat-py159-holo",FALSE,FALSE,Holo,"csk-wtcat-holo
src-wtcat-py159-holo","csk-wtcat-holo
src-wtcat-py159-holo
[SRC = Holo]","csk-wtcat-holo
src-wtcat-py159-holo
[SRC = Holo]",State 7,Active (BLAminus),In,Intact,DFGin
a-csk-wtcat-holo_b-src-wtcat-py159-holo_seed-709596_sample-4_model,a-csk-wtcat-holo_b-src-wtcat-py159-holo/seed-709596_sample-4,model.cif,D,SRC-WT,Active (BLAminus),C-lobe Donor,A,NA,NA,NA,2.68,10.23,Intact,Intact,In,Packed,DFGin,BLAminus,NTin,CTin,58.21,63.13,15.72,11.27,125.02,6.69,14.83,2.66,5.79,1.85,2.31,3.1,3.17,4.08,7.27,9.86,4.05,8.45,3.69,3.91,3.13,3.44,0.85,0.88,9.85,10.53,10.19,a-csk-wtcat-holo_b-src-wtcat-py159-holo,"csk-wtcat-holo
src-wtcat-py159-holo",holo,"csk-wtcat-holo
src-wtcat-py159-holo",FALSE,FALSE,Holo,"csk-wtcat-holo
src-wtcat-py159-holo","csk-wtcat-holo
src-wtcat-py159-holo
[SRC = Holo]","csk-wtcat-holo
src-wtcat-py159-holo
[SRC = Holo]",State 4,Active (BLAminus),In,Intact,DFGin
a-csk-wtcat-holo_b-src-wtcat-py159-holo_seed-80590_sample-0_model,a-csk-wtcat-holo_b-src-wtcat-py159-holo/seed-80590_sample-0,model.cif,D,SRC-WT,Active (BLAminus),C-lobe Donor,A,NA,NA,NA,2.58,11.81,Intact,Intact,In,Packed,DFGin,BLAminus,NTin,CTin,59.41,77.91,16.42,12.24,132.56,6.66,14.81,3.01,5.86,2.44,2.59,3.66,3.11,4.12,7.27,10,4.11,8.44,4,3.72,3.39,3.5,0.87,0.89,9.03,9.71,9.37,a-csk-wtcat-holo_b-src-wtcat-py159-holo,"csk-wtcat-holo
src-wtcat-py159-holo",holo,"csk-wtcat-holo
src-wtcat-py159-holo",FALSE,FALSE,Holo,"csk-wtcat-holo
src-wtcat-py159-holo","csk-wtcat-holo
src-wtcat-py159-holo
[SRC = Holo]","csk-wtcat-holo
src-wtcat-py159-holo
[SRC = Holo]",State 8,Active (BLAminus),In,Intact,DFGin
a-csk-wtcat-holo_b-src-wtcat-py159-holo_seed-80590_sample-1_model,a-csk-wtcat-holo_b-src-wtcat-py159-holo/seed-80590_sample-1,model.cif,D,SRC-WT,Active (BLAminus),C-lobe Donor,A,NA,NA,NA,2.59,10.65,Intact,Intact,In,Packed,DFGin,BLAminus,NTin,CTin,59.34,73.91,14.96,11.34,145.93,6.76,14.68,2.99,4.73,2.39,2.81,2.88,3.02,4.11,7.25,9.97,4.11,8.41,3.99,3.61,3.23,3.47,0.87,0.9,9.67,9.57,9.62,a-csk-wtcat-holo_b-src-wtcat-py159-holo,"csk-wtcat-holo
src-wtcat-py159-holo",holo,"csk-wtcat-holo
src-wtcat-py159-holo",FALSE,FALSE,Holo,"csk-wtcat-holo
src-wtcat-py159-holo","csk-wtcat-holo
src-wtcat-py159-holo
[SRC = Holo]","csk-wtcat-holo
src-wtcat-py159-holo
[SRC = Holo]",State 7,Active (BLAminus),In,Intact,DFGin
a-csk-wtcat-holo_b-src-wtcat-py159-holo_seed-80590_sample-2_model,a-csk-wtcat-holo_b-src-wtcat-py159-holo/seed-80590_sample-2,model.cif,D,SRC-WT,Active (BLAminus),C-lobe Donor,A,NA,NA,NA,2.68,11.4,Intact,Intact,In,Packed,DFGin,BLAminus,NTin,CTin,56.92,75.85,16.3,12.26,148.48,6.75,15.14,3.03,5.15,1.87,2.87,3.44,3.08,4.17,7.21,9.95,4.14,8.46,3.9,3.41,3.43,3.47,0.87,0.9,9.4,9.61,9.5,a-csk-wtcat-holo_b-src-wtcat-py159-holo,"csk-wtcat-holo
src-wtcat-py159-holo",holo,"csk-wtcat-holo
src-wtcat-py159-holo",FALSE,FALSE,Holo,"csk-wtcat-holo
src-wtcat-py159-holo","csk-wtcat-holo
src-wtcat-py159-holo
[SRC = Holo]","csk-wtcat-holo
src-wtcat-py159-holo
[SRC = Holo]",State 7,Active (BLAminus),In,Intact,DFGin
a-csk-wtcat-holo_b-src-wtcat-py159-holo_seed-80590_sample-3_model,a-csk-wtcat-holo_b-src-wtcat-py159-holo/seed-80590_sample-3,model.cif,D,SRC-WT,Active (BLAminus),C-lobe Donor,A,NA,NA,NA,2.59,11.5,Intact,Intact,In,Packed,DFGin,BLAminus,NTin,CTin,60.06,76.94,16.41,11.86,149.49,6.68,14.76,2.95,5.37,2.16,2.56,4.76,3.06,4,7.29,9.94,4.08,8.48,4.02,3.71,3.31,3.48,0.87,0.89,9.79,9.54,9.66,a-csk-wtcat-holo_b-src-wtcat-py159-holo,"csk-wtcat-holo
src-wtcat-py159-holo",holo,"csk-wtcat-holo
src-wtcat-py159-holo",FALSE,FALSE,Holo,"csk-wtcat-holo
src-wtcat-py159-holo","csk-wtcat-holo
src-wtcat-py159-holo
[SRC = Holo]","csk-wtcat-holo
src-wtcat-py159-holo
[SRC = Holo]",State 8,Active (BLAminus),In,Intact,DFGin
a-csk-wtcat-holo_b-src-wtcat-py159-holo_seed-80590_sample-4_model,a-csk-wtcat-holo_b-src-wtcat-py159-holo/seed-80590_sample-4,model.cif,D,SRC-WT,Active (BLAminus),C-lobe Donor,A,NA,NA,NA,2.52,11.5,Intact,Intact,In,Packed,DFGin,BLAminus,NTin,CTin,59.9,77.16,16.91,10.32,142,6.7,14.77,3.07,5.69,2.39,3.03,4.45,3.14,4.01,7.25,9.97,4.1,8.6,3.85,3.74,3.48,3.48,0.87,0.89,9.31,9.8,9.55,a-csk-wtcat-holo_b-src-wtcat-py159-holo,"csk-wtcat-holo
src-wtcat-py159-holo",holo,"csk-wtcat-holo
src-wtcat-py159-holo",FALSE,FALSE,Holo,"csk-wtcat-holo
src-wtcat-py159-holo","csk-wtcat-holo
src-wtcat-py159-holo
[SRC = Holo]","csk-wtcat-holo
src-wtcat-py159-holo
[SRC = Holo]",State 8,Active (BLAminus),In,Intact,DFGin
